from,to
7239,8840
6749,998
4552,3037
4561,9682
4611,6148
9320,9287
3387,4574
310,9444
746,5783
4085,8693
6598,873
8794,293
5669,8846
1571,750
7741,5680
3900,6127
4420,2800
5168,3240
4438,1823
9181,85
4661,4779
5568,5877
9483,4665
1488,9478
8714,5372
7303,5582
7029,3232
6106,9912
5816,2886
9161,6090
1121,9036
2002,7871
9682,5079
176,7045
9150,3504
705,3509
385,9192
7446,3387
9213,2345
5043,9393
9726,651
8278,9260
9023,6704
1060,354
7494,3597
3455,3847
4298,693
8772,6627
2213,3043
6128,6897
9492,9379
5875,1670
3019,9262
1837,6412
3077,1825
6836,5851
6954,7961
4216,1683
809,973
6669,2648
3956,4775
5224,7034
3739,928
6741,6175
4465,6551
101,4064
5595,7870
5525,4253
6775,4098
8873,5469
1161,8661
2711,6119
9728,9641
448,5382
9351,9962
5946,604
663,8873
760,8662
2953,3809
3499,6600
5978,5352
4481,7813
9992,7796
9100,4268
8825,8423
1710,370
1258,7000
2848,8729
277,2719
3618,7818
5132,9133
4956,6340
8673,3446
3619,480
248,8732
4888,5568
6724,3769
1738,9236
9694,1432
1580,5609
2373,4481
1233,655
9839,8223
5747,4293
6429,3232
7827,1955
2524,5097
3674,2547
9336,3906
5726,6156
4571,1685
9009,7037
6387,2751
8339,8563
6530,5264
3832,5431
6655,341
5365,7863
2809,7519
2979,3151
1036,4223
965,7588
3660,3025
2102,8621
3038,5602
5068,4254
439,7936
1642,4050
331,4748
1665,4132
6487,1326
2677,9546
7195,1014
478,1087
8175,2666
1813,4123
5478,8433
4015,2546
2352,970
1622,6246
1145,4090
738,8361
5535,9728
3286,9907
9745,6903
7143,6748
4482,2728
7080,2774
2045,7048
240,4362
515,9813
4829,7262
3663,9129
6882,4640
5163,1161
4188,6258
1051,6364
6450,6194
8343,3771
5994,5188
9415,3282
3657,3806
1783,7872
8642,4880
297,272
1024,5710
4393,6180
6591,1483
2684,8459
8020,9843
2530,784
2284,2949
1722,5007
5186,4908
3860,7251
8987,9625
5906,1905
8363,4207
6280,5211
2698,5242
7267,9842
5697,7756
8774,1387
958,6070
1263,300
8008,5807
6216,1636
1196,7892
9513,1396
4885,3500
2986,8238
8522,5111
8086,824
5314,467
7996,2237
1939,8522
4783,7329
1271,3787
5901,3950
9103,8947
5933,1439
7730,664
5745,7497
1214,1330
8251,4545
672,6950
9996,14
334,7328
8872,2508
7825,8781
7429,9466
4288,6227
1794,6449
7639,2669
4707,8289
5335,6118
2987,3737
3222,2577
7651,3891
8519,5667
6902,6298
3797,8398
6399,744
9017,7578
7434,5649
9372,1698
9271,9606
8726,1289
894,198
9220,967
5980,5015
8215,8691
5451,2733
8889,111
991,1109
3163,3819
8525,4033
2394,1991
8406,2608
801,9576
8289,7849
935,2518
7895,8068
3593,4768
9896,5333
2290,3932
299,4438
5974,9311
6914,4528
8078,2405
1916,8677
9502,5198
3428,6909
2595,3893
1606,3306
6104,6446
5186,8442
6743,4060
1977,2314
7308,5564
7300,8722
2517,3681
5845,5232
6134,7117
2949,9108
4986,3816
3676,4022
8195,7376
1727,2303
4290,5854
6547,8234
9938,1745
7407,7848
8479,2681
8064,6186
756,7793
5639,9279
2642,1786
3565,5387
8620,1169
9382,5600
2847,7420
7571,5291
7008,3622
4561,3229
1725,4916
2464,9364
3989,9859
1822,4102
467,7728
5169,1194
6550,9284
3315,835
8604,8922
8567,1961
8492,511
59,8421
8051,6628
9222,7433
5063,9763
3904,411
1431,4876
4625,5740
6531,4906
9105,6056
6968,5303
1951,9260
899,1384
3245,5167
9463,7174
1577,5823
3098,5531
4150,5498
5130,4854
360,661
8604,4090
2783,3435
6885,6713
6171,7158
6609,6296
3006,6451
4225,1920
8447,6885
6962,833
8362,9625
1176,7634
3908,8849
5210,3257
6605,6432
5782,8563
2302,1233
4677,4017
9634,1172
7801,9696
1809,8389
9955,99
3783,6122
8962,4367
3220,6186
4310,5651
4732,8437
4162,8770
6159,7043
6927,6526
9906,8957
669,1218
9532,2866
9140,9291
3885,439
5081,9701
9528,367
2557,2478
5634,2802
6351,9465
8707,8413
7298,5794
3305,5078
265,9145
6763,3289
6862,3564
3563,4660
1458,8837
4965,4924
4366,2909
9316,8410
8761,2795
6996,2726
6098,8926
5458,9982
1597,9074
8335,579
5787,8770
339,4688
4321,6443
6031,743
3499,505
5851,5562
5897,3617
2493,7587
9511,9529
4187,5025
5131,8743
2328,6959
3752,2053
9386,4963
1935,2302
8061,1856
2997,24
1744,2952
8767,846
6524,1137
7369,2552
453,7266
9239,5529
7690,283
4931,6997
9958,4671
6053,4237
1305,6463
3249,4104
4176,6147
7785,6608
8048,6727
6659,7335
8931,8673
1094,6468
3385,5611
3870,2541
5487,4849
5167,8450
1197,8856
118,9012
5017,5176
8250,6176
7194,8008
6785,9916
8247,4805
2304,4221
1469,2510
9067,7282
1279,111
9754,4449
4648,5992
3132,860
8236,2490
4965,5088
284,6813
4019,4554
6056,529
8447,6437
3375,111
9838,5540
6643,8906
1159,7576
9671,2680
1359,319
7418,8663
6560,459
1501,238
8648,3834
5920,8673
8765,6438
4027,2736
9695,5755
8104,1853
4966,1152
3982,1064
5178,2724
9287,616
8002,7239
1891,5384
6708,1426
1222,764
1179,8435
5837,6687
7542,5097
3118,2299
7868,1929
173,6227
9598,9691
9499,4000
453,9844
5576,7510
7563,10000
4105,6547
9093,1547
5797,6132
6797,2205
3929,6323
239,5104
444,9648
8777,7327
5228,3547
9141,7613
359,9084
3299,2398
4582,9327
1183,8006
9556,7151
7139,444
604,6382
3749,6171
6224,1886
3552,2213
4742,8079
2304,5188
6493,1093
7351,8847
7629,1061
2253,9765
7820,5133
3268,8569
8621,8157
5609,7770
9235,6582
4598,765
1156,8733
3941,7017
5688,7579
7935,7007
7297,6548
7331,2932
964,7330
6546,8701
3589,238
9926,5462
1569,1515
2019,7935
3157,4543
7734,5667
4012,6910
7754,3286
37,9957
4185,3178
8499,5791
9279,2030
2989,3191
2939,1620
7718,8139
8063,8365
5304,3370
1030,4916
6841,3226
1909,2051
7232,7768
3370,7542
3617,3565
2433,4666
2739,2905
6118,6881
1234,4382
6276,3094
9216,1868
9756,3863
7559,4532
2785,4756
714,3468
3040,2802
121,7342
9134,6699
6339,8333
153,5142
5926,8469
9520,9535
9522,8637
8766,2403
2235,9052
7682,4459
7181,7701
1690,4482
9242,4385
1310,6228
8175,6424
8281,3925
6789,5915
4705,2923
7251,496
6104,5273
2032,1819
1723,728
182,774
7160,3060
1106,4797
5500,3633
9208,456
810,4153
8660,5878
7816,8931
5963,7794
8595,9632
6048,3957
2595,8277
7730,1192
6410,5216
3106,4467
3653,3498
5635,1047
6629,7160
5466,1349
6935,8237
1845,4505
3375,4703
600,3270
6532,5204
8690,4143
2852,8697
1310,7984
1080,4830
3205,7255
515,6130
6289,721
4,3623
9085,6549
6395,5554
8536,7511
5303,4177
6840,6011
9789,3417
2459,4135
7766,7867
2200,5491
4768,5298
3268,9647
3012,5611
6433,9969
6615,1
3313,3641
3258,9621
232,7235
3308,3687
8559,1369
9712,7651
6021,6706
6393,4394
9584,6219
177,1964
1729,1377
857,6879
1942,1688
5899,8623
1288,4282
4571,4578
3685,1695
5852,1430
2712,662
415,7946
6356,3854
1686,6694
1216,4883
3062,3511
8924,360
6395,2395
7729,3437
2229,1813
5191,861
7008,9438
7920,9927
8114,5513
3185,5079
8350,5904
4705,1441
3781,7456
122,5481
9868,9262
9149,8385
2776,4900
5250,5600
7446,3596
237,779
8391,7880
3499,8595
1113,2172
6492,8028
2641,9177
7867,1637
2883,4438
4408,3464
6980,2877
6598,2799
7079,6271
3136,2241
5924,2917
6503,7784
1479,8628
4679,9984
2196,2444
151,4031
2440,7277
6751,4203
5130,2695
3492,7036
3553,796
8799,7664
7359,1460
6652,9892
2619,4941
573,8982
220,9277
5486,9412
3185,1382
6228,1552
5854,2372
8751,8563
8193,2182
5375,5402
2355,8294
354,1714
4794,1207
3627,4428
3610,7482
3711,4060
6107,9677
3704,1972
1846,6497
6908,7432
6570,8070
56,974
9035,373
598,7236
9114,4281
2782,1341
2975,4875
3529,3961
7651,9241
2096,7904
5258,3395
2963,203
6573,3249
7126,5888
3014,6628
901,2424
9236,5480
136,7198
8847,4594
4817,7046
661,6780
6786,8727
2515,8490
7692,4375
9423,1896
5715,7665
3314,6226
3277,1269
4835,6591
201,5613
7102,3467
5404,1944
6500,8640
4070,4773
7436,1936
355,6685
1239,402
2062,5628
5873,6262
1840,1726
9460,6935
5606,2259
5558,3068
960,4574
3026,8762
9990,3360
6708,8298
565,2683
670,3234
9991,3382
7016,9219
481,6844
5636,6319
6454,5921
5423,6645
4920,8563
1028,3322
2462,4712
6763,9925
3410,2426
110,4582
6385,2188
891,4516
4709,311
7318,4851
8544,7413
6838,6175
2926,2905
2672,7527
4045,3753
2993,4872
4201,9994
3796,901
480,1687
4355,2352
9188,2269
5354,5272
3167,4229
3704,3087
5024,1774
8607,2038
707,1159
426,8183
767,8999
4542,3327
7769,7273
8377,166
1718,1255
9816,9644
9118,2817
1732,9458
700,1130
5228,4866
5730,2608
5438,2412
761,7174
6318,655
5174,5807
1241,5296
584,4457
8484,7657
8781,6020
797,4609
756,1166
4579,3684
2366,4524
5250,7935
590,2295
3654,4234
1215,4288
8801,7970
6565,5857
6519,3106
6971,2066
7526,7485
7020,2709
3780,5131
9021,2046
5120,6350
4999,7202
9690,6543
5010,3195
5215,1210
733,4390
3805,7219
6251,4986
6997,9187
7495,9380
2046,6851
8472,6467
8293,9699
9903,541
4738,920
9597,1180
4551,8256
8530,4569
1682,7635
1008,2835
6913,2280
3070,1068
549,6144
5080,7585
5662,2435
404,451
6630,2518
9759,6823
507,7734
3302,5350
9012,100
6945,1537
1860,5356
9577,5942
5020,7251
1434,2903
8331,5308
5860,5677
6321,392
7324,7209
7777,1272
783,2514
6965,2112
1382,1488
2683,7561
2676,996
1884,35
4813,6770
5197,4086
3089,8044
447,3635
70,7100
9810,908
836,6525
7654,3516
1529,5335
545,6436
6781,597
8045,3171
1055,2245
7929,5473
8302,1515
8607,3033
5781,8450
7846,3153
3534,9712
206,439
3159,9509
1208,6537
1185,2672
408,9665
1877,6782
3363,1212
5985,2928
6578,5861
4512,40
3401,4386
4216,9919
6353,6634
3197,9414
2689,6082
6531,439
6716,2611
8560,9927
6531,6938
432,9370
4971,3132
9042,4931
7881,4787
3968,2871
7674,1289
5836,8125
8021,2964
8806,523
2649,5424
6852,7261
3412,8643
1918,1724
5431,196
7831,2513
2276,383
8275,9087
6790,8873
4569,1918
6413,3390
5816,4771
4519,4280
6257,766
5146,1950
8481,2015
6557,5095
9282,6021
967,9481
872,677
4239,6083
2102,2083
3906,9011
2003,7328
7315,3380
9479,8705
8541,4664
7487,6551
7668,8670
4176,3200
4090,9488
8984,9930
6541,8940
400,1519
461,7789
7789,1489
956,1909
3686,1956
7566,2473
576,6386
3263,1625
6693,1967
4468,2347
6196,7466
7865,5378
8369,6460
1530,5008
5933,1632
3373,2229
5504,3759
1036,2451
3747,1526
6049,2624
3434,4775
2075,4871
1550,649
4845,9899
7337,8381
6564,5321
7258,2190
9817,5801
8089,3076
173,8928
9589,1157
8353,2374
9304,8
2248,5903
8588,9160
484,2280
8790,6449
1533,4447
8497,6906
9040,7791
5078,3566
7460,5047
6871,4601
2792,6790
7099,7276
7544,8406
4387,9566
510,114
8923,1951
2868,6820
8029,3401
2872,4400
5103,8389
7753,4967
5484,7543
4846,5768
4672,4584
2982,9001
3645,6126
1722,7822
7307,9386
1038,1620
4637,9213
8870,8077
6014,9047
8837,5240
6025,6494
9857,652
6216,3240
7043,8561
4853,5878
4250,2811
9708,5085
2335,8275
9025,2689
1378,212
830,1920
2020,2815
901,8360
7726,7468
180,8166
7471,1806
454,3308
6019,1409
6981,4974
2606,3634
5774,5434
5608,4155
7853,1169
6386,7641
9223,7350
2870,3596
5831,6498
9965,8587
7824,1458
1563,3202
8801,3886
7172,2153
4054,1798
7826,2722
5179,4362
7646,5182
2459,9591
5452,972
839,3545
2371,2351
7795,9650
4153,4331
8906,4213
5646,2092
6417,9903
8511,8115
8985,6963
2459,4478
5038,4864
3458,7075
3597,5170
9496,1929
2082,2353
6345,2739
8303,2153
4823,2937
5272,8887
2863,1284
6907,7629
6938,7814
6846,2931
9695,7252
7809,6170
2726,4130
6610,9630
7623,553
3151,4775
9040,6823
5302,9484
8709,8963
5416,5333
210,395
6732,6811
332,8956
2351,14
1094,9533
2841,5330
4528,8649
1036,4647
3625,3143
4390,6228
2245,9191
4533,2816
7513,8939
970,1836
3971,1712
8966,2400
8743,3832
6289,4241
756,3398
2041,1611
8694,8853
4983,7185
5412,548
3774,574
8409,3154
8973,6839
1200,9986
772,4255
5896,4971
3315,9734
2759,207
9933,6047
5307,390
9659,1693
5196,8294
8333,8553
4877,8817
1836,8546
7457,9579
427,466
6602,7031
7468,6937
5516,8253
2911,6825
8848,2250
1668,9677
2533,6340
6274,3814
9441,3975
9056,9347
5190,1009
2672,700
6031,9031
892,7083
3257,4546
1304,8680
3455,922
39,5856
1677,9773
2138,9249
6902,7707
6195,3044
7553,2945
9624,200
7966,8977
5202,71
8503,8794
7301,231
9169,9385
7370,4303
674,2940
7448,9539
5788,6094
6370,2255
391,1989
3017,8428
2941,132
4402,3346
6399,2316
7491,554
7605,6438
9926,6381
9075,8742
2768,111
279,9885
3771,3810
8382,3069
368,7433
1446,5785
7264,7146
9406,3513
5185,110
5306,5655
6358,2888
1011,7337
2199,191
1323,9803
8576,2346
2750,7768
4677,5191
3732,965
6339,1784
3731,3498
5522,9531
9601,9822
2263,5477
8551,9166
613,1226
4241,6537
9747,7867
6929,6507
6265,3404
8052,292
5716,2945
7084,9044
569,3061
4189,9782
4982,6790
6355,9862
8692,6608
1968,8032
5353,7028
1652,3319
4746,5717
2133,1422
6461,1120
7630,9830
3452,1477
6259,1029
5237,1078
7058,1295
767,1178
3205,772
5640,7215
2340,7238
1769,5402
8520,6021
9403,9516
6906,3240
8738,3907
8170,6058
7959,5177
1132,1295
3684,3165
8204,7154
2809,3101
7570,9948
4763,4829
6577,6643
6924,3574
4137,5293
5894,30
9516,2303
7616,8303
2366,6278
1923,6183
6661,3729
9591,9212
8816,7625
3638,6074
9796,6447
8146,2826
897,9264
3330,288
9908,1751
6503,8321
7382,1695
2125,2367
1217,6995
7486,1971
2706,2453
3488,2118
1658,6151
31,9116
158,9977
4709,493
1135,9583
1637,4865
8228,3742
8055,1512
2339,628
3645,4291
5358,4785
5940,8514
6026,1861
9063,9899
2747,8183
3566,2004
9708,5024
8611,3229
9674,2978
5845,6845
9952,1032
9589,6567
2509,7675
2014,3112
2017,6061
3266,5120
1175,8022
6431,1659
8076,5561
3840,6651
6030,4483
5296,3012
9039,7567
9785,1203
2489,8344
3754,3820
331,8508
2200,2943
8082,3034
9755,4021
7971,7736
8841,7949
4884,995
9456,1022
7962,4723
6061,8376
8253,7226
1706,5883
1336,6490
3587,8643
3053,432
2441,4591
7845,3073
8384,4653
7157,1983
4643,147
2780,4199
5063,4444
2905,443
8077,4366
5497,9399
9361,2356
6718,9186
4640,8941
5355,8403
4998,9215
5195,957
6597,8313
1858,6153
7666,8981
8492,1247
9289,8662
1649,4320
176,7763
1450,5010
3417,367
2557,9753
3954,1285
1923,5903
1078,5469
5963,3024
1190,1725
8968,9300
8786,2399
5189,1545
2705,2107
1017,3933
6993,8577
518,9493
9128,7013
4011,3789
1865,8071
1241,3485
1714,5277
8690,3315
6097,5584
429,2707
6727,7488
9766,2792
4133,8325
3,3525
8883,7075
6146,1325
1552,6601
8685,2507
6275,9286
7568,4815
815,3496
2129,6374
9366,4962
9565,181
9572,649
6484,881
300,5244
5067,8125
9745,2670
2815,881
4522,3058
5849,2132
9144,6449
7773,7158
660,8378
7196,189
8177,2519
4202,4378
3905,8663
4106,486
468,8414
341,2702
363,965
8025,5448
9754,9935
4910,1521
5339,6666
1300,2645
4943,2622
2488,1946
2864,6613
2229,2906
2995,775
7560,7083
9769,3361
1260,9580
7572,5409
5667,5422
4054,3440
582,3580
1572,588
931,6649
6010,4561
934,4357
1673,1284
4083,7915
4299,524
2703,3018
9015,1725
6046,5422
5664,4338
3158,7723
520,3590
6979,6517
8673,9215
7892,7918
1284,1704
4643,4701
3259,9050
8946,1543
7608,7366
1025,5293
777,9633
6284,5634
1139,8093
5376,8039
4779,4959
8366,8165
3748,6946
6696,6935
98,9672
4969,2161
3901,264
2993,5664
4993,3097
9694,9952
3698,5129
598,4276
2173,3690
1969,821
346,1466
5635,1914
2078,4189
5591,4545
7772,3417
3095,3991
8331,8526
184,970
9235,6208
4514,8808
2033,210
2525,6403
9179,7777
7719,8132
3789,9354
6018,9944
8673,8921
3051,3403
8492,8831
500,5504
6357,4767
5444,2907
7170,9445
7332,1851
8859,1795
9674,1735
7647,3738
5218,7604
6437,4993
7384,9632
8139,1685
6547,9438
7258,9565
603,1774
3147,6217
1243,6744
5474,951
8274,3525
9240,5985
1731,683
4216,8966
3804,963
5087,9155
3267,9064
4246,4942
9740,7102
331,5087
9416,4540
6331,3644
616,4103
1661,7967
8831,3133
2616,678
2837,2971
4340,822
5944,8347
1230,3821
5500,302
5765,4003
5059,7682
5777,7020
8920,7312
5763,6349
885,8693
4487,4264
2661,9834
6007,7845
8932,4594
8969,9983
9458,655
1129,8937
2118,6418
657,3691
2319,8877
6244,9869
2086,9030
1338,4478
8015,827
9509,2545
9807,6557
6387,3445
5079,7643
3148,8928
414,5579
875,8887
2605,2054
2250,3869
435,7601
3990,6869
4521,8708
5873,7557
8576,1017
4006,7801
1462,3251
8983,5633
5768,1753
8802,9977
2881,4797
6306,7443
3409,1149
3330,1474
9561,7541
108,2517
2274,5230
8752,4799
7997,4759
2416,4175
7093,1295
9160,1601
5457,8924
6395,1904
2997,2796
6840,2406
1976,5045
7579,6993
6017,8523
2768,5940
4522,8094
6883,4647
5847,7516
9347,3276
4304,3610
85,5296
9913,3883
6916,377
4834,522
4613,9890
2923,938
8649,8432
4240,3592
492,1216
9586,3225
3659,768
5349,1606
7090,7414
5734,848
3,7185
7173,3649
35,922
960,8593
8334,1574
7040,7457
9051,8667
4508,920
6522,7676
6203,1544
6729,8579
5336,3532
2614,8986
4926,2416
7087,2839
5698,3261
8805,7761
3424,2128
687,2755
814,5893
4651,4668
6205,3829
4831,9071
4877,5257
8366,4366
1424,6506
4422,1151
3207,2343
6309,440
584,6850
3468,6524
6353,728
7340,2450
2119,906
1325,9854
263,2940
286,2958
6205,9770
8230,9907
1363,5218
169,1642
9041,9938
6294,918
6643,5343
5981,2140
840,9279
5710,4859
8806,6196
6972,1877
2699,7429
9169,3839
831,4106
635,9761
7349,5859
564,8010
4912,742
9647,9427
8850,2420
2878,3726
5952,3063
7489,5691
3841,8778
4057,758
7749,5093
6138,1313
3139,2371
7967,3434
7370,5250
9047,8936
4873,118
9997,5063
9258,4218
885,3918
5272,4868
3698,1705
7474,5588
6325,7384
1368,1721
4352,6003
6882,7360
8857,3704
848,1706
6282,1939
1148,856
6005,1705
7420,2661
388,4624
4275,6161
6638,6046
3239,9414
4598,5085
6989,4809
7118,776
2656,3070
3657,357
5537,4872
1565,6255
5225,28
2023,8894
665,320
4665,5093
850,918
9006,9544
4289,2735
2447,9800
7570,8942
4798,8845
2453,7434
5374,8287
5534,5631
9974,9040
9526,8225
2795,6825
2144,4526
6538,896
2838,1567
4951,3027
8513,5467
1151,2436
7607,6121
6522,2224
7918,4527
909,5229
5439,1084
5612,816
342,8686
60,8873
5894,4320
8725,2108
4681,1284
5895,4716
6501,8409
5892,4453
7786,2665
3771,2758
8424,8610
4405,9626
3550,1535
9864,7330
1213,3842
2537,8144
7259,4720
4174,4530
947,9657
9569,9145
2953,5746
3617,646
4395,9825
979,8704
2019,5188
5046,6948
9146,1311
2787,1817
8167,4432
9747,7710
5508,1360
1450,6403
3841,9177
7842,4417
7730,6318
9123,5927
307,2812
7773,4370
6653,4747
3656,5192
3456,6656
2835,2592
2112,1171
3641,7154
5628,3095
6705,3511
7225,5787
5220,1868
1373,5469
682,6649
8535,4486
5277,1800
3916,9333
4111,4596
5469,9708
2184,1152
1428,7825
5703,4576
1869,9778
3049,9256
8290,4185
8008,6592
8894,6583
6955,3584
8723,3152
8603,62
8614,5874
8037,8593
9144,4355
8955,8272
5744,7399
38,3852
7076,4971
1734,9863
2391,609
8457,1696
844,9416
3882,2045
8360,582
3713,5955
1366,7573
5641,7220
2356,7352
4158,1685
8314,5401
1925,2507
4331,2688
3926,4370
2388,1729
8036,730
2817,1699
2381,6254
2303,7961
7388,7970
8220,7471
9564,5704
6970,6466
8471,6911
4179,3596
9165,2729
9479,4394
1936,8536
528,492
5452,3124
1174,3129
7348,971
9215,3805
4663,1029
654,3168
6594,3747
7548,4627
4271,3140
8980,6121
7739,1476
5544,5456
5989,1249
9714,5852
7489,634
1669,3678
5933,9815
1793,7542
4267,688
3924,8834
2013,8347
2014,3281
319,9572
3022,1848
9438,7099
5688,7216
6519,4437
4920,75
170,1664
7471,2129
5900,2616
892,251
7564,4990
3431,4603
2221,5931
5382,9990
3378,1697
6226,1887
9833,8010
2452,3554
8526,2304
4729,4809
6672,3912
8325,1166
9792,1899
5812,2702
7637,8195
8939,3270
2205,6958
4268,9981
8302,8562
2008,6654
3547,5182
5887,736
8578,5992
3124,9235
7026,8520
8476,4345
5849,3616
2020,8479
7387,2822
1986,8615
9472,4480
1908,9108
3940,7627
4965,9888
5202,7448
7390,2045
4346,1044
1001,5798
687,2482
4304,8562
158,4951
9316,885
6984,7761
2938,7298
6704,6565
3312,7440
2048,6627
3037,3848
4534,3689
374,6905
2764,4465
7772,2792
7717,6183
3411,167
7395,7404
1982,9184
7078,6304
5958,6223
7487,9087
4089,8057
8610,9323
335,4221
8842,1025
1256,3558
3734,6731
9410,2842
4881,4417
9894,2226
8272,8397
3217,1269
6020,2714
3057,9331
8015,5176
5029,1004
9171,9839
3127,4251
9158,3980
3590,7522
6834,589
4715,3
5993,4101
5725,2920
9653,9885
2080,8287
5837,9016
1320,6678
1300,144
8236,3103
8044,5970
7222,1072
6936,2227
3991,7609
5022,7086
6694,6051
7755,2235
265,3746
3921,6941
9372,630
9356,9992
8382,2452
9250,5276
300,8700
2952,5555
3445,422
3665,6083
1692,7998
7233,9137
8188,7113
8272,6723
9398,6611
7275,3631
4133,5527
3572,5317
1971,2970
9209,3973
8676,7860
5794,8015
7904,7692
1940,6438
9935,9823
611,9567
6636,1020
9892,3372
8220,2575
4048,4607
616,5464
292,8605
453,9495
6453,9585
8277,7303
8658,6090
2759,7396
8930,8403
6857,8618
9307,8732
5613,8587
1748,2522
8122,4093
7011,4440
9689,1918
7568,7320
9648,9252
4171,9130
9212,246
6201,9799
7735,3184
8745,9802
7689,9335
4500,2588
8346,2682
3859,5851
3317,7488
8923,4743
9817,8004
3331,8473
5561,5866
2166,6352
915,973
4436,4888
990,774
9971,1337
1356,4747
2818,3290
4543,8353
9822,6320
3592,5040
7678,9719
5706,7474
7593,8379
5309,7607
8264,147
3695,3624
2181,811
9701,6581
7458,7789
5839,3293
6503,3995
5065,1818
1571,1532
173,327
1123,4769
1798,3807
7793,9554
752,3652
3652,2969
7803,7752
9397,7739
9230,9483
5938,7182
4121,5697
4795,2988
2466,2847
5129,2835
2017,2546
590,678
7687,4509
7640,8691
7129,4333
400,4433
6555,2170
2095,7494
6055,7052
9423,9363
252,6903
8991,2685
6211,3765
5329,8633
3453,959
3341,7891
4905,7336
5769,3434
4386,6661
2176,9435
2068,1116
5566,3593
7695,4393
9630,5030
7556,5751
8314,3169
3708,8929
290,5692
4776,9381
8121,3880
2531,2209
9896,1055
1012,766
2981,398
5840,3221
3727,5693
9804,402
7328,2397
1856,8436
6565,6429
6326,1549
554,6952
146,4189
9422,3262
3708,2005
1430,6445
2488,2602
1758,3709
4423,233
3993,1589
2966,9121
3049,45
2052,5009
6970,2273
7858,7183
8857,6478
8771,3058
4099,8076
1410,3949
1368,9512
4770,7673
5022,7741
1488,8973
4945,1519
5573,6221
7448,4739
4985,8524
163,8190
3201,6190
1696,6441
7737,6367
4029,8142
1308,8506
8984,3633
8912,39
1395,158
2207,1445
4051,8235
9071,3967
983,9049
5251,6589
549,4733
2923,3690
3984,7029
9895,2318
1078,2313
4697,5479
3606,4000
4439,4905
238,8332
400,2063
2051,6003
2758,9612
7306,9579
6105,1923
4419,5184
6757,1551
8661,8853
642,5936
7540,3542
1529,3523
8767,7797
6998,7804
1302,1049
344,6802
2329,4383
5414,3720
300,8140
6556,9588
4199,5200
7938,5869
7961,4712
8990,2662
2892,5073
992,9185
8835,8996
3355,1538
3056,7106
3940,1521
2195,4589
7730,3867
4397,8176
4774,182
7571,7500
1668,4143
6109,7537
4335,1778
7614,4373
5810,5205
2766,6964
2331,1026
3778,3012
6034,4543
3517,7635
1559,875
3056,1823
8458,4407
5006,8946
8628,3630
6427,3416
339,5090
1074,9263
8018,2037
9076,9658
6326,2018
1470,1778
4501,5670
164,2009
1442,7085
2842,8236
7715,989
2034,5492
596,6649
4159,7881
2308,2675
9208,3828
1708,6722
9176,1167
3648,9019
5218,9596
3342,4095
785,5023
7188,7809
78,8456
8446,2434
5707,1265
2172,6523
8428,9920
3122,678
4837,5705
2506,4410
5054,1668
4340,6113
5748,7670
4461,2327
8201,6063
8957,8305
347,9151
8554,4856
5234,9909
6955,1761
5539,2374
6199,6682
9106,8854
715,7186
7204,7735
314,9398
786,9371
1582,356
5401,7095
285,733
7407,950
8456,9052
240,630
6253,9134
4262,740
6268,7517
3847,3263
8102,2173
2312,8555
3009,4049
576,8485
2824,7659
6519,3214
5919,2415
9277,3238
1461,1442
2007,7046
8642,9748
7923,4649
8720,3047
8461,5416
885,123
971,2865
1806,4056
3651,3491
168,9847
7932,1993
9704,990
5137,4704
2379,4038
3938,8167
359,8506
8261,3122
6096,2013
5786,9275
726,552
2204,5414
7100,9664
3043,8094
5956,7248
5686,113
8469,6968
1149,2373
222,6402
7317,166
8357,6348
909,6190
7048,3159
7133,9903
8245,7259
5735,7936
3685,2421
53,385
6786,9134
6850,3852
8890,4969
9717,6762
428,8008
5815,7519
2543,1435
7830,4548
9665,9255
8674,9999
9037,8847
3796,4961
3414,4242
5359,3372
9264,5233
5694,254
350,8106
4429,7054
8485,7845
3188,9890
7520,2699
5950,4923
637,1278
104,718
2996,3130
8964,8927
4088,1686
1917,4716
7206,8998
8293,4371
1531,384
1227,4273
4162,648
3800,40
8938,6795
6312,6412
5685,7189
198,8619
4413,9775
47,279
6498,9304
2809,3841
8063,2911
8205,7251
2586,8042
6287,6681
521,3302
5694,61
9730,4732
3895,2479
6059,428
3508,6029
3552,8441
6850,8388
2051,7649
9328,8931
9470,9191
3571,4280
8660,7710
6198,346
8869,9364
9119,2243
6096,792
8317,679
195,2938
5757,3589
2094,2590
2300,2377
2373,6397
1415,4667
5556,4488
9550,4296
4637,4921
7047,9402
4060,9688
2894,3159
2652,4918
4202,5171
3219,4938
8379,2371
4904,5718
3344,6512
2821,5493
7845,4147
5031,1251
1129,8291
7570,7256
2237,40
8722,7795
313,7515
8412,9824
2169,7580
483,2677
9700,8079
9542,9727
7933,9524
4966,1363
7762,4754
9590,6499
9506,8688
1483,6736
124,4192
4115,7847
4434,4360
194,4473
460,3197
1399,9306
9017,6894
4157,9238
9089,8666
7805,4235
1157,5840
1345,3943
3944,1729
2691,5919
8471,980
6788,9336
8963,54
3177,1750
7152,3819
6944,3807
2901,7349
880,507
4244,2352
5182,3051
996,5704
5132,1234
1129,3528
6764,4420
6294,608
6146,3978
248,5218
7335,9983
5651,1497
8282,363
7803,1542
2209,1417
505,488
1501,2646
3741,567
1867,1737
2370,4478
1863,7769
2301,2371
5563,3264
7455,787
9109,5162
9018,1647
5191,5209
64,4925
7096,2521
6295,4413
2184,5723
5945,1545
7312,9376
2552,2599
4632,7188
5983,3374
5266,1284
3091,5859
67,4477
6184,3855
2466,5379
9568,5998
5241,5370
1742,5271
4889,4261
2409,3683
9178,7257
6652,8156
7535,4572
6490,7379
296,1359
3967,878
3729,7590
8785,28
3144,9232
4821,5222
4748,8247
1214,3365
4912,8806
1105,2090
3023,7810
6836,2829
2810,9430
9444,7045
9165,4639
5574,8720
5535,2432
7573,6417
5960,2627
4538,2084
1741,4701
8314,670
3111,6109
1881,9141
9393,5521
3084,8921
7024,1508
6204,1519
2157,8936
3991,8472
9070,6316
9744,3010
1075,3418
4726,4314
539,6064
1395,637
3095,6008
5803,5978
3894,4614
644,9941
7680,7054
6884,874
8607,5312
7302,2236
534,3009
6087,90
7397,9111
1805,8604
3285,9504
4742,4432
4126,8688
5118,5051
1785,3381
4571,6750
1631,1224
9491,5095
2352,8579
4637,2769
9983,9113
2453,7609
3114,4567
9624,2845
1416,7829
3455,6979
3820,6776
6249,3892
4614,1639
1681,867
4056,1608
7503,5918
3173,2695
1658,7312
2757,5170
1467,5632
5910,7460
5037,1337
3405,3260
4864,9127
3498,4313
6924,3563
7465,1556
3219,8459
1989,8490
4751,7849
9463,8213
1963,622
4860,5526
9310,275
3812,9617
1873,7148
8823,8980
754,642
9858,2645
4449,8363
2111,3752
7672,6807
6275,1130
8791,7578
2384,108
7005,9777
475,9471
8531,7587
3864,7289
4962,806
4689,2514
9285,9770
9013,8558
4441,7846
2414,4086
6544,5805
4251,2901
1877,7884
1915,4140
7082,9059
7947,2370
2494,3086
6823,4204
6698,1519
2573,6325
9546,9850
7455,7418
7337,4541
7894,2324
5333,5241
7156,5011
6785,2417
1954,292
6889,7550
4296,607
5616,4860
6251,6655
2966,901
2400,2702
3942,9304
7151,6909
6107,1558
2082,301
802,9753
9005,1885
7066,7329
5496,4848
4520,8763
936,4586
3623,2944
1116,2439
9389,3544
1058,9544
7001,506
1241,6139
1881,7217
4546,6309
951,2252
5056,3935
5411,9090
3054,3115
6940,5391
4303,2481
7864,7424
6145,4906
7332,3191
1931,40
2725,1260
5333,1648
8508,672
1719,1109
2983,286
6506,2034
437,4657
4346,6580
978,9068
701,9602
7216,4858
4077,4217
3046,1987
7681,2152
5042,3175
3018,8469
9243,6698
3721,7531
2626,9852
4286,1953
8006,4676
1099,4487
4390,1080
6102,7487
8001,6907
1134,8902
265,8772
6309,1390
1750,9159
7148,4057
4887,1651
7820,3220
7732,9031
1856,990
991,4097
129,4563
6808,1269
3817,5225
7872,1030
5944,4822
1221,7700
7573,3436
220,2978
1596,355
9916,3938
5318,2033
4807,3760
2662,5672
2484,7128
9744,1548
1703,1253
4324,671
8835,1463
3736,5339
5798,7791
4675,7692
1122,122
6678,1495
363,2952
9637,5643
3596,6824
2115,6483
2324,4354
9804,5460
8718,1744
7371,3609
415,5945
2604,921
7097,9564
9948,5666
6972,9302
3196,2484
6971,1569
2181,6412
4316,3289
2821,5643
4633,5979
2375,8371
1812,4780
9537,3342
2344,5347
9799,8458
9770,8964
7213,3013
1822,5514
345,769
7334,1776
6295,9540
5109,2653
1478,9614
9186,3306
7919,6840
5032,1440
4870,1014
9178,4947
3146,3672
7636,453
22,7283
7261,5544
4490,2150
6536,6100
8099,9340
6137,3025
7526,3310
5124,3826
1981,6306
9938,3534
552,2340
2093,620
7109,7311
9579,5322
5850,4807
1015,5466
1310,9750
2378,6282
6135,8450
409,4734
5775,3784
520,1228
2976,3799
9388,5140
8542,2331
190,1034
9524,5444
8716,4098
2454,8018
4313,566
3317,5343
7333,8215
4482,7130
295,7901
9498,2187
4678,3245
5375,5400
3015,8006
3271,1363
4257,6120
637,957
1532,8306
9462,6428
7048,6230
2206,2884
3450,1211
8289,9221
6721,2398
7493,9200
4839,5703
2356,1287
9923,2227
4264,7680
155,5043
1903,9270
8150,3488
2510,5309
1152,3850
1442,6384
7431,8876
8929,4456
8578,6973
2399,4906
6785,9029
7261,5838
9887,1273
5916,5832
2948,7190
8782,6277
9415,3254
3565,8676
4001,3474
6598,846
2316,7957
8269,6851
6907,1704
3108,1235
2227,4591
6,613
3463,5375
3661,4024
1809,7418
8643,4003
4396,6777
7382,5195
7391,9156
3253,1361
6004,4673
3687,3365
9782,4871
2331,7451
3160,6558
1865,7144
9187,9878
39,6425
3592,1472
4952,6816
7635,108
2784,5725
4208,9488
3218,7765
2536,1889
4570,289
7907,8321
2582,6229
5217,5590
1759,1195
8020,8403
9126,7515
7189,7125
5145,6922
5319,4268
4436,5181
617,8596
4548,3400
9700,8959
40,8567
7364,9328
2448,6167
3716,759
9335,4882
8370,5140
925,1318
8017,2090
8909,4225
9614,9073
8974,6251
3738,7575
420,5296
1509,6197
9686,4825
1356,8554
8346,2709
3465,262
3181,2777
7353,3557
1391,4241
268,2390
3834,7681
8421,4886
2643,2749
144,7758
9818,1810
2611,7638
4588,6831
909,3700
3544,6707
3132,3573
254,6052
9499,6599
3458,8169
3799,2881
2240,5253
4739,7039
4554,6577
3250,8349
6093,5668
1329,8880
4162,9425
2263,1932
4624,5070
4,8981
2990,7916
7767,197
1110,9272
4828,694
8485,7469
5410,5693
1807,1507
6555,84
6896,5384
8764,2435
4765,3497
2388,442
9401,8222
4378,6284
772,6575
623,1947
8237,6727
8370,2861
632,8275
3314,7304
2874,4247
4430,6143
7473,5006
4248,5929
5729,3467
3881,1658
2585,6561
9982,1392
1892,9563
4847,636
6524,6953
5456,2987
168,1447
9601,6481
9030,8332
160,2417
2244,7148
2447,1498
8936,2122
6847,3505
6592,3454
5003,7959
7284,543
8226,6424
5927,9325
4476,7712
8780,5789
6637,4857
2980,9762
3240,9941
9014,2916
4203,7652
7736,4144
5096,19
6426,9532
8931,1745
7890,389
9543,3855
817,5783
1668,8756
6277,3432
7603,9386
4840,5457
970,6312
565,1322
3482,781
890,737
9733,6134
7577,4743
7358,2972
4633,5735
7721,5821
2202,1396
3857,5941
150,2142
2104,4745
2610,240
7769,559
6164,6281
7977,125
4558,5412
2844,205
9080,7479
3764,6506
2380,6309
7749,475
4459,9040
371,7864
5709,5919
8109,2333
5766,1127
2819,3642
1939,9017
8594,2484
724,6376
960,9068
8836,1861
9682,6586
9971,4777
6348,3142
8565,8206
7696,4050
3314,1946
9655,1975
4974,9177
4606,4923
7028,2774
4904,3644
1180,1622
3457,8188
364,2450
2754,7352
5674,3503
912,4695
9167,4859
7407,8955
7142,9237
629,5847
3108,5641
1609,6414
4418,4440
8473,4755
4198,9792
3707,6051
7744,2861
395,2763
6752,7979
9908,854
9300,5415
9866,6263
7503,7953
3795,4416
758,7376
8134,8221
6916,82
4395,4800
333,5678
6386,1274
5535,921
8304,3698
4708,6049
3092,3989
7748,7881
6968,6442
1112,5697
7587,9792
3753,4288
3803,9159
6087,3729
1240,4440
501,1353
3603,7074
1938,7281
9533,7394
3891,8035
156,7502
4139,2661
736,4174
6012,429
8372,1031
3095,8560
7504,1686
5968,5340
6364,6149
5309,7038
7006,7997
7117,960
5108,5816
2629,6979
4509,2097
965,2341
6546,8347
4874,7070
6675,6794
2621,7565
6795,7858
9400,2490
709,5003
5048,8728
6072,9389
8477,521
5646,334
4447,2541
9907,7861
7323,169
3032,6138
2939,784
7926,2364
2228,5489
2288,7182
5625,2444
9922,2607
8812,8130
150,6580
597,8712
1829,5125
7659,5607
5658,1649
6591,9428
978,7630
6344,279
9584,8929
7416,3322
8973,7094
2030,10000
604,8013
5381,2671
6508,1089
794,1115
4486,3654
9003,1281
7654,6462
1978,2605
8679,8344
7376,9752
4007,5751
2831,3361
7066,6650
800,5814
842,4685
1179,9504
7835,5067
6709,5241
8973,3389
6068,1931
9915,1684
7326,246
4544,7023
783,957
6809,3561
7640,1469
8245,211
5493,4011
5657,6121
1575,1193
2673,8676
6176,2917
5601,5212
5118,9055
9881,8487
4414,5300
7191,8850
7778,9819
4374,9898
1357,7388
3300,3416
8554,3032
9473,9287
2429,3753
6163,7203
8481,5190
2407,4176
5473,6707
2833,1012
7026,3731
1301,1698
4317,9307
5679,4452
5179,5365
2140,8212
8408,5389
9371,8199
4330,3164
2158,6054
7467,2638
3866,11
3778,1282
1438,4324
1553,1038
4721,8375
3239,3980
8052,963
6164,1348
4358,462
9469,6167
4838,176
3510,9894
8035,107
8140,2637
6416,7382
9333,6832
9443,4308
462,6672
3052,2982
3188,7417
5107,8122
5471,9579
9242,5693
8,7332
9042,7796
4156,3670
9497,9395
5496,4234
4048,521
244,3264
651,9096
5212,2242
2402,2772
3625,7364
6581,8168
1199,9546
8508,3423
2479,2679
4635,6485
9581,2428
8309,5739
508,2549
1624,5073
4341,1340
3574,8403
5686,7129
5220,6451
3511,487
8746,7375
7655,1571
6283,7134
6022,6611
9231,1980
188,7873
2140,911
2758,9539
9300,4326
5921,905
9975,1117
1518,6290
3624,1775
1494,330
2718,7241
5591,788
2929,1527
1101,6800
3124,2317
1612,3434
242,5828
6824,5135
4464,5711
4632,1068
5874,5289
3567,709
3498,8796
202,2270
1212,4080
616,6842
4829,1983
6579,5261
505,1569
4797,1632
6803,2441
7509,7521
1703,3307
7593,3764
7020,7768
8790,299
9333,552
682,1709
7558,1938
6411,3302
4980,9851
9952,2538
6613,5800
7037,8247
4135,4962
8476,1990
6092,6390
8182,3917
4803,6773
578,9061
9586,8655
9444,3379
9743,103
9079,4774
8430,1091
1061,4844
2085,9042
5250,4624
1947,9258
6537,5396
5695,653
6990,3175
372,2231
403,8851
5258,4231
5958,8261
1800,9975
3527,2666
6997,250
3352,7875
4503,8466
2845,8581
2018,4186
1730,4879
2754,3606
7036,4089
6324,7910
552,7205
5822,3473
8031,5637
1151,5891
5515,1081
6177,2149
5523,674
1659,3014
8610,9496
5747,899
2006,5909
2033,808
7109,4780
8446,7683
1785,9961
5291,7201
7164,391
1870,3303
4831,8440
7752,2767
6260,3044
1314,9405
4971,6337
8245,9549
3193,5754
712,3596
5893,5600
4100,5247
3997,2554
4692,2867
8773,4762
1384,5202
8383,5518
1481,5118
8214,8416
9367,7486
4484,1658
1549,4691
3060,5513
8294,2005
3618,9405
5561,4591
3646,7466
1712,1971
7407,3870
503,9691
4036,6671
287,1725
2550,4960
7922,9146
7497,6768
65,9028
9345,1728
5176,7146
1,1919
7635,4817
7215,4452
9563,9184
9828,1142
793,312
2575,9995
9243,9806
5977,7483
4612,5367
1347,289
1853,8191
4843,9118
8601,5909
2270,7161
2759,311
8919,4199
2624,5381
4294,9811
2753,5908
1787,746
5986,5970
6946,3237
2420,9601
5913,4836
4378,7427
3963,5636
4894,5824
5313,9741
4101,2470
495,5562
1980,1133
8634,9765
9633,517
5289,1406
6399,9759
5961,5720
3889,1126
7882,673
231,6344
7735,476
150,2660
5395,3789
4330,6274
7710,6992
5943,7257
2776,8374
3677,3361
3772,2893
8922,5958
141,1434
1865,4261
7903,5670
5048,2022
1020,4338
3943,694
279,9113
8508,3024
8701,7921
5236,3368
2775,4956
6164,3572
6524,161
7101,5383
7556,6067
3646,4331
1719,9707
7939,2553
4915,2198
2220,5160
9757,2413
5848,8913
575,8589
992,2587
9647,1459
2928,103
8528,9110
1600,1162
7121,5328
5425,4210
3668,6394
5010,759
9706,1347
7378,144
5097,9453
5504,959
9839,4981
367,490
6960,2525
3621,151
699,1831
3,2675
8364,4432
1246,8319
3114,3030
5067,4855
800,9864
794,1424
2185,1849
1785,3854
2644,6144
8202,8735
1576,3615
1519,8312
8752,3469
6241,7513
4711,2354
6399,799
1839,367
4180,6071
1835,1288
3377,6794
6285,3375
9082,7977
1210,4958
1373,9718
4985,721
620,7388
5258,941
4508,5053
5651,8385
8790,7190
7958,6104
5130,3184
7262,3639
6468,8998
6440,4825
4727,9342
1455,4613
4421,3158
9839,1576
1169,9917
9931,869
3531,5515
1499,3094
1786,349
9101,2893
1993,9553
9211,8875
5368,3066
9677,5212
6755,9217
6885,4813
8607,1544
1625,636
1072,1196
8574,6891
6569,295
7247,752
1467,9118
8429,379
4046,7854
3520,548
5789,2958
1820,1425
1323,657
6063,5106
7188,3210
8678,8697
8847,2732
6864,3369
7743,3181
5018,5818
7225,679
4825,549
7552,4155
166,834
7707,7522
7603,1820
7720,2465
876,1742
9433,9304
7001,3117
317,8311
8399,1921
1178,2061
5495,6512
9414,3583
8470,8441
3925,5794
2923,5770
749,3029
3896,6463
8021,2381
1832,8104
6348,2366
5278,9173
7558,8563
5422,6576
1328,139
2405,3383
9221,7904
1218,4885
1593,6197
2216,2940
162,2491
3964,610
8423,512
1065,7893
2449,1477
3363,3547
9918,4602
296,9658
5316,984
8178,5777
2610,2394
410,1857
3410,9865
2023,9660
2475,5827
7219,7576
2099,7703
2142,5552
5778,6320
6236,4424
2354,3644
4425,154
306,6519
7725,9170
9145,3097
9291,2786
7303,440
8739,8019
919,1467
1767,617
369,6701
683,8273
7821,826
1301,1850
4258,9817
9108,9789
1324,5574
5246,1642
1131,1691
1137,9888
8488,8234
602,6169
5171,8058
212,1904
2295,1003
9913,640
3487,263
6020,9034
2274,5064
3702,2002
4122,8672
6919,8711
8163,8952
5221,2333
6574,4665
2376,1193
6709,6385
4934,856
6521,1634
9105,5164
39,349
6750,9940
1481,518
514,7831
9608,6724
4085,4413
3280,1527
120,9178
6508,6470
8482,3864
5424,6069
6662,3264
8549,9392
6641,5812
3982,2118
2879,2268
8234,8164
4893,7115
1923,4284
7913,2621
5795,3603
1109,8639
4758,3556
1019,3755
3706,6788
6762,6111
7586,707
3663,4553
5131,9675
1151,9425
3142,9817
1552,5683
3428,1189
4375,8039
7712,5359
3308,2015
5941,4024
6923,7388
1376,2506
1235,2013
3489,1205
6785,8630
2059,5063
5287,9289
9979,5111
1781,4707
2933,607
3033,5
7385,7219
1443,8077
2133,7234
2945,9601
9060,8488
2090,6536
1892,4925
9414,2005
8981,9278
4010,4433
9374,630
5666,6835
5289,2024
7414,3038
5694,2284
6095,7239
6494,8756
7171,9298
2134,537
3611,7512
1299,343
1478,4599
8676,50
1271,6502
8427,4259
1722,9811
9966,163
820,4860
2042,7042
7463,6774
8055,5028
8356,4797
9526,8458
5307,56
5606,104
9663,1880
1094,7992
5509,4685
5238,3051
4618,5573
6790,8423
5652,5554
8784,8945
6737,1655
1185,8008
8508,7695
4066,2012
2862,1817
5573,1625
3600,660
1355,9348
8687,7411
5490,720
5064,1437
9740,4061
2947,5685
7371,9167
9357,560
5944,1686
781,1192
8658,6463
9288,8908
2804,470
7775,7393
5871,8598
1510,1274
4135,2495
6688,5743
3914,6179
6,9517
8362,3037
342,9738
108,398
3368,499
3497,8886
8812,7460
1618,4587
7247,8003
5648,4808
205,633
4857,9717
5184,3198
2255,6015
7318,5744
7586,2181
1216,4367
5606,8382
5079,7273
9087,1049
6858,9805
6488,8963
5634,5182
2836,7487
726,6
8716,3685
3146,8164
1462,1962
5986,6036
1191,487
3333,8281
5567,3929
6381,2633
3490,9780
6314,7365
5783,4420
3078,7779
1066,674
4803,5227
1020,1584
7297,778
9690,8321
7372,7126
7883,5448
3585,4591
6114,1787
1281,4014
2660,5555
1055,1341
403,6547
275,5346
5161,9107
5553,3434
2288,9528
3523,2750
1070,2113
5859,9140
6975,4785
5621,7364
5754,8900
4481,8949
5973,831
2878,2004
1381,6153
4410,256
5325,8304
3318,5045
5623,4409
5214,3620
5345,6248
2439,6379
9311,5784
1361,4150
2431,5607
4443,6401
8985,3089
2261,632
2708,8168
561,8510
3894,2813
8387,5830
4276,3997
5304,4722
1943,8267
5714,8966
6464,182
4977,9319
6898,662
2206,997
8189,9033
3745,3618
7643,5140
4242,8302
1203,648
1484,385
9772,51
6109,9139
4027,5008
4427,4876
1917,8732
8609,2147
6416,9350
7126,2309
3611,2290
3118,9333
1518,4073
9530,9098
9317,801
8075,6825
726,2133
7588,5823
7497,705
9245,11
3575,252
6020,7175
1531,6209
3198,7617
3590,5308
4875,3098
7119,8654
4343,3050
9431,5773
2460,4253
6121,5692
6501,1294
3456,1682
1406,4303
724,5097
8967,8786
8156,4421
3623,5127
7511,46
6237,1907
7894,4780
6674,9529
8977,3279
9002,5079
9321,1816
6890,3600
125,9112
2067,2657
2743,5779
2396,227
2990,8031
1518,6972
1150,4703
504,8577
5540,487
5235,796
5171,1515
2624,1974
5285,9064
2206,114
8539,8399
6680,4662
773,7769
3642,4646
1021,9932
9028,2111
3421,8521
1847,5533
4881,3214
8860,1017
2343,6863
4580,2466
3267,1260
9626,2902
7471,1998
2901,6814
7280,8388
3241,1732
1539,3829
2893,4081
294,4177
5976,3719
4532,8409
901,8424
1064,2503
2165,2354
5203,7370
6067,343
5080,6018
5954,7677
7988,3733
3827,8878
283,8748
355,461
8717,174
6209,710
5112,4438
2605,1552
3847,5363
5580,5651
4744,9596
2504,976
5340,7918
8485,6401
439,7907
1806,9789
5191,5105
8813,2904
6577,8364
409,901
5782,6345
7530,1369
8789,4144
7256,8878
4795,1244
1409,2384
1525,291
1050,9383
6022,5261
4557,7794
3204,5811
9264,8140
1116,8389
6278,7806
7894,7959
927,5025
6115,5337
9195,846
8610,7922
1180,4356
9651,7544
9752,8548
7347,7391
3517,7356
7237,2860
464,5839
7186,2580
9182,4286
6807,9558
83,7381
9725,4881
3465,3508
8726,5667
8424,5304
2515,7568
988,7078
819,9851
5860,5411
4261,6612
8775,2339
2398,1838
833,1852
9062,6923
9243,9846
4189,7639
5768,4433
1052,926
8331,9827
7749,523
7222,9709
8284,4558
622,6328
511,8440
7818,8049
4289,9958
5130,3583
7956,1144
1029,7213
9284,7469
9882,7656
9009,3005
6712,2630
9413,7730
5193,6321
1284,9604
8729,9567
5152,9296
2900,5871
7948,1540
1853,2114
1033,7705
8012,6468
1404,3758
191,2182
2688,9069
1393,4713
7624,6412
3111,744
2893,3442
455,2034
4005,9811
4420,9507
8869,9738
6004,2015
1181,2019
6658,122
3025,5154
9791,1271
9481,5491
756,570
3326,1023
5234,1692
4036,8855
8987,2043
1911,5072
5113,5355
5486,8620
3979,1453
6477,3105
353,9035
9270,5800
7725,2861
1183,6100
9241,1291
6526,1036
6967,6943
4657,6727
3827,1557
8891,8531
1061,1347
6169,9426
5731,7487
6866,1714
611,7058
1708,3320
5950,3783
9084,4648
1633,2335
5285,2963
6780,7316
3170,9773
1501,6968
4782,8073
6311,5561
480,4020
1211,6419
7749,3355
6713,6131
2294,8842
8208,2436
5640,9650
4721,5767
5970,3382
5762,7811
920,9987
4766,1319
5030,8697
5801,3816
8793,2906
5618,3868
2424,925
8897,7969
9376,9887
5823,6474
7772,2984
7477,2567
659,3909
6829,9249
6476,2407
8901,7999
1804,9448
3570,4727
5408,6181
288,548
5350,6412
7736,7216
7702,7571
5402,7503
590,4498
58,1321
314,4095
9335,705
3347,7909
7526,6214
9406,5487
7277,9157
805,3638
940,9577
3523,2853
38,5713
9433,6517
8764,380
6782,7674
8875,1219
9203,7385
2876,7714
7203,9812
2921,7573
7961,4884
3392,6780
6221,9314
9599,2859
6215,802
8911,592
2148,5884
7758,5057
8373,5912
7812,2193
1156,6661
7655,1615
7842,6694
2730,8236
7324,731
2512,8151
9660,9415
7343,4246
8828,6435
3999,7923
7797,494
4001,6496
7141,1471
6572,7273
5951,2553
9315,1029
5437,3209
755,2440
3072,1407
4840,7720
6248,8999
9999,3786
6559,1315
9382,2857
367,919
5744,7410
1604,3712
6837,494
6380,1537
8470,3149
8827,3276
1453,8604
8635,4298
1906,9602
3249,7063
2379,9245
6219,7837
9099,5540
4357,3419
8699,9400
7978,6433
4967,732
1864,6219
3183,2558
4236,9576
7021,8753
9149,1285
2918,4760
1173,1019
3721,1761
4361,7362
901,8364
713,4496
408,4615
4147,3347
9057,9399
1266,8006
2583,5413
8932,4755
4403,6546
2746,8005
1175,2025
568,5817
9426,463
8364,2497
9884,5001
4731,6980
5835,139
9303,7542
4665,2264
2909,4703
9868,5131
2746,2554
6101,1137
7966,8204
9316,9008
89,1839
7096,696
6657,2971
4117,5541
9638,4080
974,5422
7581,2834
514,2653
9928,5936
8754,2187
5430,355
560,6600
7511,7552
8212,1683
2712,827
1976,7276
7645,344
3,6324
28,6958
4867,5453
8822,9179
6691,5812
8801,3854
9020,8727
7824,2453
7896,644
6900,7859
5346,3392
1483,4141
5272,5505
5431,3154
6114,3145
2474,1365
541,9647
4797,1576
8320,7403
1920,8087
1584,9294
2715,2046
5119,1420
3619,9703
7055,8935
6233,2500
5620,5721
524,1765
8567,8782
3007,4007
6454,5595
6613,1754
2905,7471
7048,8317
8000,8180
2313,6791
4473,6242
3873,4628
1405,9617
8086,1435
9482,5608
9002,585
5595,5655
830,1964
6403,8877
8115,7469
1416,7335
8145,7754
2092,4646
9456,4959
8328,8636
5331,7361
9617,738
3174,7590
9948,9977
5244,1045
9885,907
283,7654
2859,2813
8547,8165
9808,9332
1177,1928
668,6864
3554,3386
8313,3801
5802,9731
826,5301
6613,2790
3340,3140
1917,8440
2334,5448
8346,7112
7437,2708
9807,4239
1224,1199
5969,980
947,5381
8307,4892
422,4235
9276,2301
533,1116
4234,5006
8123,9589
3344,6253
6047,4890
1003,3068
265,1091
4338,6153
3406,8470
8795,2888
7558,9682
2475,1391
8783,8181
9110,2701
2891,571
8052,7768
1764,787
6644,3987
4607,8720
6714,8328
2398,6729
4531,1943
4608,9037
6618,635
7811,7735
8276,4501
5498,7129
6517,4840
2873,504
8709,7776
525,3988
5421,9647
6185,5538
2331,6806
2170,7752
2662,524
5116,9157
5723,2990
4998,3595
4373,3267
6929,8745
4491,7819
3142,9433
9780,515
8996,2898
3142,9816
7249,5627
3723,4086
728,7581
6021,7851
8145,6180
5592,5021
606,6162
5477,4740
7089,1840
3992,1957
6299,209
5799,5516
3983,4837
4955,2358
4677,5095
1819,8312
4475,4915
1779,4800
5782,7512
4628,1558
9142,85
4980,3278
8071,9572
5958,6300
4804,1648
6933,228
3638,3540
3003,7918
1818,6561
1230,6323
1136,1403
6057,4294
3167,225
8296,1538
359,5415
4732,7675
734,8993
5887,3699
6924,5727
3170,9229
5650,6976
1554,70
6309,2116
5770,9668
7945,4674
6097,6542
5128,6754
7380,9862
8930,5240
2030,9311
2734,7197
7043,5807
6686,860
476,8162
4992,1702
2797,9048
225,7875
7747,2940
8701,902
6953,7794
5185,667
7577,445
2626,8751
8239,6010
1254,8012
1897,4684
9199,1376
6971,8613
5912,9049
7088,9357
1240,1279
9498,9618
5716,7757
938,1453
5105,8622
5819,6252
6759,7760
1945,4658
1569,2008
8047,7303
9440,6546
2078,2013
8287,962
442,3344
1570,1228
5853,6185
9416,5052
8655,3376
2527,2691
9037,8267
4390,7584
3654,4567
5757,3782
4453,3521
9977,3071
8793,4018
917,8013
8960,7685
9458,5928
1217,4742
5294,122
9033,9833
8915,2867
5086,1844
1382,1593
367,7546
5456,9583
5564,5781
1241,9777
5682,1904
8672,5882
559,1006
2583,9090
2003,1481
4555,7943
2519,7211
8034,6182
1544,8034
5629,1334
699,132
8141,4674
4677,8912
961,1473
4658,9324
333,2260
3587,3456
4759,8635
1221,1455
1723,5332
6572,4173
9135,8513
9343,3761
5088,6708
9036,8120
6363,3802
3580,755
8968,5746
2433,5967
8192,3849
3372,5071
2479,9187
5644,6824
4324,8599
5921,6297
6422,8023
7038,8596
1153,3867
6828,7069
8814,3241
6987,7311
1472,7987
595,3333
6859,8062
7065,1788
4543,4122
2574,4082
2402,5106
5873,1754
5883,9970
5429,2288
1898,4656
3613,7907
3174,3241
9331,2580
7167,5401
2744,4634
3777,4293
7798,3615
6890,1305
5617,7098
1090,7177
6875,1481
6985,7318
5607,7755
6560,7920
4166,200
1757,9586
4045,5422
6401,9439
9192,2089
4502,2054
2359,1837
1106,5444
6102,2835
3513,1303
459,2830
1599,7707
1497,9657
42,4867
9009,6303
7397,6757
3464,8038
5153,4674
2691,6232
119,6320
8911,6544
7401,1766
1197,4990
4294,3156
2186,7351
1164,765
2125,5244
7847,7426
7914,8068
2760,3004
2467,4649
4913,7669
4606,4492
3468,6451
8914,1350
3899,5042
1259,1085
859,3149
6621,6015
5986,713
2645,5085
7047,4622
9674,2727
2288,8435
9299,3504
4742,7781
4146,478
838,7059
9694,5408
4657,1513
2990,7148
2386,5335
5505,8612
8559,3678
7163,3156
3129,1511
794,235
6158,991
8407,7044
7838,4290
2983,5056
6266,9891
1057,1809
8232,6357
8762,5205
6291,1145
4860,3805
7440,1893
2389,2634
2699,9357
7420,8547
4864,2817
9438,1268
1317,4851
7942,8023
404,1683
6236,4008
2887,2025
5348,9511
2956,7693
6487,4831
7096,5926
4031,9054
1096,382
6283,6881
1410,9071
4018,5646
3978,9021
6149,5421
9088,5454
5757,5395
5975,9018
8244,3164
1265,203
9055,1540
2453,9425
1496,211
6227,4165
2459,7155
3054,1272
5974,7039
2216,8151
6371,4729
3884,5501
178,4472
6932,4821
8383,2317
1258,1818
1764,8256
3692,5918
1719,8716
6249,3747
7155,2627
5767,4905
8452,7887
4519,4229
9932,6407
1201,5562
259,1898
7273,8470
7163,2683
6371,780
2657,8744
5234,4217
9087,4201
3020,7525
8223,6002
1993,5096
5770,3253
9898,9223
8959,4295
2919,7498
6671,4621
8209,5835
5380,595
6646,2604
994,472
8338,8261
2742,6490
2498,4570
9563,857
2516,7173
1387,8027
395,4421
9810,2316
9167,9746
1247,8687
4737,7979
1236,3957
9644,1918
7500,3944
1110,7475
6188,4725
4405,3510
850,485
1983,9856
7786,2566
8954,1441
6544,7274
291,3036
5599,652
4138,7646
9192,90
7465,1692
8670,451
821,9000
2798,8783
5998,2591
8365,1317
8433,67
4681,1725
9356,5024
641,2723
9681,6573
2753,5700
5428,2610
3077,4953
495,4080
8958,9021
3317,352
3731,1788
8754,8556
4927,1322
4977,8532
6984,7916
4104,4015
8560,71
8446,4895
5828,6724
9277,1198
9522,7261
5731,138
9927,7159
1762,987
4822,4779
1110,6573
9221,819
9895,8655
7922,8157
4164,7638
6194,1583
7472,1134
3050,9671
4457,6415
4775,9821
6546,9864
2999,7385
8643,5274
3530,7674
8887,1875
2499,5210
1683,4230
9753,7739
7366,4484
3707,6205
7915,6201
8064,7712
7147,8597
3803,6001
7152,645
7037,3475
6628,413
4965,8763
3065,3717
5522,6247
7442,9949
9914,187
8893,5694
1427,4250
5988,9855
9918,9742
953,4448
5555,9189
8559,8695
4295,1880
9479,757
1787,136
7912,6899
3871,695
5128,5662
5939,9505
5335,8237
1821,4741
1323,5051
3158,4484
1253,9621
9615,148
8658,3441
722,401
8686,9817
9555,6993
9811,1395
789,6658
6768,7966
9753,851
5749,9243
3617,2380
842,581
2818,4010
1326,2767
536,8043
8797,3193
2259,8978
9227,8814
2639,3480
2974,269
258,1791
440,8642
1167,596
3569,9953
5655,705
19,1038
767,6316
5743,2875
3260,7967
6797,943
8363,9684
9712,5328
5629,93
5624,1565
3264,6574
9073,426
1465,8552
7113,3240
7900,4194
7343,8176
5630,1637
1895,7932
1922,3125
8778,3267
864,7848
4618,9071
4916,2052
9058,717
8066,9833
3180,9200
3975,8807
8301,3938
9706,4109
9291,6168
5170,6800
4414,8336
4785,6341
4500,4026
5294,2923
1375,8144
6976,7880
3305,4835
9478,7886
216,9492
1780,7881
3340,2988
7208,1992
1092,1865
6731,4213
2257,3829
7427,7667
4867,9876
1316,5603
7487,7258
7559,1363
1122,6150
4067,2371
7343,5551
1463,7862
5140,5594
9065,8066
6571,3941
6201,6195
4764,467
3359,5090
1968,197
5668,4477
5696,9345
5996,5812
1772,8385
2000,815
1031,4330
7882,7151
5167,9111
3881,9792
4107,5234
1461,9847
8846,3823
636,1118
6216,6373
9995,9337
7979,6666
4376,4836
6250,4762
124,3595
1454,8595
9134,165
1138,5951
1642,4478
4382,3807
9217,4400
1362,1745
9114,7981
2696,5838
9462,5100
9643,3651
9953,6317
2759,8057
3669,91
9542,4707
8104,5773
9337,8660
9749,4776
4136,6810
9496,7029
9680,363
467,570
8491,8762
2158,6392
3598,3046
683,8865
4603,7311
9447,5939
7319,8086
6573,1046
1254,4641
2133,3741
7058,4023
553,4124
5915,510
6599,1575
2584,3662
7539,8115
875,3441
2276,1164
7283,2938
2655,2433
6379,9664
8625,2351
4992,37
7989,8713
8271,8887
4341,8577
7741,482
9406,6086
3920,8575
2108,4441
4715,5054
7748,6365
103,715
8993,7868
7100,3264
5189,5008
2239,9447
81,1141
3413,6090
9601,8024
4902,8905
6334,7867
8797,3095
8567,2408
9467,6834
1370,1375
4764,6925
7083,7582
6753,5820
6279,5996
6636,7659
403,611
7163,9226
7613,9976
1819,7257
8356,1863
8621,9116
3604,9615
86,156
2249,7320
2337,154
8453,829
5343,2448
2988,9833
7263,4086
1868,4210
7928,766
4187,4109
2755,1101
5144,8284
2085,7382
7251,3595
4458,6308
2745,4227
5614,515
1112,9080
3108,9116
4225,7190
3545,1244
6027,5507
3043,5487
7011,2688
9524,7630
1073,7457
6570,5139
6711,2135
5080,9636
3203,3559
6063,5524
2611,9097
6246,1377
9304,78
8586,6667
8290,3774
1374,6563
9419,9422
35,3739
6241,9003
1890,2703
667,9989
3686,8960
6748,4507
9816,3433
6533,415
8258,6960
1909,4805
1381,6619
3036,4461
1317,8603
1197,4011
8945,6634
7458,7039
4977,7325
1097,150
9977,8406
2875,1613
3274,6264
3197,9948
7912,2887
1888,4567
6262,2044
1684,4860
2444,2995
1577,2554
1387,8625
3077,9551
3095,6453
4498,1323
4947,7913
3039,6342
8523,3429
3894,9243
1882,5696
910,6384
860,5700
9943,6563
3566,3229
4242,6226
8178,4990
3555,6327
4878,7088
7151,6574
9572,8455
5664,773
9964,4212
9383,959
6413,5184
8160,3316
906,3244
5169,5769
8137,2770
5133,2039
3920,5671
5077,5979
4456,3904
8382,7193
9332,5405
7902,1038
1578,5398
7999,7745
3327,8753
310,4020
130,6333
4701,7533
8878,3903
3628,5676
691,806
7703,4344
879,6269
6769,2522
4949,3820
6510,1205
3039,4011
4933,913
2848,1173
1573,771
562,8356
527,6410
5310,2879
2289,6105
8891,7949
4834,2428
9053,2148
8249,5592
4302,2835
8584,100
3611,2632
1286,1982
389,6927
7035,3035
7064,8423
6564,8927
7848,6450
4966,4917
3750,5530
8863,2220
4483,7291
8696,1390
7644,6640
2806,8109
5363,8734
3472,8812
4366,4535
5995,2936
8473,1772
3681,2354
2630,9506
4641,2090
949,5551
1711,8840
6750,2369
700,5898
8779,7372
9072,7173
5587,3422
8804,9706
8369,2241
5340,2520
867,6764
1553,1687
1374,8950
397,2952
9327,2488
1039,2294
5388,5246
9903,2952
9321,6810
7740,2247
1271,2804
64,5463
5479,3010
4133,1235
3932,3136
4673,6713
4254,6733
2092,3903
5850,8305
3442,6193
7607,8606
3636,41
3475,1155
3113,5673
5324,9559
4066,6279
2315,3960
6315,9222
2315,6464
4382,7037
7064,1312
1601,758
5586,7996
6735,4613
4688,6579
8229,7811
1537,297
2722,6294
1757,3986
273,1710
1578,9389
2660,7183
8108,4587
2422,294
5908,5915
2370,6714
5800,9092
6498,8081
9923,6750
1024,9068
4979,7869
2600,4815
7089,5147
1294,5777
8846,1456
7740,4508
1144,2641
4484,3874
9596,8626
820,8093
8741,169
9367,8992
1922,6257
3431,3695
7782,3383
881,4727
6905,6789
8433,9596
9612,8665
9820,2318
4618,4769
1485,8567
8282,6805
9143,1635
1056,1568
1737,7196
9331,6380
6847,7714
6793,3498
2085,8595
9183,7259
5415,6316
5669,4494
4323,6540
294,2967
4224,9137
1669,663
1368,1698
2578,9326
3393,1928
6252,6554
7721,1226
4545,1274
3583,8164
6593,339
7951,9730
481,7630
7541,4830
8283,1997
371,3140
4386,2392
109,4831
7203,9913
9186,6082
9351,479
3109,1525
8725,5011
1305,217
7428,7493
2331,4586
8078,545
5577,5088
7441,6708
4513,5026
8223,7301
1220,6328
8549,6930
7497,3355
4344,1384
7853,203
5435,4990
4056,5628
2493,7439
9948,5086
7632,1378
1847,4376
1972,4824
2791,2337
8386,7105
2621,6858
7637,3467
6730,5995
7250,2568
6390,3352
7656,7018
7199,3360
3266,8798
7870,2210
410,4275
3174,8301
6536,5877
3094,2658
8647,4538
3390,9192
889,7912
8030,3644
2833,4018
3609,1042
2750,5805
4616,8780
791,7907
8060,6342
225,1731
3195,1148
9406,3122
7931,5417
1200,3938
6189,701
5084,7309
7281,8153
2057,7599
6503,4986
967,5758
5494,4496
4140,3207
6501,6170
9161,7637
9334,209
2620,736
6627,8349
4207,7136
6960,9991
6653,2445
2480,4716
4117,3621
7204,2842
2487,3096
1838,4666
11,2580
6004,4683
1857,7944
9343,359
7570,5799
2531,3940
6822,7387
3401,5497
8879,594
6456,5706
8083,6762
1827,1330
4151,3557
1020,4365
166,5577
3317,5999
1809,199
4583,2756
304,4085
3307,2389
4631,9690
7382,2084
4099,1222
3171,3844
5092,4668
1208,6471
2997,9340
1497,4262
2790,4417
4347,2807
5211,8772
6337,398
989,7419
1795,5474
1358,9634
3837,9530
6730,4308
8596,2084
9897,4662
3890,98
5376,3216
3490,7378
8824,7177
2968,4009
2006,3998
6887,4155
6441,3166
5702,569
4387,5621
3757,4199
5166,1907
8297,2873
6896,665
4623,665
5865,2943
1613,824
393,549
8620,9039
9535,9684
7506,7936
8988,5695
4500,7070
7029,8955
3976,5157
8087,185
2376,1976
8997,5308
6899,1638
5101,3196
6621,1911
2697,1029
2039,7992
386,9196
1561,3729
3246,1760
5196,1488
1226,89
7796,3076
99,4063
1434,7207
3085,5545
8376,9544
6215,3201
7982,3173
2518,8209
2129,3330
301,6364
8915,3176
1454,2363
5598,317
3307,8226
7337,2491
1877,4831
6365,6720
5158,5518
3090,1106
5994,5964
8242,236
7767,4070
5695,1546
6269,3308
832,5373
9720,8728
1366,59
6019,8277
1117,5590
3063,1566
9455,5783
7474,9941
4226,7271
7314,2108
4482,9962
5536,6147
6777,296
1097,4479
9322,8185
8263,1507
3149,957
8623,9581
2788,1941
3636,7327
4700,2609
601,6569
3216,1735
9683,8832
6200,2269
8268,9581
7246,7683
9492,3124
6289,7136
3458,5375
9474,9223
9801,3479
5500,8309
5014,1087
1249,4042
5877,2044
1967,7090
5266,2741
721,6047
1053,6499
6450,1669
8072,4421
4396,1489
4858,4323
2206,5719
1574,2492
3357,5014
4037,46
2049,7466
1807,4753
6048,7023
8041,6225
1544,8236
5929,6455
2294,739
1285,3442
2660,4660
7977,983
6318,8313
1975,5010
1797,7473
6776,7384
6765,2588
5985,3739
1233,7392
5857,6105
374,7190
7638,7841
9277,4900
6560,8978
2994,9112
1133,402
4834,9085
3924,2745
9193,9741
5517,2072
8377,5444
1901,5272
6103,3100
9423,1411
3359,2155
7966,4377
7287,8869
1455,5552
2609,9710
8139,8700
4395,1904
1307,6935
5392,2470
8412,9613
4945,3555
4049,4310
9438,2914
5416,3521
9022,1275
533,5929
287,6910
6410,1894
1927,5215
3992,4547
6025,3118
3167,8552
7907,129
1825,932
8355,7537
3957,2056
1978,4750
1848,2738
2281,5568
5550,6917
1304,2555
9253,2689
1590,109
4154,357
1514,1192
837,5982
9495,3655
7568,5609
8783,990
6245,93
9823,4738
3989,1294
2727,7746
7524,5632
7901,769
4354,3593
8839,9537
2901,7792
86,1054
514,9384
7923,8644
698,9267
7985,2573
609,9541
6130,8587
5530,9750
3078,7518
8973,1843
238,9843
3035,9923
2510,4842
5417,7745
4912,6114
5623,1978
214,2723
1925,3044
3591,823
7787,9032
315,8342
1270,4302
3730,1356
1379,1828
7566,937
5396,7291
1681,1270
6783,7231
16,5711
6102,288
9879,897
7409,4465
359,5361
1751,4045
7162,9014
7452,9393
6247,7412
7220,8553
9569,6182
8134,4619
1674,1143
92,5722
6996,2957
758,8248
3896,3539
8718,6316
6960,1058
6230,4316
2494,4523
1901,9430
4352,3075
1217,8305
9419,6603
8351,8379
9700,5467
3318,5582
3982,1035
7305,2020
7437,2670
6354,2579
9209,4027
2820,7656
558,7337
2442,8988
9424,2582
3483,1365
2204,1508
8718,2060
6730,1761
9402,3318
8239,4657
2294,369
5486,3946
9344,1709
990,4268
1401,8692
5767,7819
9021,6007
5158,3930
3616,6775
3105,1862
9268,2125
7620,5308
7287,4326
1561,728
3370,1183
2501,5419
7788,1225
2175,3640
8068,2488
4877,859
4110,1214
5095,9862
9340,3887
3100,5898
3390,7376
8563,5006
9789,4993
4682,399
3713,2629
7226,4484
1426,6874
7932,2797
8107,793
7636,2200
3754,7307
9644,143
9172,9285
7596,3121
1078,4258
9412,4283
8983,4460
1724,9683
8409,3959
2739,9521
6606,6666
4259,2603
6199,1050
7350,1803
8471,1525
9666,1535
8310,3368
9263,3644
5249,366
1754,7648
1567,5269
4450,4163
31,1902
6479,4041
5565,7553
4098,679
7171,3131
3335,6735
748,9157
1624,2441
5508,2386
1500,6544
5867,4437
5660,839
136,508
9893,6710
218,973
2777,7573
6906,3771
7424,2979
9276,7845
6125,8691
9636,3307
2027,2196
4550,6526
5734,2412
9445,339
565,2592
6909,964
4645,8114
5437,4803
9618,6520
5915,1740
7150,437
8587,7990
84,5174
1995,9797
2134,4379
1158,3519
1794,1231
5992,2200
8963,6358
9472,765
1988,2067
4241,1626
3583,6275
9859,6872
8980,7481
5352,4183
501,9783
24,5635
8558,2678
2909,3206
1970,1186
5723,122
560,9652
8359,9657
7652,1037
8552,9139
7722,1596
8843,923
6814,8285
6608,2175
3807,5519
5890,8065
6674,4831
6340,8375
8898,1270
2935,8652
2452,9564
5896,9232
121,6231
9494,8947
5853,3380
4241,8937
6797,2817
2158,9947
1862,8260
2919,9546
9703,2092
5599,3792
5512,9442
8291,1541
8964,7979
572,8603
5618,6093
5730,2886
8194,9115
7786,3979
2066,9887
9775,4324
9424,6627
2863,510
6234,8124
2876,3727
5137,1588
6051,4871
2236,7491
1865,4530
1305,8408
1393,3606
5886,233
5163,6976
9886,6629
1703,278
9415,7154
5750,9192
3975,5465
6289,7031
1231,794
8723,8002
5680,2940
4177,1898
8338,4069
74,7649
1572,9475
4746,803
1501,2293
3832,2224
9217,9001
8479,7878
959,1026
5722,9095
2423,5
1161,6252
2825,9264
4512,4182
2041,1192
414,700
2302,8798
7003,9942
9017,6414
4090,5765
1123,787
2590,6813
9119,7866
3657,2000
8447,4049
9567,3191
4995,1180
2634,240
7660,6820
9191,815
2894,7068
5085,3762
9012,6721
5934,8998
893,5197
5493,8415
3876,8313
7391,5688
6205,9533
2343,5207
2555,6149
5482,8124
5055,3793
7113,8038
7067,5849
7436,1570
8805,1899
1891,5809
9111,4963
6088,7956
9619,8405
4224,6871
6307,458
1585,6119
3758,2501
1454,3697
3863,2785
3261,4745
6032,2873
1609,9796
9852,5891
2755,898
4465,2314
5171,5371
5164,4262
4253,3685
2095,8266
2335,3599
4693,4986
8807,1693
8807,1191
33,5073
6263,8905
2573,306
2089,9736
8527,8588
3905,9478
912,5284
8503,5820
5218,8757
4119,9920
9745,396
1909,8560
2453,1132
9662,5950
3460,4447
4586,535
3252,3898
4622,6865
3454,9020
7326,2545
3102,6483
4015,7207
1159,2715
1609,3446
2644,1763
1164,8436
3192,3357
6266,9226
1623,8466
2514,8072
2622,5312
2493,4889
7197,9682
1361,8254
6389,8906
4131,8473
4507,4781
4729,472
3324,7739
5758,4908
4572,8377
7998,3686
4183,1821
6753,6189
7832,2422
7509,5934
2823,4709
499,3216
973,747
2692,626
6372,7137
7229,356
554,2958
2245,5455
1636,5689
6455,7442
1774,3579
2626,6906
9088,6511
9422,8348
1053,3209
3146,1794
8261,6737
9985,3185
5146,6891
6474,1795
5616,2484
8894,1301
9582,4490
9461,3695
9937,3304
2313,7035
9263,2189
1548,1620
9512,4568
1414,2620
617,6978
3062,2682
3883,4456
921,7887
1016,5348
2569,9843
5773,2615
9741,6497
2427,565
6414,1212
7288,1356
1305,8732
2419,9106
5488,5208
1988,4459
540,1553
6161,1492
3085,4233
3549,4303
9121,4175
6218,3531
83,8120
8800,8623
9723,2972
9686,1491
4004,7050
5901,1786
3514,3112
7645,192
5634,827
6278,5645
3172,751
7736,3379
1683,6627
366,3353
7245,8213
4949,4260
7245,4070
4507,2383
2142,4793
2707,5175
1082,8477
9333,4134
8689,1716
2897,9002
7877,2319
468,5504
2386,9945
307,4050
4683,9037
5620,2075
6111,5348
1677,3299
5467,207
2292,2220
4089,8925
4469,6823
6854,7369
2194,3779
5697,3236
2868,1459
9454,5834
9248,8187
4539,5508
1061,7063
6090,3465
7298,7224
2477,6257
1237,8316
2256,7304
493,6808
3536,988
5009,8533
5562,8787
4713,6645
558,6891
5802,4624
5473,9023
8048,9087
4082,2147
8403,5092
1412,4397
5324,9284
2522,2944
8897,2035
8450,9590
1692,90
3000,4505
506,2823
9323,7086
8687,433
9900,3742
4966,2453
1362,5058
9414,6530
2347,5227
7409,3887
2493,2300
2742,8292
6395,8180
9510,8699
6995,9452
1987,3476
2420,4521
5844,6863
5948,4222
7462,3130
9343,3425
941,3767
5205,712
6184,6376
6458,6608
3314,7594
2153,1178
9956,4203
9410,3986
5687,5546
1464,2398
2568,9194
3208,8479
3669,5362
3027,7351
20,8868
1084,2471
1138,9096
7069,5475
9608,1252
2084,5829
2282,122
7627,4571
3162,9166
8773,3550
473,8530
3412,9632
5389,8096
9752,6753
6910,9444
770,7805
1787,4836
1686,7109
5674,8924
7967,3929
2508,1642
92,2927
5870,6115
984,6419
9484,1760
1544,2060
6464,3065
6765,4534
72,8604
3849,5024
3222,4297
990,7476
497,9181
8258,1295
2360,7849
7823,5501
87,5247
6919,1186
8050,9721
9412,1319
2526,4901
9069,4751
2943,8065
6453,7700
4092,7407
2942,9155
3823,6341
3083,3873
2424,6196
2131,2872
625,8498
6720,9235
9292,7382
3431,6930
2281,8512
6003,9641
8404,1122
6186,2923
1227,543
1377,2239
540,4959
5883,2716
2365,2940
5196,8935
1782,1676
9981,4965
88,4075
6792,7839
6913,5060
2098,7362
8567,3307
6760,3935
1250,6107
9714,3526
39,8919
7157,9385
7294,959
2501,3360
9285,5153
6999,1113
2381,9209
4212,1850
2658,7831
7513,6741
6217,8460
4411,7462
4082,448
7289,9116
9196,3250
9018,8466
8023,2285
2133,856
229,9908
6095,2803
4154,330
7630,269
4211,9344
7260,6410
6451,8588
9880,537
311,2434
7559,7508
7419,3618
7464,5012
6182,2829
9380,7619
7233,2981
1396,5039
6901,3137
9741,232
1,5977
7014,6647
4171,9684
5978,9370
9710,3052
4809,5392
3361,5403
3113,9646
73,4468
5785,8107
9652,7600
9334,5086
7398,6067
1495,8162
5090,2794
115,9204
2926,8884
595,5625
7128,9626
881,110
71,8780
9471,8013
5690,7466
7797,3336
6125,9147
770,2806
9611,4894
8099,1031
8477,7515
1154,2950
7343,5828
6070,5386
3556,1869
5544,9944
7488,9797
70,2905
1123,2176
3392,4916
4038,9427
3439,3496
9982,9980
1205,6615
4509,7851
2384,2178
327,9296
6313,1309
1330,7218
4601,367
279,5785
9578,1481
2966,9658
8827,6512
4438,3357
6126,7577
8409,4683
3596,4672
557,2233
2504,4724
127,8556
3296,7890
2427,5896
2255,8157
654,5913
9808,87
4316,7389
7597,495
8750,6156
7542,6471
1475,3476
110,7744
4071,7558
6654,4404
5393,5911
6381,384
7302,9492
7207,1388
3547,3253
7225,5625
2423,2844
2079,3798
7383,1515
805,1598
347,7023
5434,6289
8254,7036
499,2285
5684,6262
76,2617
9212,874
5816,5503
3460,7719
2137,4532
8635,893
7595,9349
8929,3408
9195,7647
9435,888
4726,6378
6819,5944
5180,4867
5437,5704
3011,6437
3748,7714
3943,1827
770,1574
3343,9877
5710,8314
1739,7869
3904,6482
1945,1493
6080,9191
5895,3382
4541,2119
515,6391
4457,6010
639,1984
6577,1708
7808,4698
4123,3451
4709,8230
5912,9583
6372,4278
569,2416
5744,1548
6413,7225
1159,5853
7704,5240
3608,7089
4816,1230
2466,8218
9905,5049
5607,4494
9904,6395
5855,4722
9869,9175
6361,3349
5265,3032
6796,8407
8759,3470
8828,5012
3623,2742
7432,513
5789,5620
1344,6690
7209,2400
6100,645
6559,6538
4600,4223
8398,2011
5092,5200
3454,7146
6375,5749
850,5735
6683,5531
4894,5495
3363,4043
7442,317
4834,3654
4707,8050
4869,6782
7403,9200
576,8638
9463,6032
9255,9415
7855,2158
3538,6744
7634,1382
4628,5194
4623,9438
1077,1989
5872,2256
6810,1986
129,3394
1350,2319
5967,595
4331,5880
3739,7172
857,2008
5245,7648
9591,1403
6901,5610
7631,2175
3053,1138
610,2151
7819,5891
3117,683
5923,9276
6644,6448
6456,5145
8027,4207
5059,1901
5700,869
9324,6046
3250,7223
3381,5245
764,2111
8647,7857
3965,8983
867,9871
4552,1761
5755,8392
8152,9296
2249,9583
6406,1239
4077,4469
8772,2556
8020,7139
9734,9529
1331,5331
7888,4991
8723,3660
5626,7735
4279,9656
3441,6614
329,5331
3191,6667
4370,6674
4762,6281
6376,6766
98,6364
4737,3292
9828,1338
9142,314
5556,6487
3891,4824
231,6260
1835,5456
3718,3254
1945,1427
4350,7679
8561,5010
4997,4315
3172,5046
8295,632
8802,940
6766,1506
58,2768
8160,3419
5565,6629
946,7252
2897,9423
8443,3179
3298,2317
4179,4881
2050,9238
9626,4117
8128,6351
4501,1346
3575,1974
6851,3891
1245,3790
6253,4847
3564,791
6796,8228
5038,4985
8197,6612
3329,1709
3439,7526
8522,3848
5221,6987
5253,2181
6679,7167
3147,3406
5131,3287
1740,6583
721,5117
9356,7335
548,7140
5514,5571
8140,3322
3131,8777
2896,2410
9430,5990
7640,7755
184,8180
6449,745
9463,260
3290,510
4004,8932
7644,1452
1418,6588
7798,5385
6803,1083
4421,9368
7641,649
8835,4384
5513,3049
2055,5451
2948,6462
8970,7149
224,8230
7866,1583
2364,3798
5015,887
3456,5764
1514,9606
4930,9499
678,5133
9701,5487
8134,8349
7852,3149
7062,7498
7789,894
9630,6667
4096,6024
8281,592
7702,3409
3492,1184
8343,5121
9714,8239
6740,5522
8283,6904
5915,8903
5269,3853
6056,6486
4843,8632
4968,755
6921,1612
5929,8091
5978,4877
4350,970
8249,4217
2575,5097
8019,2897
7308,8103
9950,4248
5762,6467
691,9767
5751,4964
966,8987
5679,8245
5478,5996
4240,8415
1600,442
3331,9701
3758,6406
1841,9030
2045,8250
8029,9459
9964,1558
2497,6478
8736,3000
6496,9626
3636,5447
3498,1765
574,5293
7694,6975
6573,9118
8441,9045
1743,4697
8461,9359
5070,6234
4126,1538
1850,5577
4149,370
1378,7795
983,1640
2332,9346
320,2316
8228,3580
6825,1567
8145,9877
6761,6600
1907,18
4199,5849
8137,6443
1837,8765
447,5468
9896,4352
7828,537
1212,1451
4185,2027
4260,5690
9222,1962
4104,5340
7783,1321
9143,3335
3859,1225
2420,2677
9805,3611
3901,527
2307,5558
8181,5412
8260,4945
9828,6549
6127,4509
8644,1041
8486,5778
1388,8568
6833,5061
4234,7583
2191,1875
4089,6159
5880,9436
1490,4633
2493,3342
6623,3914
6833,205
4267,5783
449,8796
9205,5174
2878,1739
1043,4392
5596,7278
7618,2998
1859,9381
2092,1575
9778,7549
2691,7084
195,6802
2905,8969
5577,2271
6258,8864
2759,4804
3697,7867
8666,499
3200,5045
2502,3703
8907,565
4943,6945
315,2712
8318,6304
3472,8219
4819,4316
3160,178
3785,416
60,5240
6869,1185
5146,5683
3896,1087
205,9955
4980,4296
5816,4503
5787,4659
898,6667
9347,7295
218,4018
2742,3129
2156,1660
8902,9140
3500,4469
2126,2536
63,3130
7219,2041
3018,3336
3753,7715
7762,8755
5698,1935
6082,5392
7681,4805
4586,9503
6861,8142
2708,5928
5473,3236
259,7793
3360,4344
8500,6905
9078,3808
1575,6772
7881,3147
6982,9556
4766,3666
2979,2976
8808,4653
7777,5459
1212,4607
9545,4436
48,6208
1837,8222
9761,9301
5304,1147
9188,8141
6836,9458
3940,3290
8470,2857
9050,6842
2228,2249
155,3970
1494,8797
4539,6950
4650,4742
2063,3223
5281,9087
4656,41
9640,5495
5356,7744
561,7168
6278,2455
6207,2323
9005,8764
7633,8830
7643,5275
5525,6172
9972,2854
7582,7295
6014,3726
4704,5436
1039,7024
3400,3298
1010,2991
4697,5369
8004,6105
3857,179
2843,4073
3050,9378
2389,1833
3516,1094
3422,7858
3231,2656
588,6402
5055,1049
7365,2856
2552,344
1776,3150
6369,164
3161,1476
4085,4438
5197,2725
9660,4969
8613,3912
6760,4193
9728,7078
8587,726
4489,3042
1958,4603
2024,1818
2205,5279
7604,1129
1910,3744
7286,3302
7808,3574
1577,4028
5519,5811
1613,8407
2470,8533
8362,6216
7550,326
9138,2357
9602,2720
4767,2848
1981,7360
604,1602
2747,9238
5472,6564
2381,7302
5269,1482
3032,4814
5350,1981
4781,6148
8774,2147
1458,2732
14,8316
6927,7443
5166,7628
8950,2747
8021,7936
2377,8387
8508,7983
6095,2945
44,3150
977,1119
5088,7520
2879,5680
9957,3753
1312,9693
7373,9789
198,7105
7667,1401
48,9021
8713,3149
1817,3912
8462,965
782,1047
4059,3203
5516,4181
4204,7371
2519,3471
9868,8187
4264,8063
4281,7012
7470,994
9094,5801
8581,7192
1919,2787
692,5064
4055,798
7360,8206
1534,9556
3934,2594
3503,8180
2918,6357
1045,927
6531,1082
2013,9503
3895,8991
7910,2675
5003,839
8389,811
6051,4774
1445,4477
5408,856
8316,8290
5008,7950
2233,3889
16,8166
3514,7957
7873,7462
9610,5117
4904,1748
1142,1232
3312,8613
1344,5018
586,1952
237,8488
6212,9966
3770,7948
8392,5329
620,9341
1931,174
772,6735
7430,1688
2496,3770
8673,8122
8031,8713
2283,6673
45,7970
5318,1748
5404,797
1296,8721
3140,66
7340,773
8113,6036
3775,3575
2058,4852
6470,49
4018,6115
3364,7244
727,8135
4922,8856
600,8441
8287,4085
3044,2425
6207,5088
973,2719
1024,5741
5516,3759
9551,5310
5662,1992
1353,4509
8859,969
4742,6300
759,5104
8927,7478
225,321
7696,5617
7642,9295
569,9987
5904,826
3022,9038
7944,1925
6831,9578
5449,9794
2593,3373
7333,8349
2427,1737
7187,6418
6717,5810
3431,3323
5819,4234
3476,7546
4759,9948
9320,7472
1468,8305
3685,8632
5799,8594
719,2114
1648,4746
3841,7759
2999,7031
5434,246
8265,5918
5046,4690
7249,9128
6503,3688
3227,4332
2818,2792
4292,1066
8726,5839
8333,2625
9318,134
126,878
344,7148
3272,3859
7254,3227
1731,1375
4450,2217
1254,335
2855,2109
1284,7057
3210,1787
6259,1360
7743,6702
3673,4321
536,257
2847,297
6360,9435
3047,3481
8598,8532
5242,9159
6061,7496
7674,9018
9504,247
3398,9857
2075,6983
5660,6385
7061,8759
952,9770
9217,1504
5963,3476
9075,5610
3079,1515
8816,7880
102,6612
4126,3681
4827,3755
394,3916
5264,971
1241,7431
7374,9321
2630,1924
5212,7517
3450,4913
2702,5933
5546,1602
366,3000
1946,5517
6424,9948
2559,8418
3824,8085
7827,9461
7486,2483
4097,8266
2425,7622
7311,7595
1282,1785
5548,7256
871,5832
6175,492
3848,5151
1631,1848
9574,8656
4833,4463
7031,3888
60,1822
8087,4688
1225,2869
6680,3283
9317,309
7242,7168
408,2392
2437,7158
2512,3944
4787,5894
4871,4477
9403,7378
1652,4247
2040,3633
1869,8068
4120,5163
1290,4414
3792,4615
4100,8884
9085,4559
7212,4692
4933,5772
200,6498
268,5028
2648,9495
5666,9260
999,5944
9098,1740
2301,8562
1942,9326
1761,4143
318,6817
4284,4024
3103,8064
3208,4503
6224,4939
9288,5016
3567,4367
6273,3564
2714,4471
8790,7849
202,2558
6641,5345
1226,4223
4989,2428
5029,8827
9489,1637
1709,438
135,1903
2440,8063
2154,4418
6917,8074
3918,5382
2781,828
5929,1098
9972,1586
991,2242
7422,3631
9019,1051
3742,3216
361,4427
4042,8845
9170,8730
7898,9422
5742,295
2960,2167
7757,6649
6961,9842
6321,8627
8529,9608
5683,6098
7277,6715
6934,294
2770,1603
6057,7579
8923,5651
2725,4771
823,7031
3430,2465
2969,5533
4647,9492
5321,4268
5814,4287
7048,4229
2775,385
4497,517
1268,550
7610,1269
9329,2073
5242,9598
8605,964
4468,7212
4085,1782
2610,4910
6659,9167
925,6934
9268,5131
5592,6579
5112,841
2381,7033
1810,7030
2239,5786
3230,523
2622,8707
466,1200
345,7605
8189,4875
8974,2207
1613,6809
6765,9045
2061,5704
5675,1279
4875,3086
6258,655
839,8986
5941,7424
3415,373
688,6264
8199,9460
4430,4315
3630,8109
5429,2716
8700,1172
3853,463
384,9521
2526,4160
6230,2351
1846,9322
8605,2035
5785,1301
9079,1031
9923,9087
6985,4354
5337,5910
9394,7894
4558,8175
729,2710
3537,4918
5503,6610
2452,9986
243,7985
2951,6260
2948,3673
2035,9132
8337,6189
5874,7880
2332,1972
4347,986
8222,4978
8669,7301
1988,6549
9409,5060
9606,958
449,135
2952,3178
87,4059
8058,1837
9294,2292
842,5722
293,8937
2138,288
7394,3789
3547,6964
6675,533
7480,6695
5551,3547
2176,197
2763,6702
5691,3657
8489,2596
3917,8096
3979,6813
3161,9417
7461,3461
397,3957
3809,6101
9323,3008
3867,4278
3879,2204
3052,2740
5180,8391
6357,7579
1098,569
3857,33
4266,9052
8925,5392
2178,5687
2340,7709
1827,1513
9602,6842
4703,6415
3658,8260
6697,7090
2835,682
4373,4000
4221,2587
5150,1349
5985,7018
3414,3541
3559,7809
6136,2233
1265,4703
601,4452
9717,5552
1293,3665
5080,2535
2262,1371
5509,2474
2744,8824
8412,2042
1368,9363
4936,8910
1378,7637
1433,9947
6137,5375
5056,8850
7561,8470
6425,7878
3016,3051
546,3992
5515,8726
1978,8177
6,1198
2101,2075
8763,5208
2540,5852
6772,6554
2513,4208
3515,3307
9856,1795
4950,521
1825,2424
7232,4038
3273,3288
8210,2687
3552,4810
9649,5274
5294,8043
7425,7884
8511,2219
9848,4917
262,6196
3005,4569
9837,4215
4030,8235
8826,1237
7009,9431
4573,5078
1170,8397
2693,3098
8572,6389
3411,6330
2499,7107
4711,1402
2685,4745
9062,3389
9153,1539
861,181
6327,1507
3839,3253
7759,3609
8842,3685
9470,3343
1000,6082
3715,9279
7602,5103
856,8337
558,5020
7812,468
1897,8161
7133,9928
5263,1591
2011,8870
4919,8947
1319,1069
5740,1248
9458,9706
870,7320
3682,9059
1832,5310
7383,2768
2498,8427
2540,214
966,4116
4361,1537
1847,1876
3686,5982
2686,2027
5097,1986
1815,3315
1856,2523
8520,5706
1051,9425
6001,3057
384,4359
9534,1632
1522,6292
3434,3699
171,185
1358,1781
9462,7759
1863,7480
3482,1214
4278,7711
4625,2268
6672,3192
6887,4080
2630,6984
1341,9410
2031,9076
9756,7057
5201,8202
2535,9312
4686,7083
730,6318
747,6165
8575,624
2940,5296
6543,9949
7211,4133
8645,1847
1400,7974
3646,817
2458,8654
957,4225
404,1734
8011,1971
6355,2849
4795,4215
4211,7029
3100,6968
7408,2007
9159,1226
1370,5313
2456,5391
7922,6290
5546,118
2594,4226
8379,5057
4681,7504
6111,818
9940,2107
7760,7777
1032,1721
8530,1260
2971,5703
5253,8572
2178,4014
8036,3616
53,8686
4122,5976
6223,6234
8676,2511
2466,3535
4497,6710
9255,1346
295,6985
6467,2566
6815,1089
9141,4374
4752,4677
8459,5013
2489,3917
3541,5439
1928,2005
1905,6668
6120,7035
4773,5681
7031,2133
6636,8594
7301,3362
1351,5512
8440,8235
5589,8043
2653,6629
1037,364
1753,918
6808,962
5037,8641
3628,2607
6104,112
3794,2301
7078,8653
6809,5627
2070,7325
2372,8510
8026,7625
8638,9046
8071,6890
4062,6382
6124,2753
677,799
3104,2657
2484,4370
356,8458
1419,2624
7271,3522
1756,3192
3832,8017
990,891
4246,7625
7214,9512
9860,6944
6799,2287
2104,6892
2546,7028
834,6026
1393,4227
58,8603
5893,7210
1026,8012
9559,3655
667,5152
8499,5150
8771,7836
9097,7207
251,2815
3453,2307
3287,3355
4047,9561
9455,8004
5077,689
947,8180
6244,1131
4507,9049
2077,2605
3003,2348
1203,952
5174,1023
1243,4214
5322,4786
3549,4994
2681,4961
5831,3891
7992,3950
1985,2438
7296,2198
9915,1800
8177,2259
1938,8989
3510,8990
977,2207
6628,9182
3060,855
1821,4402
7384,7777
3793,2262
3183,9327
8532,1781
2384,6829
4906,348
5594,8924
3950,7559
2648,2909
6402,3850
9088,7003
1809,7934
7030,3717
9760,7318
2238,6215
4643,2284
7791,9509
3725,1149
1682,9428
6591,5582
8378,404
7649,2522
6733,6861
9662,8953
8784,5508
7209,2318
8866,8571
8606,1869
191,8355
1092,455
1988,7774
5998,8355
9554,5141
9168,3259
1435,6915
8127,4592
698,1820
3169,3387
3119,6094
836,690
2248,5490
9419,83
6811,1663
8562,3679
4671,4012
7218,790
7483,607
9648,5451
9334,4870
7776,2787
8286,1825
120,7984
2740,8458
8943,4228
7300,7427
4852,5125
9714,7755
6026,4348
3040,9644
4481,5721
1676,2948
3664,710
2502,3949
6414,166
9679,9339
8353,8426
8061,1042
6381,7744
2332,2882
1390,8057
4623,3168
113,3253
2739,7330
4044,1598
7844,6358
558,5437
7144,5983
609,1580
8730,9614
1372,9545
402,345
6677,5508
1295,8138
9332,2614
3814,2551
4370,8398
4852,825
4912,3833
2895,5051
4596,7244
9099,8001
7199,4897
5385,5826
6906,9676
8794,6484
3486,7209
8593,3363
2498,2452
7830,5629
4255,7797
1382,7693
9712,9654
5608,2850
5173,146
9291,9755
8615,8859
8715,4801
7462,4312
2178,9601
813,154
4619,5492
8679,1561
3569,5741
4923,2527
5158,399
1507,4977
9297,5768
7131,8310
2974,9662
2772,9765
8281,2325
2792,9279
1829,298
4952,3126
6599,7806
5377,8169
5744,3378
8045,7085
1271,7532
9797,9097
4756,2484
5668,9054
3353,5853
2407,9361
1228,9539
4625,9127
9903,4365
3835,1276
4112,431
2520,1439
4891,7072
3095,9789
3214,6930
5842,6905
9253,2579
8179,5365
388,5263
7237,3296
8275,6912
360,5468
1619,1779
6815,1226
4863,8856
276,5877
7214,4006
1468,4407
3188,2856
5364,5596
4120,6008
9930,2769
7361,487
4105,3832
7113,3478
2220,4860
5555,6932
6211,9451
7449,8628
5027,1780
4606,2601
9880,1310
5155,7297
9670,1571
1333,6892
8509,424
899,3400
9291,7370
2637,1419
8987,4838
8616,3595
3307,4260
3438,5821
795,4913
82,4936
1777,2024
7217,4309
6362,1005
9684,3814
3979,102
4610,1056
5397,6614
5874,6166
2087,438
5455,3795
6110,8466
2532,3764
4359,6974
4774,4831
4980,1283
2193,2116
3597,9162
5706,5407
9950,6804
8452,7255
5071,4740
1167,5846
1,6233
3130,6645
1763,8939
3401,100
7172,9185
5858,9891
2019,7101
4193,1375
771,2261
9131,4300
3258,3455
8367,6492
9017,1240
2168,4217
1157,4353
6400,6245
8612,9510
3055,4827
8275,1036
5569,4769
7300,3847
1189,8477
4277,9637
9489,4961
4315,4218
4803,3380
9118,3769
8803,9215
3789,8668
4436,7264
7795,8017
329,8526
5633,1297
564,2266
5467,2397
6361,3839
1023,535
3858,3686
2383,1162
9756,7704
4656,8951
8510,9904
5035,2606
7209,2860
6545,3573
5291,5040
1963,8536
4638,1751
4271,1037
8573,1016
9934,8978
6999,3841
6731,6310
1788,6834
6198,9009
5716,3128
5334,3552
7119,1908
118,9585
263,5544
1174,9623
8241,173
482,8186
947,1156
975,767
6223,2215
8866,7552
3838,2587
4923,4855
3416,8101
4782,3564
5983,9542
786,4760
4539,9604
1746,8870
5088,1862
178,8597
1004,5851
9051,5676
2268,680
4663,267
5054,4284
185,8249
737,962
3987,1264
4809,9843
4747,9873
2815,7237
3831,3956
1125,5299
3013,8705
2775,2458
4551,6420
685,8430
2796,5201
3117,5639
6986,5652
7101,5371
8967,2019
2710,2009
4247,6594
260,4831
1280,4131
1098,5673
3369,2168
3090,6471
9793,422
450,4505
4876,3656
5370,6010
9447,7661
2682,2646
6557,655
1073,9864
6162,6577
1040,3861
5068,5108
8428,3391
4226,550
3043,2599
3165,7479
2790,8530
6699,4969
9236,582
706,2164
3799,6690
2961,7620
3943,6152
5042,5808
1261,6455
9932,9031
9555,1721
6581,9512
1958,9109
3061,2990
5293,4226
7190,3398
4420,3578
87,5263
9953,3878
4687,685
3207,8204
3422,8778
8681,353
863,3962
2774,268
8490,9705
9666,9097
823,3347
9942,6023
4349,9663
4590,3567
7944,569
3296,6017
8872,2411
6476,844
630,8599
1743,8170
1154,2483
5602,9478
6647,9250
8559,1131
7184,9931
3043,6330
4789,440
3855,8279
7965,30
2873,769
3095,2963
671,8748
9828,1409
9531,5709
9835,3893
3506,2081
2400,164
3415,4506
511,3196
45,4967
1794,4690
4681,9311
3714,685
1749,9258
1339,4637
5665,1612
1448,1193
5653,8111
4205,5301
2737,9612
5843,6604
4517,8261
2045,7040
7148,6258
8522,7915
9571,3094
7844,9216
88,909
3701,9235
4158,6821
9753,6210
9900,9893
8174,175
1717,1982
9783,571
9090,3485
8497,240
3195,7850
3309,5163
7526,1393
6396,7412
1846,7466
585,4107
6516,7047
5375,9201
3659,7194
891,2048
1245,5136
2077,392
451,4045
3432,8295
1458,5557
905,6660
2585,1764
5428,5033
5351,3020
5897,554
5433,1945
2070,8854
2769,6562
8662,8825
754,2158
6519,6603
4648,5135
3065,5273
5301,2032
9779,174
5397,5303
2063,1773
8979,4439
8309,9246
9076,6790
9782,4723
5969,453
8767,9413
4947,3825
6957,4736
6103,8644
3807,4423
3441,2073
4359,7574
7948,5787
3355,5730
5983,8376
6968,2927
9580,87
6934,9310
9138,7139
5782,3968
3058,211
9911,1500
4414,9608
6745,5225
1773,4210
969,8937
9772,623
7610,8354
8350,6593
1317,8041
6836,6219
4151,6989
3736,3032
4617,3550
6291,9016
5613,3384
8895,2807
4644,6032
1574,7548
6748,537
8857,5867
9015,6883
6429,8823
9111,4834
4703,9976
7749,7110
5176,4772
2592,1068
9692,2189
7779,3584
493,7048
9375,8669
5036,3989
9880,291
2943,6144
6172,9412
6926,7618
7821,1291
9048,9988
5392,969
8946,9762
3134,9757
2591,2456
3224,3104
8428,8940
7815,5674
6482,8311
5793,3924
8318,2113
488,8539
3085,2584
8700,2765
2433,1229
6433,4820
529,3739
731,3132
4780,5492
7302,4579
7246,6298
9938,5916
9499,6311
8123,3215
7080,4426
9862,6401
9385,1791
7624,6587
9717,4937
305,9977
7189,1230
5909,578
9612,1727
4859,8639
5809,403
9295,8826
5575,991
594,7477
5725,6964
4449,5987
6961,9013
3379,3943
8480,1603
1131,3927
3801,9814
9982,1372
7679,2218
8174,1545
7069,5173
5541,1142
7267,2625
1534,9416
2591,1626
4700,174
2583,3557
7822,7850
7667,8122
3002,2219
3976,6064
918,1587
9166,2868
5239,2361
7971,390
5648,7470
4168,8992
6636,7924
329,6019
8326,4095
5322,1935
5813,8060
1037,3199
7158,6601
1329,8863
6737,8288
6276,7196
4414,4963
9816,4886
5920,2021
8996,3716
527,4963
7937,5844
7380,3246
2949,2461
5021,2149
3101,8099
480,3091
482,5222
1612,2274
6574,2632
1339,3835
5400,7513
8276,9548
5820,2353
8318,6980
1430,7305
2014,8590
460,6774
7281,4407
4107,4707
7733,9853
1802,9945
3793,9351
667,3166
8150,2203
6672,6664
7453,3920
2058,1804
7135,8929
8780,1976
3027,7849
3054,4697
6034,7985
5917,6361
343,4804
3648,5176
3843,876
470,4886
3245,4507
4539,2667
8854,6279
9978,7491
1081,7282
635,5738
2113,9333
1293,3199
4854,6505
4303,1512
2895,8674
4361,3522
3963,7001
1992,3554
3067,2372
1894,7485
3783,4660
1015,8145
9809,7210
8031,5294
2662,150
7570,5957
1792,9150
8692,9275
3880,4968
6543,6921
4601,4325
7826,4116
800,89
4374,9364
112,7787
28,1763
8467,7237
9618,931
2426,3688
4069,4876
1781,2672
9617,6194
7422,2287
7603,9967
7519,3241
4751,8418
244,8236
6701,5555
4507,5993
5086,657
9800,8179
5965,3595
6549,6595
6801,6071
9991,9366
2015,8354
6539,8852
2220,9333
4351,9213
6672,7280
2910,5233
9413,3461
2803,9788
8559,5924
2895,3021
2598,4031
117,1074
9934,9625
2818,9298
7784,7856
298,406
4945,7171
9629,5333
3192,8193
5817,6426
9629,6593
3945,2692
6469,8888
5787,250
9946,2394
9424,4585
6431,4400
8684,8779
3473,3442
3293,5750
5609,7809
3512,478
9439,5011
8110,1111
5544,1452
4702,8076
3232,3398
6757,5333
5394,973
7760,5305
7811,1450
498,7872
9519,5161
7969,578
7772,1913
6778,2578
9243,335
709,2561
7645,1799
4371,7856
225,41
7795,8838
251,1924
7125,1817
8305,2313
4822,5997
2255,1111
8250,518
7722,2702
5799,4396
9473,7970
4653,8410
9824,4462
6564,9139
5231,4002
911,6562
711,5035
6124,3403
6516,1118
941,1380
6117,9233
976,4634
9600,4021
5482,6289
9411,2243
9219,4219
5222,8834
5451,2420
7852,7027
1099,24
2457,1561
773,354
205,3320
493,7234
1933,6169
2945,9961
2083,7079
3748,8164
1516,777
7048,9571
2223,6012
8921,3221
2990,4460
6039,9778
2996,8176
3676,3284
4783,1119
860,2675
7991,9330
6745,5804
2044,3736
5686,2525
6158,5104
388,6511
9861,3174
5144,8064
9873,3949
2685,1821
1884,5077
4758,7177
8476,9257
1468,4492
2133,7641
7365,1626
2986,1743
4470,9582
1796,7311
4175,9747
3915,7344
276,6624
2993,1345
7517,8878
6958,7434
6563,9687
5350,6112
7514,7148
5367,3972
8414,3794
2975,9625
2214,8747
7258,4481
7190,3037
1480,8051
9824,7377
6285,3082
9674,2298
2386,1757
411,2687
7594,3782
6830,1607
1775,6802
7721,5968
2426,964
2296,5772
2721,1766
7026,1241
5930,3613
2349,187
2318,6679
6302,4424
1145,6148
4552,656
2478,9918
4422,3191
7448,9303
9812,129
3082,4430
3654,5897
6648,6973
7708,9821
3167,4977
3614,7833
7871,5735
4673,2430
3257,3568
5740,4031
323,2849
4836,6296
952,3129
2386,4636
4076,5695
4231,3017
5325,5768
8838,3706
3942,6834
2559,745
2605,6448
5660,4287
1004,611
7428,7497
9181,7185
6862,9640
4670,5908
5775,2902
1171,2402
7476,976
7131,6084
491,1940
8075,629
5260,3544
8775,6873
8837,6916
4399,7063
7746,9854
9350,5045
8012,560
6813,718
9688,6424
2926,5283
5328,9820
5189,4555
9679,4055
4984,5208
7078,3269
5000,1672
6780,6087
1104,5012
8530,6067
1513,6265
6499,2571
1856,320
7787,2952
1903,2476
1343,9907
4872,1456
3258,7055
7009,9706
600,599
2168,7360
7530,112
1352,3493
4682,5674
4164,8872
1113,3240
1392,2282
980,6297
2143,1690
6245,3843
2342,942
5734,9836
8272,5488
2464,3332
3723,6227
2177,5634
8639,496
9004,4697
8175,2689
2347,3734
5896,9770
9023,1657
1382,7215
9656,4846
9094,6837
6720,6023
4454,5241
689,4903
8473,3303
2167,2702
6902,1225
8320,9196
4448,4316
592,6452
3297,8016
5713,8303
3935,6332
2808,3161
2624,187
1203,5964
4714,7463
1822,9095
6851,8624
6133,5418
3303,5097
8723,449
7272,3776
8440,6634
6240,2632
5930,3141
5522,4229
2051,2664
5182,6035
6968,6988
835,5234
9,1591
126,530
1380,2182
6769,888
788,471
4527,2506
7351,8481
7060,3805
9566,2448
1858,2664
973,2417
4662,2372
4386,6438
696,2578
3714,9878
9329,9273
9279,3380
5191,3707
3750,4187
3844,4756
3444,8467
6357,3598
4329,9202
6318,1827
8469,2066
9483,2960
7006,762
7473,8465
7076,9308
4354,4831
9180,987
6927,7380
4120,2599
2617,6823
5031,3415
1776,3080
3689,7681
6748,7513
2667,8744
1642,694
481,803
6766,3779
6113,8390
4023,2033
2444,4624
1296,1741
9432,8960
4578,2741
2360,1780
2983,4680
2605,8543
8505,4345
8149,182
473,9630
8386,1512
9676,8331
1158,888
2608,6103
4586,4360
8076,3160
5854,2804
7429,4096
3403,152
4156,8515
1700,750
4261,8723
218,2472
6851,186
670,8358
9439,9091
2978,1253
7608,454
5449,2836
7172,2158
557,8340
6148,329
7263,9212
8725,2379
7512,5494
4099,5167
4462,4282
2248,1819
9155,6564
6498,8255
7176,468
7491,4138
4574,2627
3042,1705
8893,8541
9951,2813
6045,4607
579,312
5794,1837
8869,3236
2613,5680
3561,5263
700,6011
3604,134
6492,9801
9963,2637
2581,8677
7992,761
6252,9302
8846,426
8086,2356
7012,2841
1343,8091
333,5321
4443,2491
3049,4733
9924,1337
5300,2790
2418,455
2636,2583
7544,9946
32,7847
9691,9757
7651,9026
8574,2418
336,9821
5880,2144
1704,7508
6519,3486
2166,322
8622,5114
8212,3067
234,710
4375,6281
1554,1983
7044,9266
2701,3276
6598,3906
3789,6512
8536,6490
89,299
1900,3013
7736,1827
6430,2579
3497,8282
8707,4900
4960,5837
4187,7938
1963,3145
4501,4715
9218,2970
930,3834
2093,3745
5777,529
9215,2689
6458,9301
1120,2054
4070,7078
1865,5794
5995,9290
7960,3461
7718,1653
2052,3673
8305,1254
9914,5624
1300,1681
3141,8890
4183,5652
8301,3294
9494,2393
7990,4148
2013,9303
1993,661
5570,7317
5935,3056
9315,8141
4538,6226
8276,6424
3230,3905
9259,8155
8300,3205
9543,6910
2736,4228
2666,7909
2304,4296
8167,8925
5829,7167
9750,852
2662,8062
7573,6981
399,2179
4585,4015
6401,6742
18,3170
9651,8586
6220,4069
6214,9814
7169,2422
1558,6539
7596,3503
1116,8802
9273,5169
3984,6516
1065,3504
4076,5268
8465,8059
140,3388
2689,2006
7201,8803
7410,8102
6085,8664
2601,3144
1017,7534
3432,638
9947,8356
2900,8775
547,4272
5489,6362
3755,7159
5097,5359
7295,827
6235,218
7210,3218
2304,9029
7424,7215
5337,3736
9866,6047
4261,3656
4316,3410
2863,4265
2499,2787
2707,9601
474,3398
4113,747
6011,8430
2410,517
2450,1480
3128,9990
2957,3623
8778,7087
368,3564
1468,1405
8070,1762
8581,328
4770,1236
2426,7340
178,4252
8704,1681
3477,1480
6894,9753
2563,4522
7745,8005
187,2237
3450,7172
4762,9040
7282,4217
1607,4240
8173,7320
3132,3238
2700,1614
782,2617
1789,4394
7261,4674
2093,4011
439,2235
5853,4647
2295,6530
9074,2117
2812,2176
6358,9575
3108,624
6221,6008
2663,2382
9346,1566
6831,382
6143,5900
3813,8422
5019,6183
7511,345
5406,2083
597,4929
2080,5961
5756,5384
2080,8807
3338,595
9089,1476
4207,9500
318,9518
3572,6410
8653,4418
1766,1599
2610,7143
7787,9630
8922,1784
6949,1415
7176,5212
7476,9008
8781,340
5317,9169
1888,9856
8008,2540
3277,3934
3776,8824
3961,4944
7908,6265
9044,4521
3890,1437
743,3892
9123,8453
1037,4416
6794,1230
8206,4412
213,4507
1879,5563
150,1089
1157,4852
1180,94
6319,7993
1898,4039
5172,6034
7497,6221
5450,2630
9849,7227
3125,2453
4754,735
9816,8356
298,66
1654,8981
7263,4678
9329,291
3123,3819
836,9175
6392,8574
6764,6106
5393,4654
4288,3784
5144,828
626,7341
2670,1950
6126,623
4413,1328
6095,5799
4217,601
2001,9997
757,6981
8945,9279
753,1812
9984,6157
6273,2958
6502,900
7625,561
6116,5238
3397,2009
2306,1667
357,5962
8807,7318
5366,749
1462,1165
6059,1285
7717,4406
3370,9933
1274,8723
7779,7968
6494,5242
267,3812
643,412
8519,8115
7602,2736
7668,1048
6316,8891
8387,5075
9027,6541
2369,5752
3329,5483
6917,7002
4822,3189
1267,4800
9231,1668
205,6626
529,7026
5913,7090
534,2549
5662,7929
5454,7449
4456,6333
4534,5753
4155,6556
6022,1722
3716,9303
4068,1733
9946,5870
4007,2830
4948,3028
6310,9893
1204,3631
6030,7945
6065,4254
3650,9540
7506,6199
4573,7015
2166,1388
4339,2082
3441,6889
2773,3440
9793,2701
628,4861
3615,5891
4077,6517
9952,9452
8962,3979
1835,6234
6825,2786
5061,987
5565,1612
2120,320
3842,9212
2434,7849
1959,8698
2602,9344
2132,7650
9501,7102
915,2761
4246,9645
11,2046
1693,2188
3782,9977
7334,6552
9989,5907
26,557
6202,7137
3443,4521
5442,4334
2288,9545
2726,4467
9944,5059
4630,9878
124,8959
1478,973
8741,8018
7221,5933
4733,1960
760,8723
921,3917
8150,6622
180,9561
3580,2823
4167,8838
9633,5359
4931,1519
6291,6227
129,8534
2752,5438
2353,6738
3841,6588
6592,4532
4081,1526
2549,2564
7675,7166
9657,2541
7409,601
5734,5601
5369,4020
2344,6218
7650,2356
5953,5695
3092,558
5993,2047
1349,2927
9586,1564
5784,8586
313,7911
2529,4140
6328,9013
4211,9757
1337,5499
1370,5430
8581,3579
7236,8713
9211,3098
6425,6449
8156,2301
2252,183
9618,1760
6410,2798
2497,9010
4928,76
2342,4305
1417,6677
604,6813
7220,1733
3437,9308
5380,4890
3381,393
7937,5292
8035,3514
9659,4362
2633,4413
5327,2354
9202,1005
1859,7309
9651,3175
7131,3317
3178,7731
6174,9427
6035,6226
6514,5161
5930,6707
531,9289
442,3665
1203,352
5940,6557
7884,4419
475,7187
7713,5380
444,8779
3634,2993
4204,2735
1918,1241
9641,2084
6611,8604
914,4823
7473,654
9667,9221
8684,1671
8184,3463
3552,5674
1346,5736
6767,1232
6008,6692
5078,1728
6565,2702
5582,8014
7711,1982
4478,6349
9656,3926
2941,9058
8877,7856
2165,2663
9580,2262
7379,4680
6322,2509
4299,5373
8034,734
761,2788
4306,4370
4754,9275
6496,4618
9785,5687
9089,1129
909,8676
9162,622
751,1130
7224,577
8226,3144
2633,9321
6587,1535
6061,344
7848,1150
2935,3652
7693,2581
366,6387
6617,1832
2513,8642
4247,5730
3255,5250
305,3971
6371,8320
9726,6280
4966,9183
1788,694
9519,5875
8185,8482
61,8797
7243,7840
9734,9662
4240,6838
8784,1562
3519,9707
5228,3739
8669,3298
9634,3439
764,941
2744,4319
3086,496
668,1948
7223,3460
7585,6840
5248,5940
230,5742
2824,8823
4305,1072
1269,5978
3323,2171
3912,4009
5189,7929
7439,4122
2121,7411
8724,1415
9419,6592
4418,8246
1774,1694
6343,4822
211,2108
7029,4776
1772,8545
6611,4440
5966,9581
1137,8342
1589,6171
3209,981
9265,2303
7200,7312
1598,8561
4923,9572
1314,7686
8063,7854
1968,9384
6304,1905
121,9154
9979,3988
7762,3897
8144,390
2448,3706
3911,8143
9456,1340
2612,8324
803,1394
2580,8838
7207,1776
5447,1384
4913,5782
7576,6603
6373,1758
5079,5096
9144,9134
4455,2554
7149,9099
5235,9829
8796,5210
6364,1223
8033,852
7758,8841
7280,9573
9073,8225
2886,9441
8586,4888
9946,132
9761,4435
1955,1044
6574,2160
147,7478
3949,9183
8001,6217
6992,1114
6341,834
2724,1395
7548,5349
2939,2296
9963,5694
9608,6613
1839,3161
5834,2551
6787,3652
8543,72
3180,5870
4266,652
3534,7836
1632,6103
6754,5800
8107,3705
8431,326
2657,5399
7412,4565
6895,1078
1064,8350
7471,4630
7912,269
7754,3530
5711,8953
7110,5872
1941,737
6239,9521
2270,4180
4148,8982
8243,9821
1897,1476
9758,8698
3850,3031
8750,2743
8911,5015
203,9260
2778,8808
9603,6960
1277,8020
7411,712
3545,8621
2609,8448
9682,3474
4294,5444
7182,4544
4441,8763
5420,674
9734,8561
6273,2374
3918,896
8109,6221
4584,2794
700,5919
2757,4598
5529,5145
8210,2292
141,4596
8774,5694
5845,2883
3338,9118
4626,9721
6680,4294
6057,9732
8652,9392
7402,8186
1192,6514
4942,2286
9556,925
8922,5983
1298,755
5425,1998
864,5058
6325,5978
1462,9713
5406,6585
3615,1046
467,4037
4820,6898
6644,1040
468,1338
75,1862
7520,7283
6823,3134
5586,6088
2120,1308
3118,2475
4745,9046
6545,9366
6086,577
1622,9036
639,8327
71,2418
6981,4343
2609,3811
994,922
9440,3380
4933,5501
8073,6965
2298,8928
5495,4049
2968,553
6588,8866
1444,8326
8889,6227
8068,2109
9754,9908
8941,6930
8056,1060
6589,6437
4450,5438
6341,7908
5974,1314
5518,6484
6696,4222
3837,7064
2821,6441
2065,7068
1410,7677
680,2721
1677,7134
4753,8244
3317,7611
333,3869
3958,7232
5423,1857
4844,9365
8754,2069
5497,3863
7002,9104
3153,9137
9282,4795
9378,7911
6133,7655
3730,382
1016,3435
1536,907
6212,1081
9405,8999
6433,9036
5251,8315
4206,8737
9235,4622
2766,5198
2893,9432
4860,4691
8440,9970
6383,2828
417,7517
2440,5616
4656,3019
9160,3017
3335,7758
6447,816
3556,8043
7887,8516
2469,2457
1791,535
3755,3660
7739,3957
6327,6521
2601,3394
5264,1142
2342,9839
6279,16
6911,1513
2098,935
2476,6702
9525,2266
8902,892
6415,8122
9610,4184
6927,3006
2357,6248
7447,9043
2799,7518
5673,6541
8612,4577
1871,1567
1037,9033
9639,4371
4926,7271
1530,8470
8264,2831
8782,739
4574,8227
8417,2746
8261,1549
5782,957
7029,3784
7852,567
8620,5452
4937,3002
4770,6852
5623,4227
5255,7373
2197,1067
8392,3534
2798,5261
1632,7119
2934,8431
6571,1271
1376,5711
5526,7782
4732,4539
3746,6699
1774,5325
488,7299
7515,5921
1334,3215
2765,5013
2951,4976
1429,7596
8337,3874
3951,2878
7432,5058
4257,7616
6336,445
1742,9691
5503,3399
3463,1404
3441,8693
4001,4551
2805,1559
7074,6137
85,3109
516,1177
2995,949
6652,3689
6478,4151
3956,5391
1732,877
7284,1754
9970,8986
8064,3460
8038,4005
2379,9715
3397,7818
9449,6123
4745,957
9650,3076
2802,7708
3586,7171
3294,209
1757,135
5011,6016
3248,258
56,2867
9218,6867
6212,1824
9178,8348
5086,9459
2074,3733
7043,5613
5833,6540
3830,8761
3119,9718
7042,8471
8553,5495
43,391
2540,5578
2675,2739
7750,7741
2456,7977
400,2765
8170,2052
1183,3337
315,5814
1402,53
8223,1492
5302,7742
3362,9742
5053,6436
6441,1753
8894,4121
1248,8795
6109,5013
9043,243
4395,5108
760,5474
5952,4076
3066,3530
2325,334
7280,81
7326,3752
828,1233
8484,4229
5888,9360
7265,4722
8186,3863
3413,2446
544,5906
549,1805
1430,3043
99,1241
9005,3523
312,4902
1125,6741
4078,9023
7187,8712
9723,7202
6686,1418
7367,9605
4291,9476
3070,5332
4201,6758
6257,4889
3279,9759
2887,8566
5441,6344
7649,5105
2521,4830
4700,3132
6274,7835
3663,2721
5095,1616
3507,9479
6106,6337
6130,6131
1505,1341
3129,9021
8555,6888
215,4654
321,5943
6376,1683
9207,9511
2347,2721
1025,6154
6654,6645
2194,3743
7355,4742
5840,829
9228,330
2900,2603
9867,3697
6077,6879
9540,6162
2228,9282
8075,5265
4122,8573
7962,937
9245,3682
6499,3659
9417,2280
6036,6451
188,2372
1576,8612
9346,6481
170,272
1247,1645
4900,3701
1899,79
1093,8135
5047,3832
7265,4966
4270,421
5075,1948
5542,1838
6430,4037
4470,2926
4033,4427
8881,2400
8424,9469
4577,2962
4271,9708
5279,5433
7938,5858
7311,2081
4191,1247
1208,1278
3373,657
704,4964
2598,8303
6503,7471
1936,5378
2874,8832
6873,4353
200,4485
8992,2279
9361,484
673,3235
6730,1859
8584,4508
4716,1783
4807,2303
333,712
6130,231
198,2173
5512,8151
6643,3945
1900,5638
3290,4161
7953,6584
4483,9512
9236,1109
9798,7786
9315,3097
6241,641
9740,6104
7000,6631
8000,4123
215,1113
5094,2554
1316,692
3483,6136
1567,4224
6823,438
4347,5525
4668,9813
9974,5421
8344,8860
8116,2952
9753,5937
9226,7926
2432,7944
7974,6085
3054,9878
4988,8999
1563,1392
1692,9294
9365,3317
7327,1287
5749,4692
287,4609
14,1740
646,5528
351,5358
1183,9011
9256,8576
9849,614
8409,1745
1386,5268
2405,6565
4288,9284
69,7788
4867,6479
8826,1491
7190,804
1050,2694
7980,8232
2540,6016
9335,6509
9326,1313
8283,1294
243,7338
4017,2900
5275,7512
8680,3192
9018,7163
4054,2134
2458,978
6477,9354
1868,213
6440,2601
3018,7647
6164,5663
9304,5398
3548,5984
9561,3463
3196,6877
9710,8979
6983,3478
5049,480
5188,214
4848,8413
1987,5855
9900,4119
4718,5251
5617,2561
2698,1692
1368,5059
7821,5257
712,2929
489,6117
2036,54
3782,6597
3406,4222
6303,7790
4200,8365
7778,6417
7627,9983
9227,7540
4545,6781
3818,1679
8988,2776
1568,799
1146,7478
7609,7402
1184,6630
7331,3168
5075,2913
2094,7386
8341,1135
2107,9873
8044,7091
4710,6526
6159,3717
1152,6106
8282,9434
3413,2657
3090,1841
3213,7975
1074,2140
5950,2199
3458,7625
8814,6708
6553,2685
4006,6366
2889,2060
1794,1140
1209,471
7765,1152
4753,1698
7241,8611
3982,224
5652,9741
3637,206
1686,6537
4292,2666
5471,1683
8740,8254
9405,6679
2315,668
5603,9607
6030,9431
9318,3337
6931,9307
1041,3755
8868,8731
9096,3444
9120,101
8201,3080
8971,340
1406,1031
5318,2850
3279,9490
9657,4440
4421,3627
6957,6387
1785,4649
534,6916
7147,1157
7949,6213
399,3812
28,6595
2001,6784
4707,4700
8505,7157
8328,8327
42,8230
6682,730
6420,9657
3398,4395
6649,5030
2578,7431
8109,4855
1783,8633
4582,780
8941,5384
9443,8526
8174,5295
4777,6877
2028,1994
9481,5625
3006,682
9485,6041
6261,1221
6801,6380
622,9821
3822,9386
32,7595
3905,4837
9444,5432
5083,5361
8661,9848
9793,4398
8813,6083
6676,3470
9263,9281
2811,6359
9555,7394
3228,2854
635,9031
249,3038
9013,3440
6999,7212
1657,8243
9450,7704
7618,213
9965,1050
7401,9081
3438,8966
6669,4306
5413,3046
2271,2423
2740,7363
7738,4898
2778,3856
8320,6372
450,3939
6127,3497
2505,7104
4754,9859
7245,9731
2436,3014
6640,9946
7679,575
4652,3613
6834,7554
6704,3947
3378,2526
3001,1010
4983,7039
7644,8731
791,4720
7951,4383
5248,6475
8423,6938
4783,335
3692,5099
4350,5117
7689,8996
2937,4479
608,3573
5249,9156
4939,9983
794,1228
2348,7495
3855,5837
2597,9978
3382,2320
1348,9927
4061,5019
2886,2846
8227,8988
6653,6163
6116,3886
7180,7598
3260,8411
9535,8194
1149,5103
5479,2056
6860,2612
2291,9207
9653,5903
4042,7202
319,3719
8005,9247
2681,3005
8682,6031
5316,7308
7986,143
7355,7439
7948,3146
860,6425
4859,4761
4250,1845
9738,2856
572,7242
9904,7013
9149,7594
2591,4600
6934,7064
6134,3626
7337,8644
9654,6419
3348,5445
1025,532
2917,1105
8702,6925
8797,844
4329,6205
9437,6570
8360,4980
8109,2019
4601,5830
4988,9346
8519,7246
6961,4249
8171,44
576,9333
6126,2381
2456,5290
4924,3029
1481,1723
3973,8892
4194,8120
398,1442
6185,2836
2580,8608
228,3905
800,3741
2036,5099
5190,6121
5106,8814
4568,9817
5362,5348
2247,8240
1155,1311
5705,5255
3352,3839
2134,9273
5633,3233
172,3245
4546,6085
8291,2464
4133,3130
6571,4046
9532,6312
7121,9917
4718,4937
9009,5559
4755,7988
1285,5970
8923,6104
6875,1117
8632,9282
9780,697
2076,8795
4873,4273
3164,1698
8280,2584
2212,3905
6157,5582
2341,957
3436,3006
2617,5007
1210,4503
6423,347
8379,7365
9378,4506
4981,2475
4460,3800
9716,1856
696,2827
1559,3219
5612,222
7992,715
1477,9210
2249,3952
725,5216
9482,5600
8071,3813
7495,2047
5443,9690
4893,5950
1437,8903
1101,8166
856,9204
7065,8865
3528,2180
6124,5590
645,1486
4999,6879
1883,3913
3909,6568
9342,2275
191,6423
7995,4014
1788,3410
8282,8823
1984,2065
5664,1221
2662,1393
2001,8811
8168,9106
1138,1802
4091,6366
8075,4134
1992,9799
8875,4658
9636,2251
2871,7226
9841,2166
7243,7294
605,7269
8721,7302
8600,3090
8462,7047
9444,705
2457,3792
4773,5462
520,4241
7143,5536
8435,2153
3487,9606
1161,6457
3514,3693
8977,2971
849,6627
2409,8681
7646,3179
3194,7979
4920,7797
8893,81
858,8393
4374,2008
1955,3984
2847,4045
9350,4559
8384,476
1457,5713
7305,2275
4490,16
7090,9384
2502,6752
6138,4659
6979,1656
2539,8809
2117,5838
6031,7783
5390,845
2204,9511
3222,8310
7210,8882
2763,176
8966,2162
9265,3309
4847,1075
8858,1131
5469,3365
6129,6483
4945,1744
5697,6289
2216,7285
9442,9601
7881,989
7923,5250
7582,1825
6515,3850
4207,2725
6233,7510
1369,3713
884,9612
9054,8989
6813,3247
2998,5112
89,4798
8484,2501
2458,1337
3651,9315
4804,3777
5551,7432
45,8252
2672,4249
8334,8737
1056,1160
7382,3094
4718,4667
174,1459
6091,4357
1143,8898
354,1491
5791,6966
8677,2021
8339,8533
2050,6006
5374,6484
2628,4762
2704,7437
2726,6532
2410,4543
5490,2545
2245,4483
8536,9924
9218,4406
410,2239
7420,695
7652,8346
8122,8239
297,9140
1680,3016
1800,1379
6405,9980
8749,4649
7376,8299
5220,7381
4747,1048
7657,8451
1722,4385
75,1
2949,2345
5487,3743
9024,1603
6880,5443
5020,9805
467,5286
7942,9415
8345,1630
1709,3758
8494,8264
7825,506
95,5233
3079,7136
5385,1842
5705,4085
2667,7526
1066,6752
7149,2938
839,7065
9994,3984
8745,8132
1497,5487
8151,2469
8474,2490
3289,9935
4475,6491
6599,5869
7514,8860
4575,1147
2741,6306
2246,5026
5165,2743
3542,1038
3769,5874
4261,814
2615,5701
2662,9272
3453,4179
6825,2390
7198,5564
6413,2897
7512,1398
4006,7512
4842,9642
3513,6541
322,6664
8869,1452
6180,3367
5180,7241
2695,3677
3582,3605
5274,183
5238,8316
6548,2231
2254,2063
6569,1687
5470,3961
4648,8094
3714,2624
2081,9214
8825,5129
9652,7926
5273,6744
7653,1563
4704,4163
5435,318
6390,6450
2967,8234
6734,1238
4082,7133
4379,8851
9328,9745
5392,283
8848,9477
9759,3576
9237,9596
5378,8325
4719,5634
1016,6217
1202,807
9256,8802
7193,809
8049,6778
7667,1586
9458,809
1547,9691
2197,2022
9077,6155
4678,8779
1940,6913
7601,6276
8489,5994
7849,5139
1398,9951
9989,916
2993,6222
4358,984
1508,8803
7491,976
1969,4178
7189,6792
2770,6580
3471,7485
2462,8748
9524,3357
9240,4741
8348,4185
3826,7610
8322,3609
7535,6673
7989,4220
565,9397
5646,6826
4785,830
1681,3385
9221,6143
3580,2104
5740,4124
7500,1660
2463,3318
6847,9044
9312,581
2437,5099
3603,1008
5535,4377
908,6460
5322,8502
1699,5599
3237,4461
4036,2656
4093,4504
323,8413
4186,9470
61,1463
2082,6437
986,6334
2747,8486
5279,549
9310,2524
6912,7970
4215,2296
3394,1924
3449,9189
1598,3841
2574,3987
8161,2395
5388,4706
656,1919
5715,5932
441,1290
6227,2335
2581,6551
4715,4389
7754,4729
4668,2658
173,4002
8876,7482
5716,7534
8422,6173
4938,7455
8734,640
3387,9269
3762,2569
6255,5530
797,2455
5460,9975
5189,4491
2851,2087
9972,8935
2021,5670
9123,5009
2127,7701
7586,2499
2856,6301
2005,739
7995,8332
8969,5834
6711,7361
9124,7908
5780,4929
777,3139
9665,1748
427,8751
2585,9919
9433,2782
7652,7262
8200,508
9865,9950
9390,5479
8288,484
6890,3482
7397,3694
2482,6004
7274,7716
9780,4820
9844,2121
398,5876
5413,8484
4584,1407
5642,8966
6047,5503
9802,9351
9965,7735
5151,7490
9796,1946
3473,3289
9594,6935
1789,854
1965,1906
9253,5440
6599,1199
5058,2230
9677,9917
3572,843
8706,93
6202,6654
1337,8446
6460,2596
5895,8391
1781,917
1815,4464
1583,1184
2855,2701
5527,5595
4255,4087
1759,7035
8610,7449
2050,9980
2141,2180
3026,557
1628,7280
717,6236
7388,7135
1966,137
3963,2895
7696,8938
9531,9229
1885,1675
9366,6944
4341,2991
4508,5033
7658,8007
9975,3413
9016,5230
1199,3164
9986,5823
4442,9497
7335,7603
8795,3398
2836,1275
235,5108
963,582
6405,9540
3905,3471
4187,9573
8573,4551
4087,1130
3867,6378
9100,5463
57,6560
8282,4312
4217,6899
3488,1054
2861,2488
1819,4327
9857,60
8365,1641
6866,1900
4217,7034
1293,6817
5659,3535
9186,6998
4677,8736
5046,9991
995,1796
5528,5544
2896,5934
6955,6703
7473,4307
7058,1407
1744,8134
9787,9682
2051,2306
2386,1570
6746,2628
8182,8660
1352,9571
5944,8177
7049,8045
9823,9714
5426,5999
8937,952
8773,6560
7500,662
9475,2650
2731,3099
1084,5207
5076,7983
2563,7732
5558,4506
5981,5220
3487,5548
1704,6612
7556,140
7815,246
298,96
5611,8012
1392,4597
3022,5571
9744,8860
1305,5482
5035,9361
8710,7693
2385,665
303,2706
7634,5448
229,1871
9454,2173
6797,8582
1016,170
4485,2479
8666,3203
1764,6064
8818,5218
6767,7259
3722,9205
2759,1412
86,2373
2512,7118
9942,2915
9549,4929
1882,6785
1239,7625
5445,219
9069,9422
1291,7232
7684,6076
4420,865
591,5055
9554,5892
4203,2748
7919,4773
6753,7918
3744,8362
7583,6876
982,9538
9936,4772
7075,4585
390,3974
6921,2170
2682,4639
1134,946
4267,8961
428,5373
2466,8619
5669,4895
8678,5114
4019,8529
5819,8300
5229,2821
4294,876
4278,7288
4763,3407
7616,6164
8487,2506
478,9887
9898,8382
9239,5859
412,7681
7829,5195
3616,474
2637,2790
8005,9657
3226,6683
1785,3441
5378,2058
9993,4482
2506,9227
4292,1815
1061,3973
5566,1785
9608,2604
335,2318
6889,4728
8315,8194
1573,5375
6797,7552
2992,9454
6924,7373
5031,9561
6688,5217
1490,7244
4381,6882
7702,3981
3966,8975
4983,209
6061,5639
1114,3479
5471,8404
3752,9797
173,4391
302,1053
7116,8768
913,6251
1374,9929
2144,1918
9698,3889
7890,208
2022,4944
5502,1748
3981,7548
8521,1259
3995,4807
3881,5427
4268,2514
5832,7549
3861,7267
1349,4985
5395,1934
8085,976
6400,9731
5975,8062
1636,8084
6596,9018
8535,4848
5525,6835
9316,6721
6927,6649
1754,7167
6665,3748
2972,1839
798,7941
5912,3595
7374,1576
8437,9135
3199,8898
325,5005
177,3725
3610,9582
7358,8013
9461,9798
1488,2478
2873,6194
8093,7692
654,6849
9998,879
4402,4204
5341,7921
7258,9828
6348,9629
7782,7414
8259,6437
8098,925
1089,5440
5128,2580
8740,462
9155,5382
1923,5850
9071,4756
3832,1595
8748,1938
5227,1318
4930,8335
3690,4964
7902,1856
3061,7020
9962,6984
3941,3772
9962,2229
4348,3017
2690,1401
1272,3649
5878,3844
5346,3449
1498,5275
9491,1736
5000,5527
1445,3407
5551,3340
3559,6659
4360,8116
7739,4905
4292,9464
2570,4556
7410,7162
4887,6830
5149,8098
1664,1305
6097,6947
4016,6817
2782,2521
7506,4088
9765,8178
4833,5869
6047,1014
5018,5714
8045,5972
5251,4920
2986,2570
5813,8329
7293,9392
2964,5490
363,7554
2719,8475
4169,6681
387,1204
6751,9300
106,1838
9752,7272
3312,132
4181,897
8678,2084
3457,4020
8592,2141
7167,9427
5274,2614
2272,3947
6423,3737
6865,8958
4313,4411
8274,2920
9565,7400
1873,3520
4189,1551
9412,4237
6329,6600
2581,9090
9504,6750
7447,6855
2136,2925
1431,4326
2397,8664
9423,2895
8982,7079
2356,5592
2787,44
94,8805
7858,5568
4280,8976
9009,7407
8573,421
7102,6701
5123,9948
9003,8963
8292,3875
1053,5802
8902,1352
3971,8771
6941,4224
963,1232
9782,5591
2336,531
7108,7668
4760,2241
2072,4504
2250,1698
5561,3555
5541,5239
8291,3171
5867,5272
3947,8779
9428,4426
3888,268
3423,5338
8190,2226
7139,8313
2141,61
6580,2371
7542,4969
1009,2973
4613,3069
8218,4219
8441,8397
7280,5819
8393,4716
4868,5537
2001,402
2785,2752
570,2566
7589,3410
5607,7432
1482,7828
6747,2174
1316,1265
904,7192
9155,7210
1347,6514
6071,1566
6228,7830
9731,7388
2937,523
6091,8018
4217,7774
9431,5920
7398,3963
9274,2127
6540,2648
3612,1591
8102,8222
9202,1585
7407,3045
1952,7050
8310,5787
2981,6273
1035,5569
9668,334
439,291
2419,3342
7368,9329
4204,543
2937,6926
5409,7876
3408,8532
3916,4501
5760,8690
7396,2119
1071,1620
9740,6339
6866,349
3686,3958
1013,2852
9701,3701
871,424
9120,3770
6769,9056
6562,3519
8487,6948
2638,4614
7687,9746
7663,7362
7151,1294
894,8022
4683,5561
5661,2840
4732,9532
5808,2210
6932,1313
1707,8181
4541,6206
9110,2409
1641,447
6622,262
2020,1680
4165,3048
5510,3476
6025,3683
805,388
2338,1747
6424,3079
1477,4253
9222,4842
1670,184
4268,7149
8202,354
7837,8554
1002,2193
8579,8194
2707,1318
1604,4630
9307,8879
4257,2991
5966,2282
6424,9290
2134,5585
1993,5796
9609,9207
3605,2333
1292,8045
578,2284
4438,5409
5771,8112
255,3859
3204,7821
487,8533
9324,4427
8899,5311
3595,2759
3522,2813
9003,1668
5021,6837
4883,18
3069,3976
9453,3337
3655,1845
9305,9650
1026,4756
8555,1346
6761,4646
7216,5764
924,6902
3742,530
8945,2860
1977,2112
2296,1806
9665,3141
6012,6483
2969,8438
533,9462
5619,5137
1018,7171
9014,1827
1875,6593
2273,8454
2701,3276
3626,907
7111,4894
1919,7216
4586,2489
3118,1422
9813,1507
6096,65
1974,5887
544,1493
3908,3076
5097,8249
8809,940
4333,5555
893,539
2642,7728
2366,9306
8342,342
9916,1535
9156,1304
2304,4155
3343,4245
1917,9231
2507,1357
5151,3356
3019,209
2111,6422
4868,8230
8440,4916
7857,9606
4820,4278
1104,5507
4960,6883
3449,4696
9679,79
4511,2622
8809,9749
4319,5368
8548,9638
4486,9260
7051,494
1663,479
5322,5056
1737,315
6764,7118
5654,4063
364,6983
4016,4355
3015,156
3319,8631
9555,5728
9590,9159
1929,7676
9491,7661
4045,6461
7972,1267
3198,9483
6415,3283
3689,9446
4922,7773
8328,9551
9954,132
168,9328
2279,9525
1896,1337
8771,9957
2205,1704
4987,1431
8867,7364
7662,1302
589,3622
2299,2997
7437,3669
1440,5521
7456,2733
7229,4031
1568,5834
7318,7831
1197,5703
2295,8236
5046,8525
2178,6631
6241,314
5284,4112
7546,3521
2981,9801
8872,1223
878,214
5339,1793
7941,6796
1538,8615
9444,1221
7929,2197
2248,7742
2079,8542
2789,9005
7493,4429
5207,8850
2371,5194
6419,7832
4373,326
316,2168
1090,7267
1489,2747
5149,4706
6883,8570
4228,4282
7781,2372
6550,7554
6140,8875
2738,4731
9430,2027
6042,9309
7511,1592
3894,6541
6078,2819
485,5495
5142,936
95,4254
9624,4023
6198,2893
8158,7502
2106,4409
6434,2031
7419,6949
7205,8835
4873,2369
1532,2315
1368,3057
6293,8750
544,1285
7271,7172
1728,1450
711,7149
2882,7052
1431,4271
6618,3910
473,6571
152,1960
4945,4059
1037,4083
3992,5386
265,8789
221,239
5859,684
2102,408
8435,5320
1540,8063
1705,817
8788,9563
6464,2801
4306,5558
4877,2256
6872,4982
9697,1947
7973,8795
5598,3552
8792,8676
3319,5161
8795,8478
7951,3042
2925,5226
4307,3369
9688,2841
308,113
4961,9750
1725,5746
5197,9809
6963,5648
5440,3956
8058,1862
3521,2803
3396,3120
3834,2981
4388,7890
4428,6361
4913,2153
5455,7991
4118,6443
8486,6709
8982,461
1985,3298
5197,3281
8444,5826
1041,3722
6581,3191
6007,2494
8987,2584
2978,1110
6546,865
2759,8357
6658,4278
7532,7987
7231,2149
2143,5877
6932,7735
2402,9066
4185,9619
6931,7748
4035,2000
1402,8545
1018,3220
7740,3526
4838,2749
9581,2887
6530,6987
1218,7685
7219,8185
6084,7972
546,198
3617,6008
3749,1012
7708,9740
8940,2445
6293,2142
7158,8956
4483,4858
8708,6543
7869,8578
4229,9799
9432,9879
8913,553
8522,3510
3010,6869
6318,3618
1004,5552
8833,2505
9037,9328
3929,3110
6398,691
2085,1699
3706,6956
4046,2121
486,188
7261,6918
5662,489
3399,265
3169,8349
4403,5292
7698,8510
2125,542
9472,6725
7938,3805
815,157
3419,8717
7349,6363
1415,3863
3425,5124
321,6289
3333,1519
1313,7318
7108,9447
8974,3154
8198,205
7873,5403
6473,1753
5653,5759
4226,5690
6378,3719
8417,5650
6200,6789
130,2951
4785,9535
9840,4471
7488,6103
8244,3707
8013,6694
1419,7734
2418,9013
9237,3963
1720,520
7530,4185
3034,5655
135,6804
2795,8922
9014,1632
3604,9073
9356,2508
853,941
8891,1817
7693,4639
4552,5398
7493,3722
4839,5114
4774,7239
7490,2876
299,5142
9545,8162
5793,3803
739,6245
2170,6797
9106,9485
9409,9478
21,9694
4601,9031
1510,4799
718,5244
4148,850
6908,887
3276,1509
878,6204
1472,5349
9871,8120
7641,393
3405,3247
8313,2034
9531,5313
6441,2701
8405,4584
721,5441
6110,8304
5734,1420
294,5571
6621,7925
4920,6784
3566,7709
4815,5159
2964,6152
9528,500
5344,7921
5058,2262
7645,4559
4434,7867
4191,5234
675,2202
2261,4761
4635,2924
9357,692
3241,1399
5238,9377
6907,1577
5073,534
4716,3086
1969,5401
7369,829
5025,575
9860,3525
5220,2143
8722,6512
8264,9139
8720,5217
5364,4170
5043,5935
113,8764
7020,8558
6548,1868
7210,2710
4521,4675
4137,8450
4395,2654
9160,4488
1632,5350
4488,2416
4690,904
9521,7426
4168,4929
7599,1712
2835,3384
2249,8685
4628,5064
3874,8282
6363,1112
4680,9995
5754,760
7242,6042
2392,7002
8455,615
4913,1723
5633,1306
9642,8701
5633,2087
8771,2994
4260,2141
2710,7447
8978,7003
8555,538
5151,5263
1118,1914
795,141
2728,5498
4212,2696
9289,4049
5691,224
9384,9841
708,280
6305,6897
934,546
9853,3274
7187,7370
320,2186
1506,2172
8187,4840
4920,2658
3729,2582
7429,2542
7303,1820
3162,1169
8965,8886
5096,7317
1161,3292
9827,3965
7194,9050
230,7831
4202,3147
1584,5531
2293,5639
2381,8659
1478,5606
6463,5319
8601,7056
3547,9796
4043,5442
1472,2904
8861,543
8673,4972
5928,4753
5108,2782
106,4698
3043,571
4318,5484
7584,4341
1354,1856
7478,8406
7730,5863
906,930
8298,7515
7904,9602
7112,737
6202,2466
264,8782
4492,2536
2137,5267
2058,3135
7109,1846
9874,6736
1085,2190
4934,9516
5635,7035
9090,105
3153,1647
3181,2886
1255,8605
7962,8684
8514,9245
6749,9107
3048,3192
4619,6846
752,54
6650,2964
5357,4546
983,6556
1276,5095
9767,420
8915,8026
3349,9630
5913,7747
5530,4856
2917,4713
8459,678
1390,7496
4828,942
8625,4754
3842,9152
1985,2543
7063,5296
2377,9170
7510,8305
1021,5163
2438,1808
4431,1410
163,7098
7997,7302
3079,3307
1559,7106
7960,9812
9118,3017
4684,9912
8312,6046
1687,9715
464,3042
4757,8920
4107,4026
5251,5269
8837,1740
2855,4693
5962,9415
1008,7090
1152,7773
2215,7252
8481,5070
4245,8555
295,8689
2639,5573
7056,3809
6029,6220
3745,226
5752,8943
6471,2126
3473,411
8953,1905
4174,1414
5192,45
1935,3609
1416,7931
1039,4199
2889,2175
7542,8221
4238,7062
1339,8040
9070,3919
3655,9038
1017,7267
2997,826
3362,8242
6261,6680
3371,4427
1279,3480
8239,3240
9973,7266
9464,5812
994,5895
9248,3162
2734,1792
1285,1259
1443,3286
582,475
5258,4781
7034,7129
2590,4301
5440,4650
4563,6782
1536,2080
2095,8207
2912,1116
8390,8147
4276,8637
9492,8522
3933,1235
4818,7927
6465,1365
1788,7587
1787,7307
5482,7645
6249,1561
3802,7116
756,5497
6990,8723
7789,8436
9217,9887
3394,8828
3461,896
8847,2745
6425,2801
6226,4206
5094,710
3367,4455
6056,4450
4978,3586
9162,930
5690,6551
3882,7722
5378,2821
4972,8921
6420,4890
4378,7051
9287,5998
3752,1835
2863,1853
8149,195
8483,5647
9790,9778
5017,2118
493,7736
9166,6451
8159,7985
994,4310
324,619
6655,4704
7599,150
3579,3126
4988,1560
9251,2148
1841,8314
9303,2620
8061,4546
8901,4762
7534,2525
8621,1621
3791,9273
4531,8564
8030,1692
7283,3354
9675,4165
2831,4143
9884,2589
6900,8621
8109,5545
9147,8372
8565,1023
5179,8538
5460,755
731,1395
3849,4813
5,792
6128,6312
6070,3607
7048,1497
627,7943
8387,6570
7189,6535
9894,9698
4565,9714
4608,2067
162,5712
5112,6656
9983,1132
6543,7017
458,5165
3556,1988
9223,7620
6614,7818
4363,3201
8724,1675
5284,210
7521,6127
5846,1386
8227,7082
320,3945
8170,2682
509,5997
4926,5424
4487,4885
7329,2329
7830,5150
1139,9352
3973,2492
6484,9906
4597,7047
3957,1734
7755,4223
2999,6919
3589,7245
6485,6295
6171,1847
718,4129
752,9520
5354,675
2791,1370
478,9319
9442,6520
8074,3756
1605,7989
9631,934
7305,6363
334,766
6749,3809
9852,6999
8903,5444
8097,1647
8200,2592
5392,4765
8238,5163
2625,7966
4723,750
1338,4230
7826,8545
8124,9237
2458,3202
4297,7495
5466,5154
9188,5688
1708,6780
5649,2867
3391,8818
8011,53
5597,5206
660,930
5035,2786
215,6227
3247,2357
8825,3995
4091,6843
542,9317
839,6295
4120,1148
7101,2880
8027,9910
3614,9269
9564,6414
4034,9245
3095,1180
1869,7055
911,5892
3213,7115
4320,1096
3167,5476
7296,1402
3233,4299
4884,8625
2882,3609
3856,8615
8566,3192
8966,1310
2582,111
9936,1005
8900,152
1288,7003
9259,1663
9124,6710
9157,5769
2591,5743
6727,1086
4194,54
6775,8933
8194,4014
5678,1467
7971,7309
8056,2192
5115,6035
2199,3582
977,8132
5687,8790
5107,3523
1709,5561
615,2988
1465,6096
5385,3054
6731,8152
2340,132
9842,8669
1100,6879
2350,8178
9591,4338
5223,4635
8492,8905
8903,6647
5283,4966
5618,781
1196,969
2902,5297
5212,1660
5165,6963
1346,5304
2095,6533
7048,6776
5557,5639
6405,1208
168,9681
4063,2713
6408,6012
494,6948
5385,9149
8187,2616
967,7935
7879,3330
970,7244
3208,824
3284,296
2670,5058
5511,4314
7892,6437
3877,2103
1874,7421
7423,9853
6400,919
6926,7049
2948,4120
6208,7573
8860,6093
9834,3889
2408,3777
6397,4733
5150,3396
979,9457
4705,3694
7064,5402
6236,9504
6805,7665
7399,178
8759,9048
9820,7919
9918,4196
9828,8090
290,6338
4203,4987
2672,1256
674,4841
9538,9881
5539,7926
6061,899
2526,1154
9140,8025
4706,8189
4522,3512
4600,92
1972,8249
873,3414
364,658
8736,9276
1938,1721
5706,8676
1581,6454
5802,9889
4735,2739
7529,9216
4103,4546
8202,4128
9056,5132
5964,1631
3175,5250
7032,3054
1498,7793
4715,4352
2955,6119
2109,1012
9572,6956
3823,4828
7716,4304
8260,3930
6871,2303
2486,7062
4276,1091
9625,2766
1216,406
6237,1675
1009,2753
3901,5355
7837,8886
2500,3041
7024,4295
8191,3717
6779,3618
8829,7977
4986,4890
260,7497
2766,4978
6893,7501
8953,728
3551,8655
2393,6059
857,4916
5211,7803
2489,3593
5553,7116
9754,4348
4254,6486
4426,3843
7277,3228
2841,2316
5634,8295
4509,6339
1240,7599
467,7577
5930,5157
7632,5783
189,832
4565,4607
7914,6722
7617,4955
3562,3206
3200,5317
2761,3896
8865,5074
5037,2449
214,2700
8464,5261
5364,4042
7193,5083
4458,1806
2394,1024
3823,7243
978,5304
164,592
338,5515
5480,3238
348,5784
8698,4818
5591,8529
6697,6999
1023,2146
3560,795
8826,3951
9741,9668
5301,6409
9144,4863
9885,268
8081,9629
5610,2696
1946,9099
1366,9066
1684,3356
4171,2327
1165,1957
3817,276
6550,1444
6855,37
6387,1198
2305,7104
9612,2772
1248,9693
9873,4081
56,6509
5082,3059
3659,8051
172,563
1690,3651
9063,7123
5499,7526
7484,883
8662,5287
156,4527
617,6269
6764,137
4652,6246
613,5326
5407,6540
3111,6408
9535,5510
5581,3472
4487,3726
9500,8253
9683,2698
1590,5629
5376,3481
8571,7183
7263,1340
1791,8123
4057,6223
1254,9407
7165,4515
3995,1030
5812,7241
1056,7879
9237,7213
3392,5144
2388,6908
2000,3980
2581,5859
8069,2896
7774,2853
8207,2302
2875,985
2018,6236
4763,3550
1765,4789
2088,6428
9283,8689
9940,3497
1775,9443
4670,1844
4869,7119
6660,5329
5996,4614
6947,385
967,1663
4233,7358
5482,6036
4252,2496
7434,1606
3251,1375
9837,4286
4290,5445
9329,402
4963,223
489,8815
9743,9360
33,3753
9405,5826
8546,9324
2561,8522
7745,4910
5318,9222
6722,4340
5814,4134
2139,7214
565,6309
4787,2607
1998,3058
7017,4636
7621,9215
6512,6929
620,1205
4184,8106
6497,9330
8360,1285
2757,9089
1095,9522
1527,9060
3851,4275
4174,7983
617,7206
7141,8996
6586,1820
1249,8263
718,469
6223,8510
8634,5946
7672,807
1277,4855
5334,4118
5041,3747
7360,3193
9661,269
4673,4681
8455,9669
151,7087
4103,836
3944,1937
2598,6489
8319,1384
8693,5888
9555,9823
2379,6209
2888,7338
4150,7123
6575,6433
5938,4091
4792,2375
503,3237
4249,9163
1484,8509
8790,3114
1194,8523
6752,5599
2700,4041
459,1929
6706,4434
1574,1687
7589,1352
6319,1858
6373,6354
79,6663
9582,3328
7713,7231
3928,3085
7777,8909
5933,8352
5935,7316
5462,6463
1778,7347
9071,9616
6505,8910
121,9549
8413,9849
6142,1284
8930,2131
6623,2456
252,1949
2825,5335
2287,2934
2646,5289
8046,5556
9631,5218
7269,7425
143,4180
2674,2304
851,2500
7550,730
2862,102
346,9593
8089,632
8948,3473
9959,9817
9097,9750
1047,3300
2884,9006
8819,461
7973,5987
8309,6038
5677,2437
1592,2510
8741,8794
2524,7975
3838,2003
8020,8082
8659,9100
2522,6938
1914,9215
4451,4409
4346,4327
5708,7787
3111,3164
9091,9869
5048,4431
9715,1761
5786,8739
8871,881
7357,8422
1631,766
1724,7227
8160,5572
7594,2838
1334,2427
3416,3555
9173,4061
4227,1347
2269,3775
2266,4003
7516,9518
6125,2667
717,1303
4816,2368
5870,4082
7615,7207
3983,8364
2396,583
6326,4032
7557,5049
9584,6482
3504,9423
5794,9816
7304,2702
9917,8500
1777,3161
7264,6242
2726,3131
5448,7227
4389,6257
5794,5620
7232,1234
6320,8774
532,1515
394,6506
5158,5163
6060,4385
3113,6040
8830,4109
2732,5933
721,5440
2481,4561
4020,1551
6697,3908
3734,8370
7690,9832
4535,7867
7010,2538
5527,848
7541,9260
3536,4711
4515,9648
4911,4061
9317,7027
9356,7330
8165,7251
3548,37
4701,9486
9916,184
8136,7433
1390,1615
9365,8330
3824,4203
9531,2211
8935,797
6518,1404
5323,8233
7278,2139
9356,8153
9768,5362
2114,9306
7254,8485
3506,2520
9050,502
7260,3585
6505,5679
1857,3448
5354,5275
6802,5240
8093,8210
3076,5890
2712,5728
3536,3206
2973,1776
5527,9626
6231,2554
5938,3770
2915,6678
9927,8812
972,379
9287,2814
5775,3513
3237,399
2749,1023
9713,7990
3534,1450
8930,7971
8418,8091
9315,4848
3474,8996
1092,9876
1622,8303
8529,7748
2080,1130
5279,7590
9782,690
5171,5299
4509,8667
2077,3048
6896,10
4257,6282
2240,4592
1974,5923
9734,9955
7479,8541
6979,5882
9544,1306
3448,6260
5491,7582
2562,8630
3567,5434
5789,4592
9346,7509
1881,4346
909,8104
1098,4880
8774,7895
9209,7479
1427,791
5976,8171
6674,3953
3283,8439
4677,4305
2642,8399
5467,2571
8571,3421
3306,6363
3796,87
8744,519
502,201
6890,6611
973,7557
3731,6464
7835,9731
6189,3363
9085,3590
3734,5806
4086,1661
8850,2205
5143,8179
1438,655
3072,1716
9861,4878
1167,4780
5291,3261
4119,7965
7958,3885
477,9900
8749,1995
5692,7161
6329,8058
9320,2890
2344,1353
7311,1123
7904,6177
5228,4211
5280,1854
2309,5406
1666,3383
2148,3939
6173,4203
7666,8841
2808,2057
8943,8603
1224,8844
5151,1949
4778,6705
142,7321
9692,8135
1860,8171
5285,1762
9700,3541
4965,7260
7166,6799
151,409
3092,9919
5860,6117
9466,3922
6481,4220
8822,8724
1896,8661
9047,3681
244,6604
1955,5624
8229,1147
5560,9881
8228,6148
308,5547
4081,3085
1295,668
24,5929
438,1254
4129,7519
5795,4474
8023,3065
9047,4172
3904,811
1322,3339
5611,1310
7866,219
5433,3128
1663,5329
9617,9914
8783,3578
8455,8502
5133,6377
2311,7466
3099,523
9243,8013
6657,7016
7405,7477
3686,600
1494,2339
9867,6383
1204,4764
4663,3911
9610,5892
8541,2968
4497,3993
6458,5319
4284,298
1274,4744
1418,7890
6794,8113
3733,7604
9320,2029
855,3620
1494,7818
3964,3520
1646,9600
7314,6378
4863,4462
61,4899
8870,2562
8727,6629
7448,4660
7012,2268
7499,1215
4932,4819
3605,8414
738,2743
5900,47
7225,6682
9132,8279
2103,7558
7319,7058
4169,4875
8566,1444
9637,2167
7422,7281
4999,6369
8174,5830
6179,8594
4805,9170
6505,4545
1712,3780
1895,7162
5057,8802
1944,8058
683,4259
682,3161
841,5354
5757,4852
6255,4607
8952,9606
3881,9420
9109,3298
2335,913
8317,1264
1322,8852
9726,2977
1312,7288
5080,7553
8555,313
7415,5897
5304,6514
731,1133
9514,3371
5683,4920
1663,50
9336,2562
5083,2612
6422,892
8576,6920
405,2168
5711,4425
3174,9207
7864,1374
6280,8752
1118,4584
6411,7434
358,7047
8812,5863
765,9449
5934,7629
2617,7793
154,145
520,5103
3997,5042
1717,1537
1376,8431
1033,294
2949,7175
7069,2555
3213,3644
3262,4180
8390,226
793,2536
2434,3401
6678,1433
6739,1908
5602,9039
2162,3062
2676,8449
8318,9369
9505,8671
2290,9706
5386,270
5312,6180
819,3921
9417,7159
5663,9872
2334,7749
2247,9032
1520,8089
9849,4815
7572,2580
3021,4833
2515,9045
2515,4556
6926,276
7400,1605
1854,460
3848,9398
6921,5843
9341,2772
5505,4999
6501,1760
4390,7670
3090,5562
3308,8602
6042,237
8311,5343
6751,4412
1235,8626
5209,6407
9296,8297
5231,8665
8858,8825
7301,9697
7894,983
5263,7786
2777,8207
1156,4169
4739,842
6558,7252
4248,2416
2637,4634
2479,6938
8043,4946
6612,5794
6426,9811
7032,6601
8362,6605
9000,3141
2439,9507
4219,9878
3055,8614
6692,5299
5952,3311
9272,5541
5472,3560
9801,8879
8598,2407
8753,664
2902,6392
2075,4280
8987,6150
3306,4731
7900,982
1341,8708
544,3793
7578,7025
2958,555
1767,2007
3182,6020
489,4442
683,8875
3123,2459
106,2266
96,847
35,5970
5643,6151
3598,6964
9851,433
8122,600
9149,4939
9334,9246
8185,6591
3138,2479
7271,1279
2064,2079
9562,1310
7524,4577
1642,5545
4059,2214
1152,1712
8055,1396
9898,6981
7256,8704
1310,2256
3063,6231
4955,3660
2508,5630
5019,3058
8079,8052
7989,896
5579,3137
3152,2181
7871,5214
641,7771
7374,5600
5845,2514
662,914
4538,2245
7613,6638
1735,1068
7496,711
1773,6877
1541,1926
7189,799
6136,1040
7560,4172
7699,8880
3022,5442
5615,5334
6622,4903
9431,8155
2548,7879
947,9504
8640,3132
2178,5138
8443,6920
6128,6012
1349,273
1543,7898
8234,8025
9698,1333
6051,4505
1085,4255
2424,4522
7752,8541
7667,6944
442,6908
2975,2644
2994,5409
1728,4524
5369,8194
9773,7545
8260,746
7512,4284
1237,7629
606,4245
1792,2216
3625,8538
1531,9475
690,5009
2527,2615
5348,4042
6620,7382
6765,3804
9768,2843
3725,5914
4056,3471
8449,3138
3239,2885
8441,2802
6883,8611
6741,3991
8007,125
1295,2227
9235,6495
4465,4250
9544,4279
8231,4330
4783,9965
1791,7764
5465,8785
6429,971
5409,3903
2491,5480
5966,208
5102,4856
4917,5376
6659,4866
6619,360
6808,2825
455,5560
1864,9162
8822,7203
4206,3074
2008,1862
8155,4704
6168,7590
210,5442
2425,3765
4432,8751
492,2193
7401,8512
414,569
2157,5516
510,8813
8442,7406
3293,7281
6795,8277
4397,9645
7950,376
252,5380
3444,2835
1194,8879
9537,5475
3525,6742
6195,1162
9078,7050
1231,5872
5092,9746
1174,3446
9063,3296
9591,8136
2919,3022
3503,6462
7939,8986
4635,4511
8589,4636
2606,6131
6386,528
78,3458
4407,8613
9704,9102
7584,5617
8772,4875
2074,8894
1459,8999
8184,3588
6548,6089
4571,2580
9511,4954
425,2255
7817,8410
560,4945
862,4641
1877,349
28,6980
4805,9094
8435,4799
1724,8504
2123,3141
7492,8513
6295,2945
309,5679
6133,1559
5051,1110
3255,1229
3030,9070
2507,3679
8186,2391
9462,5588
2486,2875
2208,4363
322,1006
9417,9329
6961,3876
458,3090
5206,415
9398,4696
7139,9315
5822,8581
7533,9705
4707,5946
6875,1404
9031,5858
5549,9731
8013,3390
9066,9419
5791,9677
5521,6017
3341,8199
8305,7417
6851,7334
3764,7437
4708,5090
454,3270
8066,3112
3923,5216
7984,8102
2943,8461
8287,8165
1887,8009
8004,7763
8020,5012
554,7148
6568,2993
3236,5797
2945,347
5675,4405
4722,4927
8997,2481
6609,1210
2647,2722
8643,1023
7761,9828
35,2149
3207,1902
6946,2619
897,6169
4345,9545
8200,8574
650,9413
4208,3489
9012,3150
3573,8404
9556,8792
190,9769
1000,1764
3215,7240
2800,8811
6858,5753
4526,3896
2693,4511
8556,3199
1191,8914
8380,5790
523,135
6714,8078
8791,1981
6350,4645
3575,7222
638,8156
6738,2976
2433,5416
927,2671
4238,9527
3984,5785
9234,297
8907,5118
8816,6329
3098,4018
1490,694
6665,5977
4878,418
8892,861
4372,7846
4675,1855
1748,9856
6358,8856
5693,3834
4154,1594
3520,4408
758,5032
9491,3758
2463,1374
7089,4636
318,9327
4639,5431
8036,3785
8905,1700
5236,7127
5434,5364
9966,8883
4411,9431
8524,5957
9570,6030
7045,1309
2956,6129
4432,6329
2806,73
6499,8371
7029,3308
9544,5323
358,5891
432,764
1007,6217
3282,8989
4483,98
6588,2278
5653,437
2682,6477
6596,4248
4165,348
741,2727
2594,9905
5839,4784
8651,8866
1343,5710
3291,6826
9371,2063
9491,5381
9715,1812
3114,3139
8692,9941
7057,9197
647,5535
1156,8850
3766,9388
1276,843
1791,4348
5329,6467
385,6341
6002,4645
6588,2001
5331,8671
7663,2103
6427,5194
272,6479
3488,3986
1344,2394
6773,1432
4124,3848
9453,621
2206,7503
2622,3719
5840,2964
3840,8045
6923,1770
5028,1781
1101,116
7730,4695
5481,2840
1498,8478
1497,2243
3036,7467
1406,4867
5268,9253
2008,6004
6829,5617
4561,2443
8582,5785
8403,6360
7041,2333
1466,5532
7288,4483
2180,2023
9275,2395
5413,3260
9700,6516
2360,7763
7932,5381
9983,3819
2534,7817
9915,8538
6184,5770
5159,2034
2299,5672
3967,3603
3752,2887
2270,4359
6706,930
5220,6813
8738,623
7991,6629
2653,2625
625,3925
5714,6724
6439,374
5392,3289
7737,8078
9173,1102
2565,3258
6241,9336
8486,6904
2936,2751
4827,6271
8134,7111
8594,6475
9212,8583
5122,4425
1561,8872
3384,8139
9413,6460
3225,632
6807,3496
4071,8419
182,9343
6511,6662
7564,1708
2558,8044
4566,1083
180,6248
152,7509
7665,501
1837,2935
3100,810
3148,2878
9922,777
5255,3521
3979,5989
9325,1450
5784,430
9631,5506
4409,587
4240,8488
8379,7858
6453,3326
4254,3238
4603,497
5365,254
2104,5346
3479,1998
3322,9174
8354,8772
4764,2070
6703,210
3463,708
2352,3699
2517,7531
2182,3883
1585,1649
1519,2991
842,7196
6829,926
9285,2830
1154,5995
5410,686
135,8664
9319,9780
6108,2672
6969,7857
9530,9537
9210,7225
8548,677
7116,8766
5707,7068
3843,2362
2864,8775
264,9384
6709,2579
9257,5200
4781,959
3294,2957
5138,2300
647,8525
7013,9921
6882,4180
6159,6728
3544,349
5542,809
3527,4639
8332,3856
5226,9399
1714,3837
1396,2664
1129,2488
4011,3244
8297,9983
689,9989
5258,7326
1215,1748
3040,1722
5722,7541
5636,8122
7,7605
9420,2562
2250,2642
5485,9373
7770,3069
4455,9078
6289,9934
6767,3251
7856,7845
4762,5055
8575,4104
7300,8083
2833,7342
1841,1408
2133,7366
8155,3819
6170,1317
9994,4501
5434,970
1713,4966
9591,9344
1701,7430
2548,7983
7689,9640
7914,9951
7092,3
9274,6955
6900,7934
1922,3822
7052,1927
6905,12
745,767
9508,783
8786,742
9915,4125
6574,8879
2662,8450
4639,2576
2640,3472
4092,5609
750,3743
7116,7646
2697,2226
3310,9602
1110,9496
3446,9426
3143,5084
3442,4491
7531,890
3674,5321
4816,3517
2950,9885
169,1898
3497,7513
4986,9571
6091,6956
7680,8905
8421,9605
6158,609
6709,7621
1330,8145
9570,1366
3733,5896
2633,1025
8193,5447
4581,129
2702,6928
8814,3122
6917,2201
6984,8421
7702,5773
7356,8995
9524,1247
1299,4107
5965,2652
7167,5658
2456,8316
4980,7078
9655,8741
2195,1015
1740,2252
1240,7171
4344,4728
5065,5252
3902,7269
1135,9319
599,7410
9329,4356
7214,2440
1483,8213
9067,9415
5870,5958
1741,5486
625,4615
3696,8054
4501,5088
7423,2061
4710,3442
2579,7658
4925,9110
5929,3969
8322,8388
657,6581
1647,5794
210,6197
1792,8983
3628,9109
4487,955
8902,5258
2875,8413
5973,4033
2864,6672
8942,7516
1907,6611
9778,9610
3996,1324
7048,6354
949,7776
3049,4556
2202,5601
1589,6412
5814,2709
611,4252
9629,5118
8997,9301
3289,5820
378,6153
219,3515
4764,2224
7539,490
5226,76
5531,4842
1745,1179
6381,8718
9283,8282
1509,6261
9993,3505
2738,1202
8884,6686
8837,3556
6687,2321
1324,4439
7297,1841
9225,7462
1631,9898
9050,4954
8942,1732
4478,1716
1238,9969
7373,2035
8194,1202
6038,6883
7443,7302
4086,6274
5796,5825
7332,9088
1673,6373
1722,9282
2673,9295
2253,6579
9418,832
7085,1192
9875,6614
3208,4446
1885,2839
4682,6515
4058,5354
175,8989
5768,8018
4440,1147
3159,3815
5340,8662
8341,8898
5782,5331
9804,4501
108,4728
7297,7622
3551,7624
2429,7558
494,7581
7752,753
4230,6449
3777,6004
4453,1737
5242,4822
3116,991
464,8517
2417,2010
9433,6350
6484,5308
2902,1465
8730,5112
7608,3614
4389,1278
6415,9992
6629,3284
4477,3188
3751,2466
4136,3925
6187,2970
9151,7928
2532,2291
6340,2463
3417,8705
8247,5069
7384,4626
3396,8525
2874,9639
2915,3327
5218,5245
7101,751
2046,3639
1758,1395
9520,570
4374,5618
8951,2276
3257,4492
9430,8506
6166,569
4150,9213
5941,9618
6295,4376
6090,582
3186,6729
5238,7466
1818,1593
2460,5617
5488,5850
9841,4499
1494,2716
1516,3997
6347,9883
4030,8277
6293,89
4411,2887
5869,2596
70,6625
4628,6899
7259,8232
6724,7634
3061,741
4305,3064
4032,8208
6606,3361
1112,4711
6779,7357
9265,3259
4620,2276
704,3831
5749,8916
6774,6109
8626,1848
9037,9599
6931,9399
6251,1175
2517,2151
7812,3460
2619,220
5932,1377
1883,1760
2857,9027
1637,3408
3303,1632
5918,8929
4341,2662
9643,6254
6924,8351
6153,8591
6976,7487
7849,2839
3487,1111
4344,6490
2583,1322
7469,6569
3828,776
8524,3180
9719,5580
8040,8651
2850,9119
3092,3064
7199,6760
4730,6908
6001,7153
5973,6221
3586,7862
4809,7128
2907,6204
2195,6897
5858,5355
3402,6309
6653,2810
2597,72
6374,6342
4166,7087
1351,5838
3396,9052
740,6686
342,5010
5511,5350
1979,772
1703,6551
8135,3342
818,6921
6232,3535
2889,7339
4759,6386
3691,4761
3257,311
857,963
7829,1555
697,9936
9120,9249
1366,2558
9028,3411
5013,164
3999,4713
9826,9190
1352,5884
137,4260
2396,1192
9376,1728
1862,3076
4401,6473
7710,2495
9046,617
1000,5417
941,696
3485,6539
1963,3243
6455,1892
6829,9213
4421,8321
6841,984
9038,7223
3731,2175
6739,5536
2795,3051
3741,1121
4564,8928
4950,7972
2368,4604
5379,5734
1783,9339
1711,5486
5766,1146
8755,2617
4483,8934
5457,5998
7231,3920
7455,8787
7621,5920
8689,8076
5087,770
144,5354
3271,593
1062,2248
5979,2623
1899,4701
362,4062
9097,9071
6971,4270
4668,9941
6540,9795
4278,1942
9432,4898
2847,6323
4354,121
5753,9502
3934,1368
4673,5030
9071,672
1537,3136
1803,1574
3971,5268
5418,1955
5232,3217
5437,1163
8775,2749
9436,4856
2569,620
5496,5779
624,6012
8815,2767
2688,8780
5405,8834
3574,8871
8719,256
3389,33
6628,8837
8319,6780
8700,5167
5208,4199
1778,8678
3991,9508
4086,1609
4766,4965
8483,4471
5880,6802
3391,7046
3866,2633
5185,2387
1042,6338
492,6599
2396,3582
5194,210
1316,9532
3556,3814
9669,7367
2893,2483
688,320
415,3386
7064,6547
3869,5104
6666,6200
1927,5570
1867,9833
3868,8000
9369,6923
5642,9879
5555,3771
2672,6078
6549,9078
3605,6908
8219,5220
6130,8628
3190,4386
3898,4991
3357,3468
9626,8437
235,1475
202,1383
3046,4000
8147,9995
3728,245
9820,4981
9734,2060
5917,4015
1670,1471
356,2741
9901,1267
6597,2463
3838,2721
9211,8844
8287,1170
3966,8503
5006,5127
861,8777
145,2146
7819,3611
1786,7829
3590,6581
3513,7349
450,3384
6219,3674
900,4453
9745,8774
8506,2120
9019,735
6584,5348
9939,27
6221,1388
6311,9415
5556,7243
5518,9028
8806,5873
5259,2846
4669,1947
2655,3274
4340,3534
4393,6652
8202,5183
4136,6115
6021,2178
9938,5249
9154,8237
8701,1386
7275,7544
7738,7048
8018,515
7761,7241
9178,5556
6296,7078
4788,7179
1469,3936
4295,3060
5139,9177
4169,169
7801,5244
1914,4609
4533,443
7376,617
9536,259
3132,3389
7323,6334
8939,1700
2608,1236
7529,1573
2147,6783
6401,9273
375,4474
4863,79
8829,8772
854,8421
5015,3127
8301,8954
3194,3632
2659,5054
4770,1066
7092,9298
287,2492
4356,7025
2750,2619
3545,330
8322,6605
4005,7033
9617,204
5392,6145
571,2562
5252,1353
6069,7239
6130,7072
1028,5525
1842,4222
2293,148
6007,5912
4601,1543
8673,4735
4510,9361
8092,3398
6377,629
3558,9695
9870,6010
7390,3073
4562,2423
2232,4631
5272,2128
5933,4424
6760,8413
3343,8558
2398,2963
553,501
3230,1426
8485,1779
8981,763
3736,6846
6538,523
9208,9806
9124,8760
1405,4337
485,8278
2949,3332
9604,6407
9906,4037
6297,5197
750,9762
6257,2653
527,2461
7441,9218
5509,7407
950,8219
9375,9957
6859,2723
7166,1116
1861,7402
1602,5605
4601,7588
4096,4916
6205,4574
1733,9835
1979,6473
3508,1294
3281,3413
1451,9923
9366,1931
8548,3624
407,5383
5175,6672
7071,816
6909,1659
8982,6901
7151,1873
4768,8261
8045,6315
6870,9147
3146,6175
2034,1973
1252,8502
2707,3215
1618,5387
8465,2593
919,6322
6426,2241
8099,2514
2747,9670
5048,7264
2986,7963
5785,6298
2864,8828
5711,9789
3268,1265
2821,8628
2067,5476
6323,8318
9467,9711
4089,7050
886,3431
2321,8545
9044,6831
5847,6255
1330,3947
8292,2016
7287,2626
645,2932
1948,6510
4778,5726
9035,8900
9179,5567
1216,5146
8037,4121
1709,9002
2770,6451
6250,6226
8055,3624
9049,7220
2342,9772
3064,1057
7188,6557
3615,1853
1045,3041
953,2543
5235,6786
5423,7192
4702,9923
9536,861
1485,9229
5181,7586
9810,6282
7456,8005
5388,5981
2925,2885
2566,4396
4737,5677
5437,9580
855,752
4655,3447
5881,3634
2158,876
3828,3681
4163,3764
2740,9663
6336,140
8446,9069
7070,4644
621,6485
2677,1539
7603,3780
5162,6404
1841,2482
7282,2689
2787,7824
4661,3034
7586,2444
2030,9122
1741,2836
6127,5623
6290,5637
4625,172
7669,5806
9848,8388
1555,3686
8469,3357
369,7735
2758,5351
29,2197
1160,8448
8326,3455
924,3981
7000,4193
8200,8070
3951,5603
244,6175
6973,3186
3140,143
5878,9897
102,335
3448,5644
9585,7697
1273,2832
3582,1545
4984,7626
8978,2620
2310,4339
4361,6580
2477,3236
4463,6078
3390,9076
2295,3025
985,2971
9391,4042
8149,8178
8266,984
9200,298
9309,1521
7056,5541
3494,3663
1463,5828
4229,2427
7957,9022
6255,7956
7175,2122
1303,6508
9118,2122
9613,1952
3163,6788
8387,1617
9381,5613
6458,4916
4013,4180
2668,6098
2169,4521
5794,7260
4525,9336
1141,5344
824,5606
8913,7072
6777,6967
390,2533
9362,5721
7896,96
4597,2272
4087,664
5420,8223
9337,9109
2645,3632
1826,9208
3065,4896
9557,6261
8990,2570
4677,8382
6194,7054
3141,8109
6440,8958
2541,6861
8991,9141
9358,8310
9518,3844
6108,2467
284,7115
5402,3122
3387,352
5860,2503
4181,9966
1157,8861
1902,6349
1321,7098
7017,9466
1517,9310
3367,8532
5843,2120
281,8243
8481,9909
4199,9012
2873,5174
4042,7460
9603,8476
9283,5001
7942,307
9886,4200
2550,7352
641,8678
2727,7785
5407,799
6735,2903
6026,2972
1690,1706
4340,437
5591,3186
2438,3491
1087,3973
4089,6816
4614,7210
7970,4318
5019,8032
5435,5681
3690,1547
1212,2553
5552,7501
8217,4303
334,3197
4405,1148
1926,3047
2308,1777
5330,3152
5758,8166
6933,7315
3423,6498
2489,9629
635,8052
2199,4738
223,2412
9830,2346
9474,3689
7690,6475
9819,528
13,5748
9612,6390
3100,5923
7212,8938
120,8675
1123,2161
6429,9126
5022,5135
4031,2987
3938,1295
6112,9084
4509,8079
238,3495
2552,5403
9993,7399
8136,5109
1938,1998
868,5438
7087,4017
65,2388
4060,1680
5145,1271
3851,6112
7819,5145
2188,3959
4955,1090
3655,9300
9530,4493
5446,2680
6832,7875
1424,741
470,4994
6208,2289
2784,5529
9908,8951
7559,6211
8161,9978
1333,4397
4740,3767
4186,7878
5060,6630
715,5746
803,1948
1882,3371
1330,7025
3440,1732
7140,1417
3639,4107
27,5153
7333,7675
6783,119
3186,9243
493,1094
4650,1687
7900,6525
2654,7080
1034,8747
4405,9363
3141,378
7648,3979
902,6165
1116,7091
6344,7958
8384,5684
5799,7809
7861,5256
7267,7958
2533,3681
1427,9847
3709,1624
5638,391
1340,2789
9892,3483
9950,5416
1876,9952
9858,7411
1047,5272
3046,4212
5649,3042
2549,9458
2456,8357
1446,9747
276,6793
246,8647
4615,5986
1216,8885
2998,8649
937,2736
629,1353
8536,8262
7921,7555
2162,2949
6967,7279
9220,298
6114,2736
9593,103
769,929
7884,9056
8247,6386
6695,1235
6716,6522
169,7490
6993,6519
6774,526
1601,6697
6345,6401
9699,711
4901,3895
5227,3421
6377,6282
6480,3587
353,5001
7304,3611
6073,3813
7536,374
6189,9800
6504,2579
7483,7426
3067,7957
458,5793
1036,3376
3284,140
8076,7200
4559,2780
8152,7446
3481,3400
1022,8432
2833,5147
8832,948
5155,5444
6194,6233
4075,9322
5422,8242
2299,9402
7911,2215
2200,9374
1626,6913
222,7244
7712,8882
2083,4152
9520,7199
5737,2327
9137,1804
6189,8081
2557,2066
5053,5858
3394,6591
3495,1597
2114,9450
92,4829
5866,7265
8387,9642
3727,6673
6281,7572
7444,4257
6358,1344
9864,1756
5884,9532
4957,9593
2745,1264
4099,3368
8811,3378
1635,5723
2915,326
1112,5711
8626,8401
2615,3798
4320,7240
2639,19
9227,3946
5179,9697
7485,9862
7525,1343
7686,650
2341,2780
3256,2874
8583,5899
1762,8521
730,7395
6020,5623
5492,3750
657,8727
4227,5148
1235,3948
9902,7451
7672,7408
6426,4005
5209,8416
6601,110
8588,8375
8957,5417
8447,6709
2187,3646
5189,1435
6330,8826
6846,1542
9098,4786
7534,5222
785,8725
9439,1706
3264,8654
962,4122
6389,5299
5281,209
8906,8973
5376,4660
5738,2212
3794,3683
5044,8390
344,7419
7400,4115
7396,2070
5566,1992
9548,1152
9958,7031
9385,2934
7018,5999
7247,8557
2047,2973
135,5517
922,9423
3608,1912
4608,8480
6805,2714
9062,9957
3568,7758
2951,8387
9563,8379
436,763
7311,9290
5973,3828
2502,1141
62,7203
8274,1949
637,2937
6561,7240
2063,1064
3688,7669
8754,4291
9564,4685
3445,4914
4207,8504
1244,3279
3992,1849
1952,7152
9627,5624
1363,9889
7128,937
8929,5309
8848,5166
4338,8873
401,3142
5228,2941
2466,7328
4821,2736
4586,6736
1621,8767
8363,8349
1898,1129
8780,6452
9542,5594
6293,9309
5875,1074
5283,232
5831,5121
4651,1443
9602,1234
8235,4843
7716,5761
7036,4012
3180,6042
4996,6808
7627,1200
9080,9856
3302,6182
1486,5153
9914,3037
9968,1501
3562,3403
8061,5349
8836,7092
1209,6225
4579,5096
693,3372
797,4265
3097,4590
9996,8647
9902,3095
8361,5769
1288,2485
4564,5306
3664,4723
9200,8590
9328,4078
812,2224
1848,2916
8957,5641
3102,523
102,6559
6385,4172
5162,6024
9982,5674
1144,3385
5851,4707
4484,2495
1569,2626
3831,7481
2360,925
8941,5104
5066,7362
1484,6485
2361,2105
308,8709
6892,5974
3506,8011
52,7039
9502,8498
1326,8468
2389,1125
4433,2639
4481,9638
6182,6361
9267,6583
1432,357
6355,3576
5153,1262
9470,7229
3972,9737
5294,8091
7961,7878
7752,8416
9698,3497
4975,764
2269,767
3174,1759
6898,8303
4530,944
5804,1950
45,104
1588,9007
7639,6649
7673,1765
119,2014
9548,454
7456,5472
9416,6287
3263,8689
3343,46
8320,6201
6895,4288
7744,9323
8451,6967
7084,3028
294,455
2697,2111
4850,989
1645,5063
1031,2732
3675,3546
8423,710
4748,5718
5597,2500
3432,340
5582,9922
4389,7966
4904,9146
3398,6845
2392,2395
1604,4691
3816,661
8426,1202
5012,5076
5082,2263
3485,5751
6637,2487
2983,2156
8728,5748
9549,8890
4602,3787
2949,5066
3809,5550
9469,1778
2429,2617
7572,7215
6700,2611
8230,6751
3077,931
7007,6809
9728,8172
9249,697
4194,7175
5153,2748
6870,779
5211,9668
1479,764
4486,1192
874,4941
4321,3660
9432,2419
2877,24
794,5319
7653,7431
2525,7943
503,1919
4821,4091
6615,6248
9757,223
2569,1594
6204,3330
7915,1335
4307,985
3013,4146
7507,3520
6489,8059
8652,4110
549,9161
6064,8260
4119,9698
5319,8931
2400,7354
6987,5687
2641,1093
35,8387
4514,698
8316,6890
8786,1367
3379,1143
5128,43
5696,6794
8392,7588
6701,1008
2897,9446
9028,5133
1587,1364
742,1641
862,1598
9815,756
4341,2279
9095,3895
3905,4097
9324,5177
2979,5639
6107,8042
3777,471
8581,1632
50,7899
7070,8443
7844,4771
4409,9495
8330,8080
5071,2014
5412,6367
1918,1559
198,720
5134,9999
8218,9298
271,4994
9938,6796
6030,3238
8757,4187
2022,4981
651,419
5555,9109
6916,5540
7522,885
7810,203
7717,6310
4103,3953
8274,851
1704,9252
2715,559
8225,6112
600,6554
4659,1482
736,1823
6824,7385
7399,8141
3879,7585
7473,8880
307,1837
773,6492
9566,1321
3805,2885
4987,3113
2777,8973
7120,1513
419,4923
8378,2385
3133,244
2987,2853
5366,1769
4446,3431
2188,9357
3547,7113
9308,5073
8854,7795
4197,2062
7762,8509
3930,9087
4531,3434
7702,3688
8897,6049
3833,1302
4184,7112
6577,8837
7789,3968
2324,120
4763,9144
3657,72
8394,9710
8631,8828
9569,9113
2821,114
707,1420
7521,503
4933,7
732,7433
5903,8560
5026,4502
5697,3978
4007,8976
9165,4575
7389,5279
5170,7839
2099,4915
4489,5701
6695,3445
5240,2594
8891,9145
1539,2281
9861,2499
6611,4822
8913,4610
2271,9372
66,3213
7046,649
9013,6345
8367,5944
1222,8852
184,1763
8124,7233
3146,9810
2687,1568
4894,3300
5626,8393
25,4729
4475,6933
1362,6571
4744,5354
3620,8087
187,2353
4926,8363
2270,8229
4680,7453
9970,9802
3041,9381
7609,5655
5507,5672
9972,6433
3864,8435
3014,4534
918,4368
6471,2115
3397,9064
3668,7570
7202,8069
196,8740
9468,3618
7670,7863
3435,8402
4918,4772
7168,1130
2590,663
9112,6620
3993,9132
9994,5073
5955,5683
7904,9234
6652,9567
2930,3474
6539,9920
5773,4460
8623,8171
3939,2996
4289,7251
5100,4285
2053,6007
5451,8263
751,9496
8299,4562
147,3716
5112,9219
8341,5460
1530,7266
1182,6990
6699,8238
9696,8616
9978,5661
5249,4890
7912,7252
9667,8942
9152,2864
4452,2727
7476,3790
7089,2939
6610,1357
6277,8319
2517,3294
9231,6366
6232,8277
5666,6964
1045,5615
5559,557
8108,5535
6605,9749
7359,423
2704,5324
778,4719
9990,8344
240,997
6998,4919
3952,994
1364,3983
2438,5765
2263,2148
8654,3998
188,86
1924,377
7315,291
8839,6484
6135,7120
9036,911
1388,3360
8846,9951
2688,5598
1171,9583
2483,333
361,4389
5187,2346
3631,3804
112,3130
6945,8722
8767,3845
9228,6096
7514,4255
2287,3249
5172,3199
3810,6641
4731,7662
4816,2996
5862,4013
5552,9377
4253,2163
754,2153
7959,7378
9172,9975
1934,661
3924,2741
5312,5944
5472,6264
879,6948
8633,4634
1144,4950
502,6786
481,890
5621,6306
7962,8793
44,8845
2342,3996
3694,7283
3508,8684
3929,1818
7749,2504
3244,3674
7506,9698
5957,5717
2918,3575
6824,7138
4022,8552
2316,3909
562,6953
9376,4844
9283,6630
5883,4952
7348,7229
9265,6758
1613,6156
6225,57
7690,2072
5643,3174
5434,6583
5055,3372
7219,6378
8145,6398
9875,9435
1080,6334
8770,8831
5877,2279
5939,247
4657,5927
6409,5705
3664,5767
4710,1590
9297,5241
6303,6712
7255,5293
27,58
4098,5136
298,7444
8102,8641
898,8161
4078,3633
2549,4735
57,5159
8367,8914
5522,781
3451,3013
7485,3546
228,6254
7069,2877
3609,2541
6371,4691
5178,7345
9858,4485
4319,5191
2109,1025
3496,7903
9633,8690
5135,9709
95,2431
7914,6745
8641,4574
2412,2756
6142,8195
9051,5416
5945,6185
1084,9274
4836,8395
7098,8830
5570,4287
4662,983
6905,7263
952,5066
6102,6534
9076,2861
6731,2132
6184,8050
1012,2190
146,1482
3159,6885
8670,8824
9161,9105
1820,4307
6957,1865
4512,4614
6199,8866
6179,376
5775,3218
7799,6900
8801,7983
5656,7332
4529,3289
1662,7503
3916,561
3247,8236
9114,3029
4353,8961
4448,1513
6429,1389
7762,499
5279,446
4357,8258
8890,9887
3026,3996
9721,5922
5750,8179
9216,4950
6102,9588
8016,8437
64,3996
6313,8525
1709,1670
410,9977
1555,4693
9476,299
1351,4491
1964,9848
5999,4
5071,7456
7798,3842
3393,6856
1352,2629
9262,4566
173,7430
8865,5960
7763,7953
2371,6802
531,1837
9466,610
6598,778
7187,4769
3185,1845
187,5769
4891,8538
1319,3965
4431,9303
6195,3898
6189,3673
3831,1432
714,1046
3286,7116
4904,7686
8384,6062
2129,7118
2792,5089
5453,2442
8399,9652
8819,7575
8751,2757
6027,8602
2820,1165
1218,1536
7876,1451
7447,1763
6048,6609
7218,3062
2370,8837
5268,9918
1046,4069
7898,5901
4981,6267
4923,3995
7597,792
1169,9971
2428,7967
4996,8823
5307,2401
3825,4721
5736,7073
9114,1496
2059,3764
632,6587
5578,8215
8411,1277
3992,7772
4034,2541
4152,8482
5525,704
3071,2383
6927,493
2055,9869
890,7557
9344,5295
3587,2542
9746,1407
9164,2714
1101,4245
4896,1816
3553,2453
929,7751
25,9622
9837,7378
1218,4555
3119,7757
2714,8800
3266,7899
2692,6594
6096,8089
7704,7226
4105,9962
8614,9512
3791,3535
8827,7657
6030,3331
860,1141
2121,6560
5455,8567
9023,7554
9962,1434
1213,1238
4803,2140
9229,7871
6390,4945
1404,8661
4949,2631
4361,8601
7673,9186
5945,202
999,8003
3175,3677
8702,905
1160,6221
2269,116
205,6799
5362,5634
5635,3072
6412,5193
2820,3245
4914,688
5280,111
1180,3242
3094,5393
9343,5135
7131,4399
8567,872
5294,2237
7564,8743
4066,4433
4311,1201
1322,4142
9070,8153
4,7166
3307,2699
3724,554
8699,2193
2113,217
2450,3781
2260,5908
11,1092
1884,98
9453,7819
2663,7541
9962,9617
5835,6175
5633,8577
6891,642
4915,8226
8981,4115
8274,8148
7128,1882
486,3737
7330,6473
3577,5070
9064,6375
562,9669
9967,7863
3615,6513
5783,1354
5691,4492
6839,5725
8511,5672
5555,6928
4373,6560
5962,6165
935,8891
4124,5617
4246,2029
5129,162
6695,8937
6244,9421
8599,8262
9351,1395
9279,781
1776,2559
9075,8988
3561,3599
6341,2971
5046,2412
3831,6601
8551,2487
1533,8529
6860,9810
6896,1439
376,7913
5710,664
8111,6747
7023,6347
713,6121
7987,6291
2808,9033
8711,3414
902,1063
7831,9549
8264,3417
877,7023
3887,6605
8775,1276
8381,7266
839,4356
2180,1856
3108,6770
1178,2693
3613,7880
9865,1788
8926,6264
1987,1340
5563,3419
2338,394
5385,4626
1357,2988
3324,3080
7287,4140
6379,4544
6402,6757
6464,6591
4337,5501
2539,9368
3387,9454
6710,625
2651,5346
3011,9167
4931,8875
4498,8386
6241,9053
1951,5551
1162,8793
8200,4838
1555,8102
8124,6191
3535,6910
9246,5206
6627,5378
9977,1536
2389,5771
9325,5993
4130,4174
9912,5500
9646,5003
4993,9486
182,9731
4765,4983
5458,9875
2532,5902
2439,8161
9725,2720
1449,3522
2214,444
1101,8405
7264,9006
6060,1856
2055,5814
7523,4069
2928,5620
295,3008
1755,7363
2087,6080
4039,1807
3530,3391
6805,7268
9223,2992
5700,7652
6067,8596
2891,1845
8276,1497
5990,277
7620,7792
2536,2314
3794,4057
4239,8538
8467,7261
2628,5844
3142,4184
7473,4890
4132,3841
206,3548
2406,6471
9396,737
1169,1049
3026,4948
7500,8658
1742,8473
7314,9120
7475,6923
995,8672
5992,8115
4565,9799
66,3383
4856,5375
6192,3148
4582,8508
5027,554
5577,7898
1537,3819
5863,3605
2799,4878
2633,4789
1643,6207
2601,7652
6508,395
6953,7868
8241,5634
8577,6706
9878,1470
5040,8313
9206,9530
84,6469
1786,1729
6260,6189
5711,2933
7626,5948
4981,4984
4606,3444
1331,7594
190,415
2408,9055
2666,4531
7309,4364
6379,7073
7207,2670
8884,1467
2008,8600
1344,160
8085,9591
2715,6085
6833,2483
1101,7713
8168,4244
241,3077
7785,1390
3875,182
7579,2363
9032,5848
4528,7796
3656,4601
3414,6443
4486,7688
1930,5080
672,384
7384,2238
2417,4804
7501,6714
2468,4089
5501,8791
5236,7226
9025,3296
9758,476
2440,7539
2408,6992
6350,6094
8059,2590
8314,5530
7947,4596
4801,7200
7303,3066
5976,8652
2028,1664
966,301
7684,7607
8680,437
3291,4137
1423,8307
9843,1351
7268,7275
7277,1245
3067,8239
5336,4403
8853,7421
8326,5171
6607,8980
6617,385
8920,8115
8094,1660
9168,6368
8175,5248
3004,1074
5068,3030
4822,3180
4084,1273
1458,5447
1261,6084
667,8602
3699,8141
427,8152
3229,7929
8345,9207
3995,8123
3373,184
1947,3900
8463,9160
7708,3624
1358,4082
1257,8851
4332,7998
9879,854
5302,5914
6298,426
2242,3812
5809,432
9937,2129
3186,7178
6692,3005
4448,7385
9930,672
4393,357
7575,5768
220,1234
4625,9849
4680,4629
5332,5278
2575,1747
5542,7434
3241,3922
1588,7696
9941,4559
7131,2507
8554,7451
6914,8203
7836,5378
2180,4525
8362,1353
3244,9941
1669,3396
8346,1818
8379,4193
1634,3455
5440,9140
5315,9082
6142,9440
9061,8274
2291,1103
2156,4778
6153,7198
9033,8068
9732,4072
8991,6484
3940,6653
9987,9410
2841,8703
9452,4075
7078,2361
1322,6149
8767,4013
5060,1661
2652,6648
9753,5663
2240,5875
5864,1857
9235,7353
8795,7773
7994,8864
5822,1464
537,7062
2014,2596
3343,58
1948,3918
6655,2803
6688,7701
5599,2641
9690,568
2361,5950
7444,5546
6863,7537
3748,3318
2731,8463
142,6408
3108,6078
6886,3535
493,3511
5618,6126
3032,5463
6317,1385
9672,6194
904,706
4964,2213
6732,4640
5831,7303
6283,9096
7460,8858
9796,8827
1830,7156
8020,2732
4230,9509
5514,7324
1590,52
8435,9844
3690,8666
1524,6590
1510,4155
6086,4545
2546,5452
732,2807
4155,1141
2960,3868
8163,2261
6683,9381
3000,2940
4323,8219
9938,410
3614,1795
5702,2705
6213,2763
4488,6057
6149,5778
7277,1600
1742,3892
3326,3243
9438,8626
6632,5950
6488,5738
7377,4404
9662,4504
2117,9868
2542,9385
4702,2736
967,4567
706,5859
5645,9078
3094,4342
6706,6953
7425,7702
6373,242
1787,854
3687,6133
7076,1717
4823,871
4945,9644
3008,6424
9505,7590
9064,122
1805,1148
3737,5773
2302,1692
4829,7961
3417,2597
2402,7991
3205,8914
5933,5981
6797,1089
9866,9108
8241,1662
8274,8727
391,8897
4757,9273
5727,928
7783,6819
6580,9554
4711,5290
1790,1746
3194,5177
3444,7804
1527,6096
6366,1415
8971,9721
5817,4815
6092,8962
8532,4573
4219,1452
5000,2774
4947,9727
1588,5181
1342,5512
9750,6997
7094,8688
4581,5160
7417,6714
667,285
2533,3256
3152,9273
9571,8778
8370,8421
9201,9557
5889,3527
9559,1612
6854,8368
251,94
7940,3601
1104,1691
1079,1387
7449,900
8440,9058
5852,3294
3954,5340
6753,1411
7135,4860
618,6421
1548,1222
6268,3472
428,6030
827,8187
536,3010
4020,9066
643,3312
243,1203
1243,565
9493,7786
7867,1956
9784,2316
3006,2895
4847,3492
9055,2148
8514,46
2076,2759
6130,5206
6840,3512
9321,9836
8959,4385
1760,6806
7092,687
8122,2161
5894,7578
558,950
5378,8370
6962,9845
610,5224
3138,2417
2787,9558
1872,344
3108,4380
7190,7596
138,4680
263,9267
8929,3153
2019,2296
732,6112
3337,8651
5245,5036
7142,332
5409,2928
5468,2751
6131,7291
7199,8652
5616,3924
8825,7879
1242,7192
2524,7863
7638,3890
5079,4869
7889,9093
9074,3938
7951,1737
5348,8277
3011,1104
7732,2880
2411,8259
8124,1710
7331,1390
3689,5739
9098,7540
9375,2415
2850,7008
5866,4297
9568,8794
8783,7093
8979,8002
1952,793
6609,1437
3823,2434
1005,6217
5514,2517
2389,5214
8164,7172
5064,2626
4725,5328
1525,89
6247,3301
494,1064
3809,7863
4155,5572
5761,3863
7291,1164
1618,4242
598,4704
5630,4902
5662,5196
3900,9025
2275,2277
5322,3512
6421,8846
6038,7344
7460,7175
4422,1661
1508,8211
920,6325
1469,997
9843,7088
782,7463
7196,4863
7921,1686
7781,5989
1290,1853
7359,1862
7337,7308
9665,5995
5343,5732
4961,8031
4157,4690
5646,5530
7591,2518
1872,1527
9720,5472
2775,8323
7791,3478
353,4213
1975,5923
4376,7572
3365,2639
8695,1834
74,1303
2188,531
4264,6473
8425,2049
7874,1663
7861,448
91,8709
9200,17
9505,8440
2387,9061
7458,5277
613,7352
3644,8236
3147,167
3011,87
5287,3359
5259,5178
5873,2724
6998,3905
6451,5162
727,9760
4189,4628
3605,6419
2665,1415
8747,6659
4698,169
4044,9138
2350,1211
3892,1827
4114,4545
1657,2457
7188,4458
4704,6938
8899,3216
4413,9791
2818,6638
4610,4923
1436,3481
2680,8869
594,5532
9100,4708
2880,548
2256,4903
9181,7236
8114,1374
6081,6198
8634,600
3361,4639
3581,8218
6565,1406
6751,7656
5691,3873
5765,3891
8965,4003
7528,6015
2829,70
4934,8496
8408,1289
3778,976
7224,4454
9100,6976
6188,6235
8955,2793
594,5090
4710,2029
9965,4623
7938,1807
5553,3078
8198,8268
7211,2167
2970,3876
4702,1527
7438,8169
6360,2700
5751,2771
1283,1412
5396,2909
8119,1475
7678,4896
1501,3943
7102,825
3230,2041
1929,4378
4857,6915
4086,7130
100,6648
33,4569
4522,5749
6712,8613
1011,9538
2209,7506
9889,7604
174,3129
8902,7330
3513,3072
2483,6674
4234,4002
4012,4048
104,9498
5927,2522
9388,9873
8035,4491
1601,3586
6533,866
5319,2998
1117,5454
8423,5986
3159,104
9024,7929
6125,9885
896,1022
6203,1575
5758,1130
651,3511
3540,4678
2334,7568
3739,3142
2091,9587
846,1426
3874,5283
5376,274
906,2948
9130,6134
1512,3349
8364,6399
5633,7111
3061,5997
1302,4825
702,38
2574,6290
2544,6480
5826,4810
7430,1515
5138,4853
6285,7758
8645,4412
6151,8412
7101,9833
7791,5523
7081,4128
6312,5585
6804,3877
3598,275
8523,4286
4109,9803
2923,1750
3904,3405
2265,7370
2562,6870
7803,1811
7041,1002
7635,9745
6960,2537
1660,9313
683,9996
2333,9707
3350,2610
7499,8794
6286,9650
5708,3016
705,6700
5221,9814
1753,368
9332,7125
2211,7978
3130,7524
1902,2201
1376,3030
1519,1515
1482,5759
2001,2231
6921,1179
858,1734
6587,267
713,6446
1213,6797
4572,3309
9568,1670
606,5918
1497,9215
6604,5819
7971,5145
5881,4320
9807,3727
8535,375
2075,4919
2870,4758
9857,884
8506,2625
3302,6267
1588,9548
4323,3263
8691,5986
3824,4187
2147,923
2284,9788
9891,205
5770,201
5156,3122
5861,8735
1054,9298
5235,4413
6893,6317
4504,8569
5032,9783
4322,8718
5586,7056
4881,579
1433,1839
665,2696
1356,7291
3664,6911
9450,357
9730,7653
3989,7941
117,5532
4614,3023
8230,9606
1370,9153
8898,2704
601,5069
9425,2553
1207,4334
1948,1245
3732,2312
1391,4658
974,8289
7354,4030
3094,3829
6433,1987
9200,1451
7972,6633
8883,5074
6873,582
7761,4230
6996,7692
7009,3269
7576,1135
3208,9017
2360,33
3206,1682
7495,6156
4364,5937
2413,3756
4219,5059
6186,4438
2023,5560
1525,1929
8923,2271
4558,7328
5111,3616
3490,6240
3236,5237
2540,1892
983,7894
6680,9763
8148,5808
2627,4939
2250,257
6382,6908
1196,7666
9361,6883
5648,3601
1277,1537
7216,5946
9914,3192
1902,4562
4143,4930
2373,3120
2559,1021
6250,9800
1280,9447
7521,5798
6792,6162
5020,8163
144,2019
8367,7190
4874,1117
6606,522
5119,9222
1687,4392
7585,9378
2509,9809
4159,3172
3897,8698
8631,9214
9013,4981
9701,2032
1635,168
5530,6437
9847,9628
5384,5366
4102,8659
58,2777
4550,8439
6448,2682
5428,7419
7623,5828
8549,401
4775,5243
8388,3816
9543,6585
5658,5870
4731,9108
1660,842
8621,7065
8910,4559
1178,5239
8454,9870
5507,8202
4939,9243
2147,3474
7819,8505
4369,3135
4028,261
8011,8539
7338,2972
1986,389
5343,2458
6933,9669
9825,2368
2838,8273
3254,7761
8712,4859
8002,7737
3898,1220
9169,7163
3341,6626
7360,6341
9473,2745
1477,5170
3166,312
1071,7068
3662,4627
263,1083
4840,8681
214,383
8807,8049
3153,7318
2313,9526
7584,7786
2147,8284
3148,3786
5202,9757
7782,7619
3468,8053
8484,8779
8773,7926
3510,6602
3342,4345
7047,6742
5239,5106
7535,7753
5445,8334
8837,8353
7775,652
978,100
114,8245
2369,333
3989,4729
338,4631
2294,7560
637,453
4531,1241
2228,8860
8517,3578
5554,8830
7015,5141
6495,100
9572,8636
293,3863
5118,2145
3885,2187
891,6708
5426,4280
5850,4201
7608,5990
1556,693
1077,4612
461,2037
7357,4421
5289,7979
9740,5928
1307,6806
6444,5219
6617,7821
1078,5516
4188,4617
5989,9251
4931,6908
390,398
1094,8833
5243,7570
3976,7440
4831,5548
8742,1230
3765,4010
2445,4751
5113,4024
760,9738
5671,8362
3798,3336
8634,2339
74,1943
6125,3952
3868,577
3262,8852
1165,7764
6177,2929
808,3486
9632,8336
9251,4759
8575,4797
357,8203
829,3650
2385,8098
4631,4125
5345,6830
5655,9377
2206,5649
2891,999
1019,2632
6592,7838
8258,8663
7356,2182
3734,3618
6106,629
360,6454
5600,563
8533,5314
7565,8825
1275,8693
9759,8657
5596,2629
5377,713
5276,4345
8481,282
8741,3140
4639,9632
5882,1055
8817,3877
8152,8881
8099,4190
3559,5917
2284,5905
944,5032
4620,1137
5226,5974
674,7656
9677,2609
7914,9633
2759,996
9604,5663
3404,7578
8815,6461
6648,5694
6355,6402
8576,7406
8719,2720
4167,8801
6391,650
9884,1362
4431,2928
3857,9289
7173,7400
8278,4852
2296,443
7812,4423
4455,7833
1830,4493
6853,4505
881,5337
2760,9553
3668,8990
9216,495
3146,3047
6965,8322
4764,3700
5625,3848
7700,9041
1356,4260
2845,1429
7774,4731
3110,8500
7712,8364
3445,9569
5891,6778
8936,612
4530,8343
8918,1588
3596,7982
5140,5745
9625,6701
8756,8256
7006,1934
3672,6852
3195,8192
8516,6293
1649,4694
8882,9248
6993,8524
4847,4267
7536,9538
3394,5523
7158,6151
9772,612
1590,4754
1018,3140
4248,7711
2008,7676
9138,1701
8625,5444
1237,2832
2881,9610
1908,5488
4603,6095
6399,3997
1030,6526
2237,8533
4962,4410
4008,4580
6057,5555
4530,3967
1344,5844
5222,7773
5532,8092
6041,3106
5634,9958
6752,6041
2487,1256
3675,1949
8758,1845
2462,5316
9840,5919
9296,2425
4605,1244
8476,900
4144,7652
4181,8600
713,4485
7735,1945
4372,5314
7192,1177
4847,3455
3950,573
1513,6273
1290,1504
9558,5878
7169,1236
5919,3569
6188,5088
5734,7679
3141,3946
5015,8523
818,5618
8426,2330
4750,1241
6852,1045
1394,9213
9646,3841
5411,9794
93,332
2437,638
3728,9829
5294,4433
8697,3000
9861,7806
9922,9782
6920,5851
6273,7965
5213,3777
22,6585
1904,5616
8641,6582
1900,5491
6544,6753
885,8107
6550,7130
5201,250
7192,5432
7719,1903
8112,1977
1007,9529
3620,9876
5561,4937
3842,1902
2570,8408
8802,9365
1202,7298
1005,8315
5288,8814
4059,1875
8582,3596
4696,8641
1633,922
3824,4017
9201,3906
1674,4456
3951,8771
2865,1662
3660,6202
3021,304
2126,9852
2801,1937
1813,2627
1181,7880
1468,404
6131,9546
5259,1865
2471,8117
2490,719
3279,9126
5776,5982
6426,3527
9512,6288
7229,3145
7445,3088
1928,2569
1532,5217
3512,1218
5088,4232
581,5168
5676,1927
7339,1756
3384,3846
1862,9577
5774,6560
6999,4297
6471,5736
8724,7180
5247,7638
8107,951
9895,7665
7942,2045
8665,7434
2762,605
1125,1587
2409,4119
2538,1627
792,4492
7089,216
4763,3713
8211,9871
6013,9503
8443,9170
4331,6811
7846,4614
1664,1645
6631,4800
6539,5183
8215,2236
5932,5764
3337,5690
6990,9474
2140,4838
6045,8813
9674,8017
9161,7570
1469,6753
8676,2764
4528,6258
8085,7735
1027,8471
9887,8079
5081,3922
1371,2547
2060,5947
1569,8284
6336,3872
8518,5492
8965,2457
511,6117
22,2135
4100,3343
7662,5273
1136,9461
570,5115
6709,8804
1930,3771
636,2609
769,9241
250,926
6299,7674
862,2649
7214,8729
6694,4689
8377,8539
1026,9414
7738,1549
2144,3660
8668,8892
7750,7771
7053,129
255,2135
6781,5911
524,2775
530,5802
1564,9059
185,430
8102,2703
9335,7193
6947,9486
3277,6654
2425,9621
8138,4215
7905,574
4842,1614
1514,4517
8620,9384
4807,1123
9410,1039
4899,9252
961,6698
9301,6231
7128,4891
1006,9682
9390,7365
1199,9279
1812,4423
872,694
553,4841
5019,3736
9180,3987
8911,9830
4252,9813
9345,9388
5500,8694
3364,9790
3922,4220
7561,13
8670,196
9322,9861
4392,9135
4400,5830
9042,6010
2436,7885
957,3992
4594,8639
1015,5166
1258,7762
8161,5290
225,6247
639,9681
5236,9191
1737,2308
5564,521
399,9278
589,6350
2745,7037
3352,8810
4124,4538
9937,8494
5192,9270
346,4982
5150,419
4926,188
1215,1389
2523,408
2224,8419
6758,9877
3914,9286
258,8288
4477,9341
6763,6847
1605,657
4141,1276
1444,1532
6930,9389
4767,2297
9672,4162
8645,6584
8064,298
5914,9681
8995,4657
8802,7826
5551,5530
2872,7174
6719,5941
7774,5108
6361,8382
207,1745
9969,7202
1872,5459
6315,670
8662,5060
3294,3238
7633,9311
1731,3966
2709,3978
5901,6073
4217,5839
7890,987
1880,9657
743,1741
1189,9928
9227,1661
3004,641
3130,831
8772,6356
4321,9749
3104,9355
7201,9910
836,2733
6460,7069
5413,8828
7389,3697
953,5553
4852,7917
8478,5681
3695,8683
6343,5996
4932,8625
784,8579
906,7944
7906,371
8984,8741
3842,7362
9509,3031
5956,2805
5247,2444
654,4667
8503,4319
2871,1450
2233,6610
3758,7124
489,3699
9814,9733
4745,7855
9583,2972
3847,7200
9280,8756
2243,6052
9904,9902
8670,5884
1685,6716
6431,77
7236,4156
5935,5718
8086,8303
8516,991
651,8437
4426,3242
3928,8983
9117,3305
2172,9377
9860,7980
161,8410
5719,5732
1742,6769
8497,2297
8121,438
2880,9781
2506,7058
3625,9083
3818,1715
137,9607
5498,2248
6919,7204
9553,7254
7797,7124
173,8325
6900,1007
2746,2410
919,5627
4512,9217
9936,2003
2006,7878
6727,2376
3781,6304
2585,1473
696,2139
7629,6320
2143,6001
7714,3811
8147,2357
2628,7555
8612,5195
7965,2637
4894,3975
3944,5051
9257,1809
9664,8702
5632,1825
3928,9833
2441,4364
8276,4749
659,3371
2580,8733
8494,6309
6368,29
1364,5865
9455,6588
6646,4954
82,9355
8209,9350
7581,8553
6655,7365
22,3724
6105,7307
1670,7582
3082,3625
3964,1842
8911,2631
9249,5377
5483,4470
8806,8470
8951,3317
9,8914
9782,8979
4663,4044
3655,1547
3179,7449
4068,1281
228,2532
3831,1335
9253,2938
4268,5196
4470,7732
3249,4178
520,8882
3209,3226
7830,2513
9616,6062
7367,9688
4618,1355
3743,8821
3701,1113
7205,5551
9628,697
8128,9383
6621,9658
2634,4880
2706,4423
3063,4936
9883,993
2158,7890
2061,9268
4134,642
3028,6680
4092,84
9668,9959
3936,585
1997,469
5824,9023
2461,3985
380,4027
6799,8007
809,9958
2545,9424
3329,3697
4195,4455
5175,3079
4667,4280
9496,2638
9238,4151
3133,6104
6825,7945
4381,1244
7702,8099
3216,1372
8041,9678
9662,3860
3938,2244
5733,350
9037,6330
6905,468
557,8441
9894,4755
3895,9850
7778,5928
1946,9902
461,2490
4445,8151
7946,787
977,5239
615,4460
6997,3827
8424,1620
6809,7459
9491,7245
1914,4841
1716,964
8027,3307
144,5371
9669,9150
8918,148
8373,897
465,7180
1059,8836
1835,8545
6916,2548
44,8162
7285,3156
8720,2338
1096,4216
5126,7320
3003,4017
532,7861
8771,5104
5496,1859
6424,9785
2618,3623
7434,5366
2141,9923
6001,7876
2388,955
1330,6574
6049,8753
6973,6773
5064,2031
4563,9161
131,9809
3685,8502
2751,4956
3160,2925
6211,9231
9509,574
1376,2644
5469,1103
1684,6851
3609,6284
4697,9396
5087,2427
6603,3374
7696,5306
9590,9441
5023,5591
4413,1405
9292,4044
4727,6909
6910,7014
7300,5763
8448,9632
2270,9024
1218,9937
1419,272
2464,5838
7358,7232
8559,1773
3901,1326
5204,2375
6717,3980
5071,985
5641,7151
8756,2504
4274,1674
1946,5694
7056,5922
1852,7205
7271,9630
110,9487
1349,3358
5370,7808
2039,7748
6247,1640
3371,2259
3147,6193
5520,8467
5031,961
5290,3629
8497,3452
8178,7705
1183,1434
106,8402
1215,736
8526,8531
3204,2718
7174,993
7194,2004
888,5060
7178,3954
3530,1330
4905,1610
7973,9162
5244,9252
9365,4618
614,1614
237,4782
3521,9374
471,3782
3387,4694
5961,9490
6520,3970
9043,1052
2517,8000
3349,6738
7117,3981
3102,303
7844,7832
4879,453
3168,9526
5358,4458
8152,6433
8790,7724
5333,269
907,3649
8421,8985
7003,7423
1246,78
6768,2661
2079,6679
8930,3060
3970,5997
6282,3726
62,9278
7682,1433
1466,8746
7400,5648
5483,2761
1936,87
2158,6972
9545,8408
1633,9423
5928,1839
7979,6087
368,3118
4444,1118
324,7150
5823,4216
4323,3891
8637,1168
6210,6186
1835,501
9543,6977
5763,4747
5905,5332
5264,7087
9173,4784
4418,3130
868,9493
8322,1585
7896,9917
2816,7799
7069,675
9464,4448
3500,2625
9538,1907
7698,3259
9017,2698
880,354
7155,6249
9340,2566
9103,6457
7460,7419
5902,1408
1250,5254
9447,7855
2363,3316
9902,1880
7682,3271
2479,217
7514,4574
5396,2073
6216,7088
1367,510
7847,2757
1665,9865
2501,9633
6464,4239
7114,2878
4151,3076
6552,4885
1551,8614
4062,4952
6859,7123
8679,7519
3962,1496
864,6493
2102,7384
8087,2126
649,165
1071,2303
9903,718
2383,2666
1814,2452
1450,4221
9986,8922
9129,4278
6509,8602
5509,6877
411,5422
8545,3998
7020,3169
7603,5201
9739,147
7587,808
5827,6226
1292,4964
1170,620
8288,3924
6805,5358
1785,1500
3186,8263
9305,6958
2949,1294
146,4871
4050,6524
4818,952
2601,2600
8231,5199
472,7390
5936,5170
5946,9595
6179,9864
3245,9831
475,2452
6802,5071
4826,6479
9405,3213
3596,8032
3467,6359
9084,7722
7284,6273
5311,2274
3366,6928
1150,1420
6289,3837
4210,3121
7009,3585
680,1583
8310,5411
9268,2893
5791,9707
4465,4217
421,5890
5190,64
4740,7048
8757,4298
7332,5186
7853,9151
5094,7582
383,7866
873,9796
3197,2952
7133,731
2862,7517
1279,5412
7375,5492
2450,599
52,3472
511,6841
3915,4451
4115,9223
401,1178
503,1889
6862,5444
973,3702
3372,3278
2278,7415
821,6156
3808,5899
8826,2117
8861,8847
9824,2364
943,6503
6356,1126
5343,4774
3055,4717
172,4774
3973,9024
2497,4068
8584,9556
720,7243
6809,9036
2554,5627
974,9424
5792,4598
271,1725
1972,5015
9819,6713
40,8639
3544,6385
6856,4685
8359,6257
9764,5865
8469,6671
2981,750
9373,2740
1633,5234
8907,3144
2522,4275
6397,2121
8048,7599
1138,5335
5095,1312
1396,9264
9811,7442
721,7235
9856,9986
9301,1651
1598,8037
5876,1386
3433,5747
6291,3767
9894,5470
4278,5637
9162,3282
7428,8474
2261,2635
5142,8665
7371,526
8815,8580
2035,6373
7734,8433
8233,9514
7134,7832
7374,2366
9510,374
2207,5015
9932,1105
1091,3956
1613,3593
5309,4783
7512,7943
274,4174
9680,6037
7796,7429
4640,9545
8189,7435
409,8111
72,5703
2486,5171
1224,5544
6113,2088
6396,8942
4030,519
9226,9432
6677,6743
7385,7323
4701,3957
4171,8507
500,3680
2966,4857
907,1012
340,2937
5934,7794
6160,7647
9745,3960
2113,2662
7862,674
3620,2204
1884,3692
4017,5054
801,4450
6496,2347
727,9879
5508,439
5573,9086
2837,4623
740,2681
300,723
6282,2795
7255,3557
868,3628
3724,5213
5195,1049
3434,4774
8617,2405
5723,3513
7526,6944
5558,9924
6891,1585
4018,2710
3383,7187
5124,7785
8591,1146
1001,7405
6224,8737
2991,8109
689,4882
1773,4496
7908,9937
8548,3327
267,3733
5565,8494
8263,8851
865,3096
4123,6328
872,6891
2175,6243
553,2589
9985,2350
5184,2490
9397,7623
6845,7307
9773,6351
3401,5653
708,3758
5780,9339
3285,7968
8266,1328
7993,9696
484,2429
7852,6320
6826,2555
9969,4194
1334,814
7996,1430
1587,6735
7197,8145
9093,2820
3229,502
6691,2637
5040,9907
3999,974
2634,3099
998,8452
6335,5755
754,5526
4339,3324
4108,7914
7424,4724
2255,5440
309,7224
7769,2335
9371,8258
1227,4778
8131,3243
2271,175
1019,6646
9096,972
1248,2009
6341,7838
3118,3464
1504,4983
3698,7840
8595,8603
4176,140
7706,9432
2880,392
1235,5583
4612,1168
2018,8515
6789,6323
8689,8413
1994,7194
7829,3737
4426,5295
8940,5281
4041,7835
5586,244
7103,4704
5730,7251
9782,1264
6841,1240
5938,2664
2615,9475
4731,1693
4223,4354
3205,6241
7166,9148
3553,2562
4104,8298
6540,448
6989,4130
9765,6888
5499,2610
7020,3409
9437,5526
966,9538
6449,5206
9549,2431
8088,3374
3428,1454
2806,3227
1737,9482
8233,4751
819,8596
8598,2482
7146,7600
5663,3109
9685,7571
5968,3203
7039,7543
9369,4391
6051,7096
4662,3140
5863,7790
6682,4389
6757,1864
2043,6978
8947,737
9638,1371
6548,7970
947,2836
3992,6100
1715,5821
7374,2160
86,1261
6618,6116
201,4011
4066,6340
1548,2568
5506,5003
2114,4988
4527,5805
5089,5563
4953,6507
8842,4836
7385,1121
4322,5766
3674,9535
4623,8224
8820,5202
7758,4563
2723,3199
7505,9157
902,2891
1366,5333
7955,9002
4082,3142
1656,8066
6894,2587
669,6155
3127,9069
7398,5653
1641,1708
4,9830
7014,607
5978,8367
9487,185
7196,3081
6485,3451
3796,1697
2650,8272
655,3886
1537,3304
5860,4459
1460,9364
901,4821
659,1675
4238,8322
506,2408
4618,476
2572,6609
4068,5705
4332,99
4667,2808
1882,5327
3807,2858
6298,603
6568,763
3376,9910
6231,9692
1511,6636
1571,8254
6450,9330
821,1036
1674,1119
1648,2741
2293,5784
535,2229
8616,3446
9971,5648
5331,2021
2972,2506
7035,6219
4132,7589
6661,4419
4515,1224
9805,5622
7261,5033
7510,4934
576,6599
8956,7782
7338,2646
6454,8744
3159,7623
3416,4596
439,164
4708,4338
4046,565
9104,5269
3878,4466
5907,9476
3631,7285
8248,1190
1126,4234
2789,9978
7139,359
6166,9008
2908,6450
338,3031
1719,4083
6304,6003
8781,7528
2818,2138
3850,9103
7214,5228
5569,5395
3534,5661
8877,6405
4206,849
1474,9670
531,8674
5985,3359
1162,1041
5882,3262
3918,8023
3276,109
6595,2374
5288,7136
4416,6145
4868,7563
9018,3156
6603,5630
3162,3473
2737,7342
5425,3145
6132,513
5010,1892
8623,4229
461,2237
8312,5213
9756,7756
7481,6793
2023,577
4284,2225
2578,5882
7615,8463
2838,3793
4567,9942
5004,5333
7920,642
4037,4468
6306,6477
9752,962
6832,8795
9059,9464
3594,292
8514,7371
6323,2635
7966,8856
2733,2031
5164,5690
7615,1981
5990,2359
9176,9184
5047,8221
1150,4247
1888,1732
9039,9649
9176,2240
9593,7623
10000,1062
3701,8965
1860,8408
6605,9095
941,3791
2830,4893
2515,8756
4089,8186
3760,6027
5668,5199
8096,6204
8846,9663
340,3471
2815,3438
8614,8836
7229,8571
7399,3036
7707,1831
3796,9495
6044,5617
2759,5627
7957,8719
2538,2877
5009,6267
2742,7392
4046,5655
953,1031
2740,6895
4246,2216
5414,890
9927,9440
6481,3500
2733,9917
8977,9979
344,5883
1155,7148
5298,2158
8837,6986
4197,5993
6698,1522
2013,137
5066,6413
5000,7074
4549,1707
4858,8931
3144,248
5614,6088
4552,1070
3638,620
1883,8280
6691,5321
7815,7485
6880,174
3874,6689
1225,4396
1560,4772
7721,6828
1259,6517
7969,3520
8821,7047
6900,3333
441,9741
287,1858
6919,1797
7990,6399
702,1375
7289,69
4555,649
214,4510
9952,9944
8696,1657
2113,3173
6574,9708
7399,8961
6870,7142
4839,7750
1879,720
6253,2460
2398,1007
7633,8261
5776,8122
5340,8950
4367,2418
1236,6194
56,7362
7155,1188
777,4692
2326,7913
4383,8222
593,8551
1069,4199
8464,4942
3801,1994
4568,4922
2512,5542
5275,5810
7194,9423
4779,1008
8312,6485
7750,2557
2426,7102
7727,5320
5917,7843
1629,9795
9985,2244
7933,5531
2041,5753
4915,5346
7340,3014
8894,2074
7240,8681
1401,1120
9478,131
1805,5122
7544,4321
8100,9870
8143,5463
712,4153
2282,2328
4330,9817
9624,6628
4719,80
6798,2798
549,4069
7604,3368
8179,6112
3370,3805
1806,1250
6313,1787
6408,6399
1204,2892
9922,7033
1564,7871
9074,5690
7794,6424
8992,1278
6712,5920
3883,2330
1649,3178
6521,4189
3303,5428
1275,5265
1307,2326
3246,9614
5974,9914
5870,364
4718,1719
8565,8386
8101,4044
5201,1584
7836,5478
6068,7829
7588,8638
7749,798
9749,9138
9556,3196
2311,1054
6362,9088
462,423
5422,1622
1107,148
2709,3148
4796,4105
1073,45
2478,4305
6058,3902
1209,9127
2650,1171
1586,9009
1121,1615
622,1242
1897,8263
6185,7643
5396,7506
2199,6597
9490,1712
5474,7469
1071,4467
8114,9956
3785,8542
1178,8178
2383,4536
2687,111
7236,2925
868,5438
9283,3474
7248,2934
1197,3778
7889,3581
7166,2586
8378,9155
2781,46
5048,8473
9090,742
9426,2189
3618,72
9279,7635
1877,9459
9361,2993
2697,3445
9983,3863
1919,1610
3232,2281
5811,7697
7651,3178
1594,8653
2860,6151
3572,8837
1481,1213
3472,7352
7026,1095
1071,7457
2415,857
1152,3730
51,2722
2763,5632
2486,7713
1129,1963
5777,4488
4624,168
4738,8165
5485,9725
5904,7954
9354,3753
2744,779
5455,3741
9381,7688
7732,9595
1247,2534
5189,5001
1098,3094
4958,2978
8095,3697
2534,7210
504,4294
5928,9083
9124,1378
7755,4353
4234,7947
3396,1294
6027,697
9810,362
2896,4193
5639,1339
2946,6320
4614,2365
7913,9520
5175,9087
684,8778
472,138
4775,3608
7182,4382
1899,1733
7737,5882
2239,8420
4805,5848
3332,58
8044,5763
3430,7993
185,7622
3294,425
5208,5458
1284,8997
7866,2251
1282,7456
8180,784
6644,2674
2070,4693
5452,2067
1337,6606
6945,6354
4994,6363
3928,9170
4659,107
7179,4594
1249,2590
4981,3351
2400,6203
8368,1801
3290,8666
965,9415
1118,2671
1234,3895
5605,835
8874,1102
1089,49
5079,8184
2238,9866
2074,7301
8410,4246
3555,5809
7857,6648
3692,1006
1504,8108
8431,1071
1195,6367
1576,2883
4331,1995
1926,7180
8415,8142
1243,1116
4051,7942
7538,7148
5342,3787
1728,6232
3109,1576
4595,6969
6477,9448
4983,9488
5918,905
711,6956
866,5920
4465,3769
1197,5785
4386,3477
8135,3752
3777,9472
1844,881
8664,4079
3637,2416
1932,6845
7896,8150
1901,7583
2986,3362
825,6434
3628,8151
5004,532
5587,4399
7042,6043
8921,9484
9996,2662
8226,6374
8113,8814
5705,4615
9276,4440
6904,9343
2835,8698
7991,4756
5528,9143
4475,329
472,1673
8032,6650
8144,1210
1713,5441
6416,9663
4468,8921
5768,3010
2947,1965
622,5594
6500,827
2738,6217
8107,2266
6041,4514
7621,9957
7685,8260
277,2835
1926,4680
4492,9652
5929,403
3105,2459
8270,7976
5472,9811
7176,7981
7871,1743
4734,9960
8827,4497
6558,4743
2273,9318
7345,2249
7080,4973
8394,8715
2828,7186
5032,4051
4598,5532
1738,8674
9222,8863
1746,778
4307,3662
6674,9053
5737,1793
5651,7629
65,6702
3365,8517
4670,9399
2049,6547
2899,4241
2314,6128
4915,8348
6113,9182
64,227
8024,1853
9525,5106
6862,1449
3471,959
7001,324
5142,7575
7666,6763
2569,5750
6602,184
7831,1441
9947,7764
3914,2276
3865,7894
8782,9779
5991,9501
5968,9759
1669,5094
6001,9896
4423,7034
490,1817
9106,246
2681,2724
95,488
4473,5643
2770,5556
8688,4040
6420,8625
5041,4330
4475,6690
546,9293
2252,372
4569,5572
4919,3329
2127,245
1985,2271
6022,7569
4047,1353
9687,3838
3230,3463
9156,7347
6623,1692
1980,1184
623,8444
8700,8072
4469,1000
5523,1804
9493,7496
3998,6293
3010,1427
9826,1917
1360,1294
2297,7930
6806,8047
3491,2120
4674,5980
6845,9266
9271,7493
943,8477
3298,9451
8544,5281
7082,155
8180,5397
1110,6219
1061,9622
2776,608
8399,5059
551,1386
2997,5448
8538,636
3154,4661
7456,1996
4074,6875
4637,8627
1567,2626
2623,1617
9071,8218
5231,8288
986,6044
8114,6515
1729,3339
6079,1180
506,8477
3451,5223
9824,6480
9920,2838
8903,5419
5948,1161
9726,6978
8006,1577
4125,613
3339,8770
126,4246
4182,5371
1528,5637
9503,163
1158,6442
682,2218
3766,6381
2080,5305
6861,4037
107,927
9559,6636
8842,1145
9885,4764
1989,5548
1935,3880
8506,386
6465,7833
4149,5407
8659,2324
5055,2783
9511,7636
6765,7695
4007,8249
4954,3220
2559,8924
6911,2843
9206,9965
9118,5710
4810,3724
2686,2544
7385,4913
8048,3718
444,6216
2432,8193
3134,3340
6167,8892
4730,8431
5485,1310
6706,1155
8812,8269
348,1800
2464,6112
2791,7219
3771,382
3643,4727
1509,5432
4239,7074
8176,5376
9652,7975
3721,805
2814,1779
7226,1804
8274,1822
461,8716
2091,6288
4587,3750
7927,9070
1043,3008
7198,7040
6070,1164
1363,8768
1790,3113
9107,6832
6783,1366
9547,680
7126,894
6006,3275
3134,8453
7811,8278
9425,7501
1013,2276
4156,8965
468,2401
9803,79
5969,393
147,7196
8886,7115
5518,7447
7308,1007
4993,4683
4694,6865
7834,6065
187,5690
5733,9866
1121,2730
9742,1861
3668,932
8496,9693
8983,181
4124,8434
3009,9266
7302,3763
9064,4317
4857,1749
1532,4643
3866,547
409,9190
905,2354
8048,9522
724,8447
1408,8990
7735,2327
8142,2641
2046,8162
8003,5439
1531,2029
9956,8654
1938,51
2173,1177
2977,1048
6791,6608
8205,1906
7593,7450
7816,2436
4330,632
3615,8216
9364,5047
9184,4648
9908,8642
3176,2312
8430,2050
6570,500
4414,9059
3676,6450
9,6132
4140,6740
5346,4874
1872,6220
4328,8433
5258,4700
7277,9793
2506,1721
5697,377
4445,6555
5884,8346
3444,900
6987,7282
4143,2570
9954,6852
984,3891
8656,6593
2141,8284
2496,5061
3717,7926
2428,6800
1155,6637
7228,4671
8968,7334
4059,5078
6627,4501
1066,1789
260,7080
9902,9108
1214,356
5237,4212
7338,2602
7030,9508
8136,6725
598,6772
5153,2178
3575,2330
1992,7212
9835,7831
6702,4036
2550,1844
3573,7466
2545,2670
7516,2298
8731,1740
9545,2613
7594,3289
7014,6683
1391,3906
4002,9714
8408,6845
1047,7110
4879,6435
1131,4621
63,6093
9104,3878
8454,9879
8999,7901
2470,851
8562,5005
2038,2972
7894,9571
1142,3573
6239,5258
7520,4286
6013,5657
5001,2274
4957,885
8614,8688
4674,5604
6220,4148
9330,1935
608,8818
7693,7987
141,7454
8200,1573
5827,9066
2392,6831
1244,797
3034,4988
6027,4237
4064,7595
1854,9929
7685,4563
6786,8965
2897,6500
309,6834
8200,4885
4054,1897
8924,1264
9528,1188
5155,1094
9702,5898
5444,864
3505,5397
6875,915
7221,8194
252,5151
3018,7828
180,4357
7173,5013
2874,8690
2878,9306
2837,5180
2333,1009
9191,2151
5806,794
6263,5077
9891,6703
237,7080
6281,4257
4470,5029
2754,9777
4903,8215
8993,2392
9758,5101
7845,3876
339,2129
2429,1279
1390,7494
297,4525
4259,8269
2833,4370
4776,6564
831,685
1751,1516
8791,4853
4286,2341
8583,975
3716,8568
4105,8889
5254,3121
6805,6038
8127,6790
5667,9174
5655,905
4559,5250
6882,5110
5061,1057
4041,377
4556,8217
5398,3087
2623,9845
7320,2791
4710,8847
6935,3254
4867,3387
9969,5843
2808,9648
5747,5973
1382,564
723,1319
4337,3026
2874,3509
4991,8651
4479,9255
9471,5958
9327,2279
8838,9605
2024,2431
9076,374
5060,6004
5510,738
8132,681
4020,9478
2,1986
5162,4635
8072,2470
3716,7348
4622,1359
4099,3699
9326,178
9628,9513
1524,1349
9536,5193
7234,3266
8102,7399
9280,2999
8947,290
6448,6198
5132,5834
4032,3696
4211,6848
9192,1753
4301,2858
2131,4344
9316,2943
7578,7534
6216,6005
4492,6256
8416,6436
330,6962
2318,9030
8574,322
1393,7630
4588,5246
5972,8211
6593,1988
4643,7719
7256,5444
2798,9448
2460,5635
7574,4402
1927,7279
5909,9598
9048,346
522,3292
435,613
4193,4008
4115,5882
7825,6892
7099,1334
3167,9826
9626,3313
5361,9444
7564,6059
4541,3362
8317,5429
3070,1823
2952,6185
8600,8825
9358,1400
6387,8659
2514,270
916,9585
9521,7491
154,4494
6144,8720
9523,3261
3357,5868
8991,2187
2247,7331
9228,9245
3418,3906
16,6764
4786,1265
230,8617
9921,9501
1711,3534
3675,3697
8553,6851
4766,7168
9886,1562
2032,3042
2931,5224
8881,8201
4689,2672
1183,8494
721,8733
8759,2397
4335,507
6089,7674
4177,5091
4597,1214
5089,3618
4018,5362
1174,6100
4046,8086
5377,3314
4431,255
9347,9573
1783,6107
2732,8790
5270,5378
942,6341
7417,5147
9088,3617
609,696
3038,6794
9487,1631
3982,9201
635,8069
2157,1464
131,4905
4408,4427
3392,3275
7063,427
8789,5479
1779,1107
4977,1746
5945,5417
9443,96
6134,9795
349,9727
34,8834
2305,4611
6969,9216
6969,1295
9652,50
803,1341
2279,4889
3640,3418
6931,1755
4510,2497
6171,1321
6787,5426
3380,7869
7050,9567
582,195
3858,7155
7023,6992
7506,9135
5063,4915
49,1570
7870,7654
6353,3957
6177,8304
3260,1296
6587,9771
7558,3548
4008,7502
5730,3062
1317,310
3537,5261
8771,9222
1588,312
4987,7415
1539,9255
2139,8653
4711,6052
3342,7209
929,2933
3178,8804
1182,5218
2387,2623
5009,2365
8909,2756
8640,6947
3743,3032
2508,4093
7154,9967
4615,6435
1112,9132
1034,6510
2538,8660
7582,2600
4314,3678
1304,2019
55,1353
8002,9986
4527,9354
6100,4184
9039,672
674,4811
3893,6342
831,228
8486,3828
1247,3399
7276,5794
298,9593
487,667
3596,338
1573,5465
553,7217
2124,659
8430,7798
4339,8880
6290,9008
1441,422
5388,3716
8861,548
8238,5126
8788,4232
1583,8055
9034,1870
1735,3772
6823,1061
2131,5783
2291,6735
3496,2772
8364,8886
8004,2113
3955,3638
2192,3658
1063,7946
8881,2305
10,3430
6206,5671
2560,79
2796,8457
3989,7378
4645,266
110,552
3928,4041
6247,3540
8938,7775
4892,3861
4969,1991
2612,7839
2400,8330
5911,2080
4807,5270
1280,7714
2402,7610
9709,4236
4938,2865
675,597
3289,1736
3295,9222
1279,3822
5063,3562
3793,5479
9039,1494
9249,6572
4376,9455
136,5715
5122,7708
8976,1719
2226,8601
1839,7892
6143,6212
2061,8049
583,5656
8870,7722
302,9524
2635,9144
3814,6968
1059,5120
6378,5035
5631,5429
3588,6811
2604,8154
3183,8450
3761,3864
6246,2385
5351,4200
7019,3532
4809,9790
4228,7297
3361,9027
736,4183
4962,2285
248,5455
8036,3613
7536,7737
6761,6484
7948,4438
4990,3699
7871,1781
462,2446
2719,7821
7488,7035
7301,7286
4673,8205
6720,7684
4668,40
3705,7569
6038,7072
849,8645
3798,9891
5126,1284
337,3327
5669,9765
1060,3041
5417,5579
8634,2347
9617,5746
3614,9809
9440,8279
5130,1617
1134,2260
2701,3772
7052,1991
4508,6933
2741,6094
5983,8981
2351,5041
7068,2793
3105,5547
5809,6169
1023,1558
5146,3189
8400,1587
883,1614
3905,6403
5384,3374
6674,5781
1240,8485
3821,7324
4343,6129
8792,2044
466,7913
8896,6482
126,8422
8213,2189
8233,8126
1317,3788
7618,1999
1136,6932
5733,9765
4123,7774
2878,8152
6528,220
3535,7845
7778,7574
829,8438
7614,278
3060,6769
3213,6907
2522,8650
838,3918
8049,7206
9344,5039
2054,7085
9781,2234
6183,3131
498,8876
4642,9443
6044,4604
7240,9152
748,3352
6240,6202
5003,4525
583,7921
1016,3058
1526,3577
8822,2274
636,355
4179,1860
266,9523
2403,8569
4301,5363
9916,7521
6582,1940
6825,4842
4134,4027
1730,4934
3525,2480
6627,5335
177,9599
8424,5642
5588,6600
1898,9678
6878,2089
9571,9247
7025,6790
6974,1347
5244,6082
5130,2576
7023,509
7629,8312
1757,8234
7813,1363
624,2492
2970,3320
8934,7500
3183,5655
7240,9898
1399,8549
3116,6845
8020,8628
9712,5768
9274,3214
2807,204
6947,6047
81,9604
1995,5741
4434,2081
2284,5
2660,7234
9300,8034
8,8991
3121,444
2280,1266
2207,3211
5864,8483
1177,5447
395,607
3083,4302
9794,5220
2632,8384
1391,8316
919,4059
4440,9955
6424,2142
311,8390
6949,4188
813,2634
2820,2847
8566,4806
7016,1941
9480,6063
4742,1820
7702,8190
6118,3430
2194,5679
768,4393
4622,4921
9557,2086
3379,437
8496,4563
6043,701
5841,2407
9576,6658
6553,5602
4632,7417
8229,4503
9408,6644
5217,4326
7477,8457
2973,9498
8985,5617
3277,9660
9395,6255
8842,1794
9239,954
3590,5304
6533,9273
348,1113
6558,5467
8518,8026
3440,4688
2985,1587
1202,3543
1147,9579
9579,1396
981,7343
1294,77
4707,1102
3631,3746
9496,7796
9065,7735
5374,3617
1064,4480
859,6598
4705,1432
4863,5003
2306,5293
554,2575
6900,9723
1514,3037
8061,5235
4834,2968
7986,1752
583,8163
2857,1575
4484,4176
2716,48
1293,9506
5290,1669
7671,2974
2871,4841
4324,1142
2714,9663
8921,3941
7922,1138
2895,3195
729,5946
7098,2246
6652,3535
148,7024
5618,2376
6965,5401
6950,3839
4621,3052
10000,3454
788,9680
2083,9320
5944,2381
7455,7606
2390,1209
4742,3964
8725,3199
780,248
2763,8458
7207,2646
9507,2019
6966,8195
5014,9845
6782,9916
9206,7113
8528,1409
9530,8307
7030,2604
7955,9096
6604,7128
270,1291
9419,1104
5170,2498
2624,486
8777,3465
1468,92
8011,371
1348,6178
9189,5593
137,3724
8665,4785
5490,1903
5407,2171
6501,585
1545,6922
3941,298
5157,7998
3428,4531
4155,9850
8346,1049
4150,1831
2814,4709
8672,2692
8225,8667
3637,2920
6474,6597
3817,5846
75,6652
7574,5884
771,9907
5182,7592
1965,4975
4015,6518
2582,3719
3380,8955
348,2532
7064,7399
545,7940
2069,4315
1967,2114
9131,4663
7734,5610
3708,4798
1760,9371
7283,905
7125,1197
5637,7860
778,3116
3905,9657
2453,4145
337,2151
4795,8363
8098,8350
1787,1919
2351,2634
1523,3577
9897,4314
7120,5566
8548,7900
8547,992
9003,9959
6174,8205
7940,7012
4799,852
6189,8585
9491,8964
6245,5379
3756,2243
1864,1088
3213,9768
2003,167
9522,5447
2421,5636
2348,8598
9846,5092
9290,2272
721,6857
4579,5733
5949,2874
9840,8779
4570,5083
1047,8534
4998,1636
6801,4960
623,2208
7389,8325
6386,2564
62,1149
7219,9530
9775,3590
7526,5914
8263,3726
6329,1540
5864,2666
9028,8044
593,3078
4169,4770
8115,5946
1078,157
3072,2965
2650,371
9055,5096
8947,5863
9597,7329
2581,6192
8525,1459
6679,6530
176,2014
24,5932
3040,6369
7583,3805
9542,5080
9984,8179
6299,5811
5322,8690
4684,8902
829,717
9542,214
7945,2467
1905,3367
353,6153
8201,3775
6030,8993
8248,8245
6305,2436
8511,3116
96,8849
2515,7206
34,3634
9380,823
5061,7847
7768,4967
5052,6353
2087,1683
1143,829
1695,7361
2858,2154
6600,1022
6032,9849
6498,3671
4824,4881
6602,976
925,6508
6604,3443
1395,1746
2034,8040
3869,8544
5802,6333
2140,7108
9861,8451
6626,5623
3116,9462
6325,1783
7358,2182
6782,9104
6868,7174
1649,343
7957,2113
1351,1379
2149,9156
2007,5240
2456,7419
1220,2465
7989,2812
4032,761
3957,9482
8734,6343
1483,4359
2756,4468
301,6906
175,2169
2304,5688
9969,7193
7507,8610
8693,7161
4130,6379
7123,2280
9546,3717
815,79
3324,9767
9036,6006
2203,3356
2014,8015
3567,9370
1005,4771
924,5246
3621,5816
7516,8289
1803,8364
7833,6777
5018,5777
455,5487
5050,4181
7294,4280
2466,9916
2549,9026
2293,8828
5353,221
3944,469
4750,739
3587,8155
6077,8085
4486,770
6507,9444
6323,20
9866,3081
265,4881
5192,6113
5905,9332
1957,6569
5345,9998
2259,2690
2813,2514
1286,7920
4718,4188
9194,3637
7291,4926
4324,9029
3268,3705
6017,7829
3773,3684
6154,2341
3223,4876
1273,7287
474,7033
2677,9804
4799,4040
5834,3290
1627,2826
2916,1419
405,2952
5129,7812
7640,5713
5222,5792
7491,4131
5746,1593
4238,945
2415,1075
8664,5271
974,4805
6555,6599
7714,3508
6065,1694
3821,5086
2848,3161
8711,5456
6688,5774
8686,7749
9854,1480
5015,9531
3529,3378
9889,1891
7417,6207
9882,6741
3279,7716
1276,2398
7416,851
8703,4775
6827,9925
9378,2531
3154,2178
580,3204
3397,4672
4477,235
2849,6006
5034,4618
6296,1180
2756,8280
4418,3905
9474,9440
8594,8505
7941,3926
6659,4993
5825,4312
9633,3007
4108,8108
6884,7755
7055,2748
4086,932
4857,6570
2438,1968
2739,2
5125,4356
3934,7915
9870,6348
5928,7753
1043,4920
3534,2882
6162,3396
3004,9322
7494,8130
5183,7342
9546,709
1963,506
6408,4365
3224,1239
8384,426
6407,8181
212,5918
8355,2016
4976,5204
2819,7842
663,1991
7804,1029
5000,1905
3890,5987
4879,9617
9343,9532
8712,7559
3117,5059
1183,9295
3165,8741
7139,5671
4346,359
2537,7919
9559,8844
8188,8204
7541,3056
9778,4041
5649,1779
3209,7915
7882,5381
3777,8879
4528,6602
4387,3043
8120,1691
5903,9902
828,5257
2900,2668
5871,1102
4359,5785
3390,9474
4118,5721
7170,3271
295,2050
3810,1761
5722,4216
2454,6981
5021,9219
9206,1197
2990,1678
5728,1926
6939,5934
7609,8342
6229,4317
6811,7277
8595,8162
3948,903
7363,7279
5247,2842
875,3111
5140,4291
62,8841
4586,1959
1178,7294
3109,3961
6222,7323
8923,7175
648,6835
4296,513
7356,7661
1361,6504
3361,2701
7141,3838
7270,4161
1184,6415
8370,2042
1593,7515
1641,1269
7563,5136
906,9445
129,6288
6501,5295
5290,1284
1546,7186
3773,2877
557,2753
7526,3538
8101,9374
3917,6875
2084,8308
600,7113
1712,8753
8455,9871
2816,5694
6861,2945
5955,6573
5326,8744
9737,8030
8180,7056
1013,558
3164,638
4282,4924
7965,9808
2179,4073
6504,1715
5103,5676
3819,9755
1017,6815
7280,7507
4821,1465
6947,1953
4103,9273
5984,6709
3037,3291
698,1678
4013,3738
6553,9593
3193,2419
7259,8183
5054,9858
2443,3001
8333,6572
7054,1051
2784,3320
5482,778
5486,7898
4337,1491
6490,8700
2187,6154
2454,8635
5891,3427
2821,3964
2552,33
4173,6618
9043,1705
4331,254
9864,7314
1665,3289
4453,4811
9371,4416
6519,952
8879,1652
7100,5083
1026,6060
500,4075
2839,9362
705,2676
8642,8280
9613,3403
5067,4789
9562,9451
9982,1135
7860,4081
4271,9302
2835,6848
7388,8475
3085,8690
6954,1324
9672,3292
4641,4989
941,8109
4212,3539
4248,5251
2120,1440
7260,7306
9286,3671
2035,1889
9147,7371
4451,6586
3292,1992
125,7598
247,8717
1710,27
6917,5
5880,764
4332,673
3291,7971
2001,3347
1725,3493
7146,6762
345,7730
7730,181
6499,1343
4405,8053
4105,3954
9195,4355
9990,905
3282,5099
7792,488
6931,9524
4705,2797
8935,7533
338,5266
7443,6198
2659,3438
862,7400
296,5160
2803,6466
1406,5737
6274,4721
2043,9580
7616,7403
3826,3109
431,1192
5558,1164
5657,1837
6822,837
2390,8918
5991,5117
9149,7584
9263,642
1542,6928
205,8847
7166,1267
695,147
3636,8051
4443,8781
7872,2499
8135,182
1491,9512
2100,7643
8378,5747
2124,4662
6796,1711
4796,1576
7539,995
8277,245
9847,5749
557,6603
7157,7388
1682,5280
287,1312
1790,1000
4302,8032
1814,7056
3762,7119
5533,9834
6010,5244
6262,1605
8846,380
2807,9448
2201,1462
2008,5675
7141,8699
2442,3009
8383,7360
8420,2822
3065,3098
9881,4881
5102,9669
9926,8519
7904,3441
4391,6524
8941,7753
745,3542
3216,2161
7834,8944
9540,8731
2845,1591
6227,6598
4121,4773
7725,3333
6817,4055
5140,1431
3150,9789
6820,359
8185,2302
6304,2834
1141,1782
8216,8609
3128,4429
5814,6274
8474,3108
2279,4199
2375,1007
4567,875
4255,1802
1045,5148
8876,3593
4550,6186
1075,1952
7285,6618
2979,3867
8488,9367
3419,3259
5197,6246
3464,2910
8452,7924
764,3609
2086,1134
7754,6517
3683,7548
3758,1908
2970,9132
4106,8142
4241,7479
538,8812
7716,8338
7657,544
5258,2818
5613,8815
8707,908
2477,2765
669,3625
7938,7411
4054,4867
7019,2190
9980,6991
1755,6503
8592,3047
5454,4971
57,5090
1273,8135
4213,4754
5278,82
2714,3129
7343,2215
2267,3273
8954,8429
278,9431
5250,869
522,59
14,383
9990,2231
155,7352
7260,9185
4429,2708
6724,9247
2674,8021
3965,7582
2919,2326
8654,3359
7700,3622
8011,3743
7923,2820
3763,6833
591,6595
9718,2394
22,6506
8916,6552
2192,9723
4753,7280
4138,4413
7988,1635
5579,1545
7998,3964
9864,9630
9656,9336
6386,9041
1638,723
9677,1300
1752,3579
3820,5041
5374,9235
5480,8852
4427,2470
1488,4707
9187,5414
8938,7706
5710,8576
4471,7847
9598,2110
996,6079
6093,4169
2492,6443
5792,7928
4300,4179
7992,7321
6367,6964
8455,6475
2519,9761
5631,1766
1549,772
6374,9944
8352,2575
8646,6332
5593,676
3857,7577
303,8957
3233,4852
3702,6376
8141,5955
1635,5347
4344,9840
8714,6016
6340,7989
2056,6565
820,9594
6477,8947
1615,7065
8417,5296
7344,4922
3607,5955
4649,1296
9711,5372
1208,1983
5029,9949
578,6536
3798,2281
7388,450
4515,4232
6697,4935
5007,4820
1470,5192
6834,5475
817,1502
3776,5441
3327,5822
2388,1401
2748,1064
725,319
3781,6029
5259,605
5010,1178
2442,6649
6584,805
701,1984
2587,6707
2047,241
9472,1123
1186,808
5472,7787
8962,6421
8040,77
3427,8808
2302,1141
9527,3420
5982,3186
1997,3149
9330,8718
6675,7223
4864,3468
2460,2717
9421,4573
5148,5762
6031,7359
9152,5127
6016,6899
7722,5346
9727,9337
2970,1095
5745,6122
7705,2630
4181,4962
3471,8448
1732,9144
7492,2455
9959,5531
563,8626
3155,6842
1771,937
8383,9312
255,5731
6214,6315
2349,7354
4536,4616
5804,1192
4251,2108
7246,3920
8687,993
7173,4443
1694,6331
8402,9005
3570,3302
8152,4515
6817,350
959,4588
68,2586
5925,1777
3349,2710
5775,8450
7446,4316
6845,8271
5791,7551
2123,1455
7839,9363
5267,8241
9172,9756
4320,877
3029,9201
9742,9205
8140,909
6557,2621
5249,5202
6469,6420
3906,5370
2595,4446
8367,5387
2209,1360
8737,4102
9667,9272
7323,7197
2238,4646
9640,5118
4899,3562
4580,7153
7113,4987
6471,5354
7737,8961
2124,5722
9443,9009
463,6841
2045,418
1573,5640
8892,2176
1190,4566
6523,4397
7461,6177
3896,1999
7360,1239
4238,6090
9970,3704
4589,4634
9030,7145
9478,3548
1319,9800
3810,1850
5154,7815
2611,8850
445,5543
290,4275
4081,4243
2758,2291
3842,5637
6742,7279
5295,2217
6918,3487
4661,4940
8494,8341
1854,864
2121,8035
3255,6143
1848,2694
2319,3849
4934,1122
2714,7533
9511,5195
6,4096
6905,5614
389,5036
5165,7578
9737,2216
2175,4446
5695,3712
4240,1744
4545,8497
1813,2071
8863,8195
6968,3414
6904,9139
2716,9446
5602,3852
1231,3039
2185,3666
4440,4370
1300,7659
3455,5301
2403,1865
1692,8588
9429,4424
8407,4944
5382,1793
4494,1071
4549,8073
8214,2657
307,4713
2857,8498
2407,6506
1214,3328
7263,3916
9206,3971
4609,7348
1073,3507
6416,9168
2833,4203
5274,5432
343,1529
910,2755
9962,7134
2395,1619
806,3864
3715,974
3584,3033
3454,8442
5448,1252
9307,772
39,5492
9905,1052
6504,4041
3284,7441
8195,2080
1060,9941
1460,1437
9679,7628
8522,6984
4614,1943
5116,2545
3356,4791
3590,8721
4027,4144
5057,415
7521,2236
1152,9387
5912,5224
1526,9322
9300,5871
9654,6159
8997,6273
402,9234
5868,7952
7733,8608
1481,2439
8044,9055
4323,7160
8334,8140
8417,7808
8125,8979
6918,6200
7845,8682
6810,4507
433,699
3874,3583
6973,6620
3266,7586
3205,3516
2457,642
780,6540
4330,7353
3770,6023
6171,4
5469,3648
8262,3630
2704,3143
2013,893
7737,1863
2074,7801
5195,8575
7172,1732
8204,8859
5502,3659
8385,8078
4426,8792
486,2318
4731,9936
3258,2236
5336,4496
7430,5279
6988,8271
382,8812
8762,7903
3680,3604
9517,7558
986,2746
3454,9108
4520,6783
2719,9424
5259,6924
7716,8659
6709,5483
9809,4496
3136,7523
2974,6623
3150,4702
4904,3541
9275,744
2225,4066
9487,8710
8199,5638
4000,2753
9938,8464
6965,1054
1367,5573
6245,6571
1050,4810
1133,4088
9024,1582
6032,4911
7730,9814
2473,3393
7694,454
9340,831
6247,4297
7338,2962
5612,2270
9635,1015
1510,3663
3990,9754
6667,4958
7812,9358
4336,3199
6531,4103
8972,7996
4878,4852
9463,1977
1450,4844
9201,1605
8051,9124
3327,4105
3412,3642
7312,2512
7558,4353
7293,8483
4432,5081
9711,6608
7292,5002
8171,2278
570,7405
5192,8880
6782,247
9666,3371
1157,6531
1142,3974
3813,4139
2861,7509
8034,2387
3526,4066
3484,1810
5644,7057
5046,7741
775,9054
1986,8690
4510,1365
8567,5822
9978,157
7349,4475
3781,8770
1167,8746
9121,4781
7031,3192
9574,9363
1207,2176
8339,7991
5019,9918
2086,8812
5245,3851
2422,9515
2248,938
8317,6894
5502,237
1908,8583
7141,7525
214,5039
2892,2116
8150,5743
795,9185
5853,5652
9960,4071
1259,9827
7974,8986
5663,3145
9096,2247
8561,637
516,4935
6861,4053
8738,8464
7738,274
2371,2296
296,7609
4751,2119
4473,1326
1814,5655
4150,95
2968,4315
6770,106
9457,5753
8107,4956
6412,3349
9772,3895
6200,236
8096,5616
9880,7226
5890,1298
8547,4664
2240,466
6396,2149
669,9184
1085,8288
6117,9654
4156,367
6267,544
4960,7072
607,41
8268,8441
9179,8798
5577,9357
1292,4128
2051,206
2414,4172
5642,4410
3344,1391
4760,68
1399,808
2098,5631
4511,6222
8168,9065
7163,698
6934,6434
3389,6627
3501,7799
818,6868
5660,719
9445,4956
4423,9266
323,4530
810,8145
4302,9907
7271,9654
1739,8954
9483,7081
6295,1002
3054,4651
1542,5707
9945,3283
1964,1358
1522,4771
3268,607
4947,6374
9341,2806
8522,6312
7749,9114
7097,4178
7294,6819
7836,10000
2381,4346
7322,1969
8641,7759
5653,2587
9280,8967
5548,4232
4413,5200
4096,337
5654,3586
9108,2309
842,867
829,2933
8648,2167
5225,3712
2530,5395
8236,8054
2832,1036
357,6859
593,8641
5119,4043
6253,2370
5635,9764
1574,6363
5451,6452
2556,9040
705,3664
8143,4247
3654,2318
5855,4093
9487,1279
352,8854
3098,9100
3498,7397
2286,6524
7628,2643
96,7248
4176,5936
4434,268
282,9507
4870,5410
9530,6080
336,5227
1329,6149
6761,4597
336,6640
4960,2580
4475,9505
4875,4038
1037,5639
9659,1496
3765,9354
2157,4798
126,2309
3693,7427
3021,5742
5861,4205
243,8035
6276,4955
5314,6466
2666,5295
1965,5749
7870,1426
5512,4056
9698,2712
7198,2632
3679,2817
7393,8042
4762,4297
6747,1589
7336,349
6051,5118
4158,5866
6924,9246
8240,1956
3544,4050
1883,3551
1914,1998
3647,6798
921,7054
8644,6870
928,5467
5965,4318
1938,7431
1194,8613
1323,3733
4711,8127
4065,5463
6754,1325
8777,8582
2490,1017
151,456
899,3451
8333,9537
2710,7243
2532,8616
9876,2692
2201,1028
219,8432
3086,9060
2482,9333
1,5752
734,652
1434,6415
7207,8123
2894,9629
9157,6318
4033,4665
7380,2422
4568,3425
3942,2685
3324,7578
791,3077
4523,439
7964,3197
2472,3221
2661,2671
6291,1202
7201,9513
1747,2488
2785,2486
9359,1145
4565,4264
5868,2920
2578,4628
2577,178
5781,5337
5302,823
97,3966
2683,4681
8308,2792
8997,112
9304,8566
4835,7047
9237,4441
1358,9590
4227,946
5327,2413
1181,5498
2699,4954
2866,6712
6985,3896
3349,723
3925,612
9893,2180
3085,8732
22,5606
4728,7335
5982,8589
8518,6459
1148,7136
7457,7743
1010,4389
9651,749
2691,5224
8035,7219
3047,1367
3399,5591
2268,7933
6461,917
1335,5657
4,5126
6696,6794
4773,9918
4588,6106
719,6418
8235,1459
4736,4661
3809,5282
6351,3790
218,2711
9526,6967
5974,8790
6542,3636
6493,3517
9474,6349
3948,9554
8085,7786
557,2825
6336,2907
1349,1583
2916,9233
1654,7478
4813,2716
7877,3693
3351,8514
2726,8970
7690,1577
7587,8535
1697,4577
3084,8247
8473,2673
280,8515
1829,6220
313,3350
3502,2944
5534,2993
7,747
7474,7291
494,2170
4561,2969
8174,1535
587,102
6674,5086
6497,207
6805,2372
4525,8462
2229,37
3390,1152
2949,5408
4016,3173
9441,5137
7130,8532
1933,5300
2433,2824
198,1552
5498,2188
9722,3160
365,2462
5251,7257
3589,7378
6222,3520
3379,3942
2778,9548
4146,7869
1212,635
4998,1547
6112,5268
3694,1724
2201,7248
6472,9169
5337,2437
5891,8392
1725,4736
3840,9718
672,671
1442,7508
4064,1433
4628,8468
3741,7163
8650,7374
8541,5311
127,9803
3260,3626
7117,9789
2577,8291
332,2473
7868,9467
5057,9250
9452,5182
6360,6451
2749,5892
253,1449
1102,7651
7507,5147
800,6325
6407,9239
2955,7266
6671,1722
331,554
380,7099
9271,9729
1679,3508
9842,5847
3224,3614
7146,8899
8489,4457
3630,2891
2761,1781
4893,9587
7732,9023
377,3327
400,3259
7675,1799
4058,7643
7680,6438
8815,8249
8944,399
3479,4839
5967,9373
5723,7088
1549,8420
3463,8298
8616,9481
2714,4251
6977,6875
6651,7973
4108,2493
9782,3104
865,8610
6132,5090
9743,2339
409,6221
3504,4943
7366,7189
5336,3104
3310,7260
6023,6550
8758,5452
3614,8834
9766,3585
9918,9793
7004,8177
4347,307
8944,5000
5136,6311
3841,2068
6701,7909
9806,4746
2827,9655
209,4131
751,1173
5414,6774
9133,8763
9818,4755
5396,4954
8847,2393
4807,9800
2907,7061
9004,9364
4735,5993
8637,938
4645,6996
796,9935
1219,7523
2756,7834
5549,5028
9930,9103
5863,4178
5459,521
6135,5794
4030,4404
441,7977
4146,8628
7388,9880
9282,4101
874,9253
4013,8400
597,6727
9267,886
572,8941
2656,7052
1869,5228
2541,8451
596,5316
5452,3891
6786,6605
9057,4228
8041,9651
9777,5849
7795,7275
8514,6217
9699,2481
9889,4443
7731,5664
5571,781
204,8941
2963,3361
9524,176
4522,1365
9746,9791
365,3678
8189,4201
5824,9776
2034,3020
8905,4859
4164,4852
2143,4710
1102,6065
3888,1393
2244,7683
9122,2714
9976,3845
8641,3758
8968,7587
6359,5001
1572,3513
8794,3804
7805,6921
7584,8714
6185,1944
4221,4767
8163,9014
8797,3709
8688,1753
861,2405
6220,9029
6963,3582
5651,7818
7918,5461
4795,5305
6999,9378
9135,2532
2071,4018
54,1506
4099,358
1490,283
2115,3400
8773,1286
3328,3173
3228,5421
2651,7899
1904,4009
6522,5648
8962,2992
6237,60
8515,999
3359,3333
7750,1205
1144,8741
2637,2935
4943,8490
4383,8633
1469,2441
172,6199
4717,2784
9703,5073
4031,4103
6466,2612
1387,1538
3192,2795
1715,7862
9843,4705
7362,4853
6126,833
8784,5288
2372,3452
3079,424
9623,3414
4880,5704
141,9294
4055,1411
9749,4696
5565,942
8967,5513
3563,7369
3274,2318
404,8999
239,6858
452,327
3818,1546
4101,1535
1568,4358
7728,2276
348,2966
8832,9401
8780,4350
4562,9905
5929,4168
9944,3106
3220,1821
9565,6488
7627,943
6708,8515
3338,2822
2809,4655
479,6565
9673,254
8246,9816
5501,9540
2563,4924
4400,2846
8686,2491
994,7439
5063,7027
2550,1289
3787,5154
422,1461
8160,5521
6310,6191
6554,7497
38,8384
7776,1590
3824,3705
3368,5191
9186,7498
1647,8846
5974,9404
1797,1338
956,3201
1493,9583
9945,8358
8834,7055
9976,8433
1196,9591
607,6829
514,888
7389,4767
4050,8321
9856,4085
3820,8214
211,9786
8564,9294
2388,4088
3110,8862
67,8794
3988,5182
5430,5821
571,9541
2505,1507
8324,1271
7299,4339
5206,8343
5925,5728
5288,7577
6075,3284
4964,8457
2276,5721
9864,9458
1487,6117
246,9052
3755,1407
9898,3589
1585,9698
7148,1482
2413,6909
875,4467
7078,2628
9370,5401
9855,4103
6951,324
6310,2156
3542,4101
7034,1307
332,764
746,9895
1639,519
1017,7812
4699,7160
685,7625
4839,4930
2166,9748
8918,4176
4588,2180
1058,6370
8529,1143
4947,6405
7573,1792
5684,5245
1752,3604
135,1265
4971,4466
591,2323
9264,9949
7018,4955
3183,4423
3570,5264
5146,8811
233,6050
72,6967
5218,8454
4190,9348
8271,8479
1036,4308
676,7222
787,2295
138,2725
1812,7866
4288,1797
324,5933
8124,946
1227,6190
3551,6840
380,7591
151,8285
1647,3521
6910,5019
8970,8804
9039,5431
30,3884
7001,4915
1870,1097
1724,2700
842,899
576,2417
1177,1704
3236,33
5653,9220
6196,4207
2064,6060
7733,4949
21,4807
602,1698
6585,7897
5944,2866
1489,5421
9798,9912
4317,4478
8430,42
7617,6626
6865,1785
7604,4452
8247,2876
33,8380
4388,7880
9339,557
9158,2574
6670,6251
2522,9889
9744,8487
9694,3074
7927,7097
4945,9610
2996,569
5735,1747
8588,2921
2329,6019
6216,2211
7321,1110
7938,3018
6899,1224
720,4303
3934,2780
9869,9411
9778,6603
6850,868
3764,2908
3812,4198
8317,4428
8807,4927
3481,5803
5601,5342
5882,4243
6697,9705
4141,565
1981,450
8644,8242
1491,1558
8194,7218
9592,4018
8198,7237
4292,9522
1471,2196
4366,5079
3438,4403
203,2243
6568,101
9346,5764
4618,5020
7835,7660
2151,3915
6070,745
7789,5994
8585,645
6214,4902
5793,6844
458,9298
7208,7861
4018,8046
6855,5568
1607,7538
6883,4314
2761,3575
6996,4976
9916,7362
6595,5645
9388,398
5665,7201
7745,8997
4772,5905
1981,4554
972,4357
9283,7974
3956,8227
5682,766
7029,6453
6766,6461
5348,6088
2400,9875
6091,2804
2243,3674
4500,163
2303,4144
5026,6240
8724,6358
6570,6878
2380,1236
1535,5842
115,9142
1884,4510
7266,1079
6281,3994
4598,1561
4736,545
9824,8686
7066,7733
1749,5511
8003,1792
534,6742
7868,9465
7018,5361
3471,9935
9606,1638
7196,2197
6975,5157
1266,3690
8455,9775
8554,6228
3795,537
2893,1784
4813,4989
6630,6760
8357,5741
7106,5689
4306,8548
8660,544
1943,8859
3461,8089
7088,7173
1769,4132
491,6200
8668,9996
3972,3369
3243,1349
489,786
9759,9650
9388,6898
4371,3792
615,5409
3383,5746
9145,5854
2734,2377
5918,2632
7170,1488
4510,1269
1176,7106
1004,3458
4125,7976
5934,4776
1615,5539
4972,4551
9352,6082
6513,9698
8325,1937
5679,646
4486,4798
7807,1528
4334,7449
1397,202
9369,8663
2818,810
8253,6483
3844,696
3033,4546
5288,8241
187,4753
1456,8797
7198,429
6863,6561
1072,2575
5344,1457
6161,1202
6679,566
8071,9154
6335,5864
5199,2243
5507,6376
2078,4027
6856,3069
1861,893
7815,9273
3827,3123
9305,6902
9044,951
7371,1811
6551,5486
5104,3381
2654,9698
5894,1692
3726,2794
6512,5971
4822,1768
8115,7443
5021,4606
2925,8789
2340,6062
4623,2482
8650,3565
5547,5897
9614,6227
8904,9115
5775,4946
8306,7383
5424,4049
2015,6829
807,2132
6396,1281
6452,5433
4950,7327
7855,2353
2037,5461
3002,2153
1667,4433
3702,8644
9546,2935
1713,8167
9371,7631
3948,2288
6986,3434
3083,8564
791,3791
4694,1844
504,9318
6861,3531
2145,4975
6360,2566
7286,3728
1900,385
6599,2506
2425,9050
8266,2727
2656,3156
295,6722
2018,8075
8620,6098
1412,5854
8961,356
3359,2014
4246,6836
2963,1761
1576,7321
6796,2131
8770,1002
3148,2427
6400,1601
2920,9637
2751,5018
7407,3873
4481,6871
2469,1687
4268,980
8238,5364
5058,2642
8501,7574
8795,1506
7244,5297
5710,8479
7470,6619
5903,4392
2768,5162
2338,4969
7991,7656
477,9510
9043,5584
2556,9987
1176,4040
5214,467
2045,5434
4797,8507
6317,9793
4619,5441
2491,4476
1431,2342
1875,4018
9375,1006
3756,2739
3008,2888
1273,9367
8233,6238
2271,7701
2365,2251
7280,5138
2886,4931
3557,3300
55,4180
795,5409
7274,7015
4021,5033
6681,2835
6975,9741
8952,5566
8690,4634
4702,8289
5859,4390
1685,9735
2519,1590
8183,1073
7233,9225
9976,4985
1179,4165
5955,2401
4883,1468
797,3704
2028,6170
9717,264
9542,1902
6205,1759
760,2883
2562,1863
1706,6537
886,2308
1599,9157
9135,8938
8751,7474
4841,5545
6578,914
4374,4726
5128,2389
6182,4023
3318,5060
129,1818
2108,6939
3201,3714
3009,2625
9053,1552
3775,4277
4352,2042
12,3926
1081,538
6109,3807
6283,134
8719,7486
1908,2519
7840,8144
4762,3336
3159,3787
5425,8029
4132,6438
8842,2045
7074,1689
5126,3262
4377,381
8136,4380
7456,1263
5944,4085
880,9078
8659,5108
7092,1006
5072,6695
6701,81
1133,8624
8273,5282
1944,6213
3043,9717
1963,20
142,9150
1262,9622
9882,2964
5360,318
1058,3650
736,4975
7660,7562
7621,6823
1639,278
9150,9804
5811,1629
1924,9010
2794,2782
5003,7990
1181,5851
5863,6169
4921,9973
5932,908
8936,2192
621,5477
6259,2419
3206,9980
9701,6271
3349,6964
3627,3161
4275,4153
1352,6518
2353,7138
9813,9090
6189,4723
4501,4157
4068,9747
1607,4290
8401,3876
6805,4596
9444,8356
1785,1016
5422,1087
7775,234
5240,9871
5925,3837
5971,4033
4894,8242
9450,5237
4951,3011
1523,6098
8129,9533
7509,9779
29,8984
708,3842
405,3189
2727,7840
1863,4579
9259,7166
5293,3421
6096,1674
5303,9891
353,7642
1947,1748
353,4862
2002,3829
5137,7557
6371,4496
238,4399
8381,3916
9527,9130
6638,9653
5180,1644
5217,1064
8193,7035
4900,5518
3058,5084
4823,6594
18,4038
5664,8000
9164,9570
2364,3771
5578,4530
2288,6075
5619,2827
9438,5170
8142,5120
3282,9626
6037,8476
4972,4221
870,363
6600,4335
3571,2326
2025,3692
1881,8858
2964,778
9693,7492
8296,410
8450,4571
8076,8449
6584,3849
5105,9037
8190,7959
3206,7351
5656,3029
7083,7156
5563,2803
9373,3254
4437,6446
2607,9397
2186,3306
522,2006
1354,4137
2795,6102
862,8997
1483,7750
7185,6272
9404,7746
7035,5173
2894,2479
4391,8330
3458,7761
71,2469
3382,4310
9566,4408
4511,3251
9691,9066
8581,6361
4597,9811
7768,1011
9506,4324
8320,5310
5506,4785
2498,517
6808,1340
6174,3544
4520,6336
2533,1081
9787,7958
952,8884
3504,4087
9244,7112
606,2030
5466,9941
2196,4313
7059,1412
9601,9548
7488,1309
9759,2402
4087,5290
3417,4322
7673,8982
926,7770
9129,5296
1086,2298
3799,2402
9073,5647
2667,4089
5367,9242
6381,9168
2778,8124
9536,509
8287,4049
8447,4984
9260,5607
4207,6724
2883,7497
1477,4011
3884,4668
4593,9370
3953,197
791,3814
1859,9636
4094,185
811,1826
7378,6445
2090,8307
5268,2900
6305,5111
1201,7937
4125,1475
3391,5943
5754,4310
7748,5885
7784,9467
3393,6890
1691,6763
9132,8130
6796,3116
139,2941
1469,313
8204,6992
8282,8879
4466,2363
5883,6882
3193,8734
9846,9402
5642,1833
609,7069
2667,9582
4901,1386
3646,5221
686,3983
793,8460
1727,6968
6053,7257
2498,5013
7616,1373
2205,4134
1278,6007
8672,5301
5196,1282
3291,6561
5365,5020
1181,754
9981,5524
5798,4766
7739,1790
1022,7735
7651,5447
2111,3134
865,7520
5501,8776
1090,9449
8087,8331
4124,923
3669,6
2222,7329
6288,7963
5346,708
1617,6489
463,3138
3025,5642
5948,2987
2576,917
8350,2679
5426,1137
18,3959
4227,8456
1126,1654
1931,83
9809,4364
3165,1255
3427,8288
7929,3900
8567,2438
8065,6502
8390,6444
9673,4738
3925,9245
3704,2399
1166,9505
1291,8310
44,5425
6552,1463
9951,6298
9471,2177
7952,1022
2461,4654
9871,9153
2698,2937
5656,8214
5699,2269
5924,4679
7586,5179
8459,43
7305,1143
3878,4279
9405,4592
4259,2756
8351,1018
99,1480
1718,5274
6365,8420
9496,1965
5605,8233
3544,7685
1703,4856
3945,7793
6413,5749
3136,8376
8993,3191
2183,2754
1660,8799
6046,211
620,3026
7308,2037
6692,5732
196,8801
7693,3875
1635,4185
4986,5453
5493,3429
3194,5791
9735,2552
1815,3788
9815,3694
7419,5926
839,4596
6434,5739
5537,7940
8714,1807
2132,5580
2071,4226
3293,1130
8883,6862
1681,8822
8722,3504
6790,5884
6052,3168
1794,8500
6452,4254
5003,8176
4573,4891
5389,5218
3309,6465
4874,1879
7969,5248
9003,2179
2943,8167
6885,3434
1795,4843
2807,9560
4257,6758
5168,863
8521,1775
237,3227
313,1121
5184,5459
4060,4139
2492,3293
3072,1845
3325,1630
4182,5689
5316,4670
2,3525
4320,7284
9474,4364
3528,1891
1371,9507
8117,3200
8686,3631
3437,6223
4906,9848
4394,8393
5483,1210
6537,1820
5409,5193
8829,3135
5371,8990
660,2609
1826,7298
5138,6877
5314,8453
5369,3835
9283,3596
1690,3814
8582,8853
9509,4005
8907,6216
3133,7209
5951,2172
7239,2642
7234,9170
5728,3950
1494,7026
8606,7951
8548,3361
6799,6760
1545,9292
7742,6276
3566,5507
3556,9667
373,2724
2106,6593
703,8931
3085,5972
42,8260
4555,8931
808,8453
1993,1406
2411,5674
8567,1502
2508,7478
6091,2425
5195,690
3754,3921
7264,8254
3509,4699
2640,2562
4608,7
7211,3631
8654,7297
7234,7014
2600,18
4391,3652
1436,8179
7132,6202
8466,6032
5021,1909
3546,53
8778,6926
6881,2104
60,5424
5539,834
4265,5504
8618,3899
403,7950
9844,9809
7658,8664
883,1221
4306,1829
2717,3314
4975,133
1940,5578
2029,6594
9296,8175
3884,2194
9384,8795
4360,5564
3824,5485
9254,3269
5325,2369
8347,694
1011,346
7207,8764
4543,6142
7790,6491
624,3358
567,4000
9184,8833
3022,8866
7473,3900
2308,8179
3475,2592
2934,6841
9218,3599
4683,5939
9404,860
2198,314
8255,2559
972,4327
961,322
3727,2427
1322,2732
8185,2158
7739,9399
4389,8919
6514,4831
1847,6021
2469,1193
5499,7432
4252,797
8634,143
9435,8946
282,9119
7149,5525
3325,1612
5372,5478
4041,9895
9053,7727
7112,8548
2329,5809
2389,167
3541,5420
9639,4507
915,4091
3083,3630
1457,1050
4921,3436
7215,134
953,3399
8287,783
798,112
7445,5212
2976,3780
462,3387
5512,6390
5581,4627
5956,7109
63,9016
7466,9018
7536,7642
9561,7200
7383,5451
491,4960
4396,8507
7144,1863
9530,3842
5252,8327
3216,7545
7975,6567
3889,8613
7085,8840
8747,5201
4660,6325
805,4470
7299,3045
7153,4218
3691,433
6273,8227
3269,412
37,5910
5914,7284
4179,3169
7266,2900
3392,8097
6692,2627
3706,4144
5292,2045
600,7502
970,8635
5737,4667
5159,7761
2585,223
1011,8709
4978,3846
4570,4247
7119,7851
7925,1041
7724,5536
8748,7660
2553,6439
6409,5516
6797,9585
4136,2681
6199,6080
4026,6140
1600,4202
2521,9698
9309,7245
8134,6160
2000,553
878,6179
1853,895
2043,5346
5946,612
4822,739
9184,7569
538,7398
5023,9787
853,1794
8430,7226
1480,5962
8383,9928
621,1756
8208,6535
5959,3430
3294,7567
7621,4917
6548,7828
9617,4843
770,6496
597,3356
249,7618
3885,8773
3474,9330
3527,9210
3182,2127
5431,5099
7176,7000
5831,8802
9191,7699
4332,299
3968,605
4068,7152
2440,6079
491,9408
6390,7209
5196,9260
1191,2669
9572,2222
2827,827
2371,3446
6237,661
7372,3042
5697,5902
4412,3897
7621,6931
9271,1348
3098,9302
4813,937
2556,6739
2204,918
6940,7474
8911,5142
479,5592
148,6323
1263,9689
7692,8665
8383,9150
6411,9971
7884,4158
2799,6276
1487,9469
829,9187
5375,7422
8615,804
5364,8598
2697,4863
4422,5807
7747,2528
8628,5973
9409,2778
3056,3409
9766,8760
8583,9839
2728,9074
4815,782
916,2792
6793,5363
6098,5326
9525,2266
4883,1732
9397,75
7271,3233
9818,7733
9883,8748
3530,8889
8527,7350
5924,3782
5398,4967
3626,684
9846,5379
9692,3647
6560,5577
4758,9338
9321,4952
9903,3213
6583,3102
6898,7925
9863,351
9306,6231
8027,2222
4983,5017
9122,4827
5037,7292
3679,2361
8523,5785
5787,6827
2393,423
3621,5050
762,326
6216,1109
2977,5004
1606,1494
4672,8442
352,925
7052,6090
5319,2235
7148,9575
6173,3341
2960,2088
4661,9075
559,2746
2089,220
5256,665
2329,3616
5098,7915
801,2794
767,26
2436,4287
435,956
4405,8351
7699,6305
1716,7607
6704,6264
581,2705
7330,285
9244,4265
2457,2307
4421,5516
3023,3354
5088,7535
1002,2941
8329,9865
9037,7228
1589,8590
2718,5473
4889,4282
8258,7328
7573,3382
7973,9087
7918,4809
4326,2400
1849,3390
1774,3144
242,9710
8609,8173
1756,7594
1661,5936
3428,7160
9743,3684
8046,9079
1686,6379
3009,3040
7823,8252
6766,9243
2799,6466
7771,2507
8127,5348
8895,5079
8593,2588
5222,2710
8433,7767
6755,3366
6391,5128
1637,2713
5657,1849
8514,2109
8094,6639
7345,8119
4781,4120
9844,3243
9299,6884
4690,5274
5219,557
2770,7880
263,9813
7651,3624
8997,8331
1961,6391
5790,1481
9681,8962
8048,1340
630,2389
2218,9825
7212,2
8335,7897
1050,4425
756,8585
3365,4170
9268,8608
7959,9540
6324,5749
2558,9977
9488,4701
5200,1408
4163,4102
2908,9686
6790,2643
44,9443
9984,3573
3928,3237
235,7970
8340,5355
695,5396
7305,4399
9912,4800
8192,1712
1419,1010
170,8283
3750,7554
4414,2870
7420,9989
1466,58
1648,5474
2282,8650
6481,878
4631,7668
5268,7479
8086,4482
6208,1194
2561,5533
4818,7474
5635,1648
1920,2430
3133,3908
6395,4973
9302,445
5405,8728
9871,4192
450,5404
2004,8303
8324,114
5646,7027
8446,6605
6293,7477
7586,4960
8595,9209
8486,217
4868,3911
7016,1006
8073,9447
9346,722
6748,9800
6986,9652
8142,6750
1264,5973
3388,294
6218,8292
416,3447
8125,4791
6516,9334
3377,4472
2433,1781
551,7642
8773,1786
4327,5062
4163,760
9697,8774
8325,1436
7829,8541
4572,1094
9583,1890
1704,7890
3674,5751
7795,4050
4053,1338
8759,6266
5394,5191
9024,5399
6363,5864
7468,1405
4576,6570
7791,2347
699,8061
6164,6685
9045,424
8989,2446
4097,422
4923,7016
1206,4225
8553,2394
8650,7817
2243,1204
1033,5073
7588,5794
3413,6679
4669,163
8087,2574
5169,8485
2308,8074
5373,6222
3100,8279
485,3001
6539,5637
3001,4620
1522,9844
5895,1170
1328,6153
4811,4489
7305,1738
5105,4026
4633,1852
1434,561
3042,838
3756,5592
5808,9281
2116,2100
3310,1358
232,6635
1058,4484
3559,6081
6307,2229
9601,1518
2395,2988
1491,1821
1239,2054
9450,3059
3771,7450
3017,2922
962,9653
1622,8602
4211,3446
8238,3363
2368,6019
7689,2873
5768,8551
8744,4172
8572,2297
4299,898
8367,9721
6991,4692
7526,4889
1428,4642
1407,5589
4845,7060
5853,4449
6561,3022
4161,526
6142,462
9157,3209
269,6661
6675,4832
2272,8000
4034,2370
5704,4867
9312,8001
7476,8897
1595,8166
1987,3849
2105,5282
1482,2000
9623,7869
2209,6408
8078,8301
8328,6906
3538,2244
6264,5781
1877,2181
6708,4450
4281,4197
6653,3763
9618,5371
8853,8360
3577,5443
8203,3806
4909,7989
6741,5605
4803,7468
6620,2956
4159,6694
8129,9835
9419,9351
2173,3932
4500,5002
6326,422
8964,7381
8270,8712
2553,4600
9878,6095
3109,1250
1871,6308
4031,6864
3937,9413
7206,4051
9716,4670
2150,8477
2396,7700
8627,9799
7890,9694
7794,738
3869,4048
4375,3016
3631,3477
4601,334
7179,9528
5026,8793
5925,8159
4771,1529
6354,7973
3988,9639
9566,2003
4152,8310
6205,5114
5775,2089
7097,3871
9781,7441
7466,6579
9287,9617
4803,7518
8182,3216
9689,4856
9669,5466
3327,1395
7869,6532
6092,4344
1775,8650
4702,2013
7673,2758
6936,1152
1090,7487
4711,9059
9247,8652
7810,3380
9752,1427
9680,4775
1317,9427
1347,7522
3009,730
6626,3941
8833,2756
420,5492
3726,9665
5384,594
9933,1217
6594,2123
7072,814
4944,2191
5750,6598
9962,3702
7645,9972
3000,1892
5800,8522
5917,9019
5035,8157
1873,5911
547,8749
4621,7498
2995,2288
3616,3029
7257,2538
1742,9551
3119,9146
5463,3765
9213,6356
8230,1326
3579,1622
8112,3114
436,9642
3724,5223
4439,5239
6722,9999
7079,4052
4236,7025
9858,1755
2921,8618
3007,677
1680,7216
4784,3783
5010,3835
7175,7385
2040,8704
4501,2063
4811,27
6430,4006
3203,7529
5080,3852
1943,2912
6177,6220
8259,4475
6880,3237
7000,2005
4132,4151
1533,3409
4794,1769
1571,3604
2458,9673
2054,7248
8368,417
2383,7981
6888,2130
7206,5398
642,7536
4549,5486
4854,4314
2680,4221
8673,9428
8961,3723
845,1939
8984,5895
1262,804
6719,9316
361,4553
3747,3009
2559,8385
2366,4643
7671,9347
3050,6290
7418,5655
2448,7501
952,2433
7806,3834
5240,9451
7671,4046
7740,2125
2277,6549
499,5468
6041,9999
3576,6476
7587,9448
4903,7283
7469,9825
3168,380
145,8896
9748,2740
1515,2929
9564,661
7562,4967
4377,4829
2800,532
6983,7114
7400,592
666,484
4791,6425
2986,4871
1147,3704
203,9147
208,2732
7061,5058
2321,3637
3715,125
4332,4478
4487,2411
9054,5000
5898,8671
6158,6976
8464,6989
4646,1036
3546,1650
8683,8647
645,5197
6045,7254
2080,7629
2154,6134
860,5784
7598,5637
8908,9924
4981,8569
5595,2822
4112,8576
6668,1654
9846,774
3917,1211
8002,8413
6341,4744
858,9212
6876,3730
4128,4662
9498,1069
3041,2437
6343,9794
8186,6723
3842,4143
4443,5957
6541,2619
6500,2612
9365,4180
699,2394
5984,7639
1216,4086
8879,7515
1288,3067
5091,9659
3877,5771
6716,8062
1287,7483
7660,3173
5243,2740
3097,6128
5825,5494
9314,9373
1100,9304
2857,750
7075,1616
559,2598
2100,8843
8973,3296
1400,1514
3310,5499
9714,7754
9690,8038
737,974
7469,7764
6548,2459
7,8908
1133,4480
5596,4352
4318,5440
8187,7672
4512,3997
7596,3675
8099,354
467,521
2912,8125
2577,8471
8826,7079
6969,5143
8002,3553
9776,9972
7050,990
9165,6823
449,8503
1217,9353
909,2415
8080,2166
2103,4915
605,858
8336,7917
9444,4571
2946,3302
5728,2898
2641,5797
7853,9031
5072,6985
584,3272
5167,4782
1794,389
8194,5167
9283,59
1086,7961
9083,9404
6668,5864
4740,8648
4912,4193
420,7530
9587,5402
6575,6272
1372,4105
9513,2472
3341,3704
2536,3556
4665,1138
4568,1754
7332,1773
1816,7627
1475,9524
193,3518
467,8191
8983,7320
9045,5041
2456,1081
6422,6846
1458,4582
8605,6407
5153,6943
2094,276
1846,7245
9452,1068
3059,6090
3227,3364
9250,2204
8930,4754
5878,9375
2127,4492
1385,8814
4581,1058
1732,9214
3185,2197
9197,359
8026,8114
3835,8560
9351,351
149,3174
5018,4897
1480,9929
42,2840
2903,8323
2782,2839
2749,9269
3813,291
3934,1903
3635,7096
267,8524
4182,8531
8948,6344
3015,2303
7560,1983
7035,5999
5000,3604
7273,1221
1498,6378
6918,493
714,5874
4540,2009
7114,9298
793,9721
4137,910
9604,6182
8402,1030
8490,8716
9291,108
1895,2642
2990,208
5936,3127
9893,3594
9772,7659
3710,7283
4675,4791
4318,8368
8735,8682
8882,3628
767,544
7984,4656
9483,9793
4492,2962
6993,5092
8615,7816
4301,6990
1105,4087
264,1627
4671,6668
4824,2264
72,4022
2421,4346
89,5006
9323,5630
1752,2773
4779,2238
5158,1784
9212,3213
9054,6738
9295,7951
9690,2719
4144,2808
1620,440
376,7728
6410,7087
7455,3071
1691,3496
3743,8426
5278,2755
2772,8138
4353,2594
3296,2598
1855,6187
6315,9133
2603,1755
5719,770
9,4549
4497,4996
1708,1782
8612,3896
7050,294
4199,9253
5691,2750
9159,4060
7184,2224
3999,930
4017,7319
227,1868
5983,7996
3805,118
7944,9314
7294,2000
776,8111
38,2837
7581,6407
2351,7305
6899,8902
7443,4878
7565,4186
2735,9923
7429,2603
8863,5930
6907,8680
3992,9988
9962,6431
1508,9996
1560,3513
4600,4556
5436,2896
7890,320
3209,7373
4910,309
4073,5218
1896,749
2469,4961
9435,9523
9248,5943
9640,7013
7268,3673
51,419
6724,1865
9351,1538
7696,8181
5417,109
1319,956
7641,1784
8135,5502
1637,434
9808,1887
265,2376
6598,6839
2177,1168
8949,2249
3407,2072
2895,190
3319,1675
2497,9741
9127,4829
6948,8010
2052,4580
9886,1208
2608,7555
777,332
9384,4259
5932,8256
2810,8848
341,6704
5011,3582
2280,2980
9622,1127
4321,7754
5689,9090
6309,4656
7290,2864
1190,4651
9487,8582
214,5639
2970,8291
9763,8732
3067,5277
1041,6617
703,5020
3141,3887
6023,1954
6717,5485
2643,6213
2109,5059
6013,9563
7348,2645
7043,5953
317,3502
3068,6232
945,2894
7451,9452
1706,6066
2769,9298
723,4175
6909,6478
2027,6266
943,6926
2312,4774
6954,2039
440,9083
2615,6794
2562,4448
3462,2530
715,2742
672,9836
6437,112
6872,8131
6178,4066
8879,7480
8118,8661
9927,8763
5626,468
8239,9432
9405,9062
29,4640
9877,1016
8267,323
2115,8054
2264,4183
148,7526
2654,6616
548,8498
7059,7164
7006,3024
473,7841
6894,6719
5057,9254
6183,6384
4925,5763
1248,6287
4402,805
7241,8220
7564,330
3323,8442
7131,2501
7086,7380
7084,4943
9908,7143
4707,8091
6306,6224
3619,9811
5375,8770
5824,2484
6245,6611
9371,4835
661,5221
877,1034
7367,8540
9599,7444
5150,2145
9878,2960
74,5090
5596,2613
8599,4227
8809,451
2131,8693
9281,7265
1197,4065
2918,9065
7945,6546
5662,3932
3616,4044
5536,5971
1156,2413
3976,2643
3889,8062
5386,1452
4270,693
8995,9102
1379,2827
3290,1689
5077,7253
4662,1887
1837,8321
6953,6152
7766,2239
5898,1106
3077,4313
5201,7187
3619,2849
1051,413
9398,9445
9389,9740
8014,3185
4421,5391
1019,6802
1563,1632
9579,1234
7927,1378
6481,2613
6845,3286
9441,2431
7683,3354
2472,6048
8435,5215
9161,9453
2939,3877
4418,4027
8450,8021
2093,7450
4965,8714
5122,6829
9568,3933
8634,5442
7176,1628
4590,2146
2948,8135
3150,1174
4972,8743
2253,6451
538,2746
8618,4084
5101,3055
1609,5188
6301,8298
6224,7972
9096,5701
2478,8271
747,3028
3205,5543
8332,3747
7816,8859
5012,190
9328,5448
3290,4316
5145,8809
4907,2377
5417,6908
9509,639
2848,8690
7794,4865
8218,6819
1587,7731
6178,956
7618,2521
6001,6774
6345,6810
4836,8628
4752,7072
4187,1609
6417,655
3534,7715
2969,7760
3498,9368
279,4538
4361,7627
2982,7355
9552,3003
2359,2920
9921,3625
7160,6383
5345,8467
3409,8293
8596,2178
4189,3505
660,3180
3797,5859
8257,5431
2376,8227
2466,7803
4535,642
1418,6579
2332,2799
1733,576
9675,4792
8385,6633
2801,762
8010,9314
3337,4696
8494,6120
3198,5476
1183,6535
5770,9837
9654,4569
2700,8837
5445,2923
200,4125
9797,9517
3961,8351
6366,4581
290,3112
5237,1089
2930,2128
7551,9399
5653,7143
5652,3115
8231,9774
1311,8861
9651,719
9890,7307
9514,4714
2406,9914
2799,142
3167,3149
1055,1264
5070,1152
7599,9514
4401,8948
2349,4259
6197,134
296,4471
2316,8510
252,3427
8825,8609
3509,4287
4839,1892
8677,6216
7018,9950
5408,5769
8061,3192
4020,9541
1338,3571
4871,2596
6137,3318
3913,6984
4944,1907
4888,9402
2584,7989
1137,6502
9072,6344
6196,2000
8186,245
1713,7569
9908,7737
4911,6754
4881,4321
8348,4291
4950,1667
5646,2393
6497,6892
1335,2002
9907,6930
4359,2342
1726,6165
6587,1292
6745,2535
4388,965
5088,980
2339,8106
3688,6816
7888,7389
5569,1980
1673,1950
2789,3525
983,1485
2413,1401
9357,4102
5122,6150
1386,4478
3184,8065
4669,5800
8487,8704
9272,2645
8043,6229
2190,614
1564,903
9030,6015
1760,7998
1153,4553
4235,8635
4824,5620
161,2754
6030,3928
7010,7717
2708,3094
2404,9678
8300,8896
9103,7160
7670,6193
7745,346
9590,2282
6881,7570
4726,2826
9729,762
9079,1641
6349,7962
6195,8130
4993,9642
7886,3435
1639,6801
6379,1730
4700,3279
3227,838
484,5027
8208,3118
3428,2314
6575,3706
734,4325
3636,2372
6650,7317
6111,4802
5647,38
6701,4812
369,7013
754,8436
9188,9679
3009,3366
6302,3576
7246,1822
1435,5093
7338,7777
1850,9190
3550,2249
2389,7843
3507,1056
8222,9202
7342,3848
484,2083
521,7188
4021,3144
2636,7351
8381,9172
4299,3863
2141,5934
5049,6717
4679,4482
4186,9868
4006,5028
310,764
1418,2082
9321,6626
3024,214
2199,1038
5441,4452
381,8000
3361,8614
6706,9879
5415,7986
1101,3144
4109,4
8640,6055
3005,8509
514,5477
3995,1784
1995,7959
2530,2245
5096,2670
1894,1428
8254,9768
1033,2815
7099,1427
3385,7252
8,9993
9334,718
9579,157
4305,6255
808,512
2592,348
8711,4831
9279,2037
3298,3181
5872,5743
8789,2393
6851,3680
2392,4828
704,8247
5928,6481
8385,741
6049,2497
829,9164
1496,6394
8623,6146
3220,3403
4533,5057
2189,9422
500,63
7469,147
5449,1845
852,5509
3979,9199
4119,764
7740,8703
3768,6078
7917,9661
1088,7554
9377,3583
1657,3443
3562,1553
2985,8557
9072,4962
9208,7607
7984,2011
9122,7789
9361,2780
4120,9016
7746,4212
9889,1948
9454,1932
7759,7391
4002,2913
9852,6081
2037,6333
2306,6140
2566,1489
3017,665
6964,7377
5468,8748
6038,3484
6421,8286
1803,6230
3591,2021
4811,4356
7674,6034
7789,7187
5568,5174
7858,6149
3174,8514
6814,6985
3607,5289
5463,1717
4394,8308
8277,1107
8364,4899
2170,4470
584,3035
2299,6712
4947,6208
8204,6593
788,5584
2458,2838
9888,25
1650,5883
8596,4440
8751,1574
7563,6927
8369,7074
8048,2290
72,5292
5421,7375
1279,6142
9377,4039
6822,7270
2033,3069
1112,1106
8325,3098
7804,1850
1795,9611
4230,1801
9369,3848
6813,6986
1667,9265
3992,5739
3037,2871
2337,4192
739,1812
299,535
9796,7832
5072,7348
7540,545
99,9817
1184,1382
565,2339
3853,1184
6483,1907
1817,5589
2684,8519
2211,1715
2400,4581
2151,9606
1171,4451
7505,8934
7809,7510
5555,4687
1532,8406
7234,1710
7937,4762
2010,133
1097,8693
8433,716
3371,3164
5577,4629
9406,3538
5695,9705
7597,4435
3393,1971
1859,1817
2045,8521
4917,8238
7428,6851
9167,6399
3869,7466
4918,4041
3430,590
237,4948
4837,2371
996,3224
9612,2985
1946,9247
3419,2519
6451,1049
3263,1652
2020,4934
1353,8017
4891,2324
2970,7462
3932,3077
4394,2344
3430,443
6552,35
5013,6147
1627,2842
3184,9404
4630,9464
290,1954
522,9634
9782,4204
6742,8315
7355,478
2986,7987
7575,5099
6393,4845
3000,8602
3453,5004
6549,2932
2356,5177
1764,72
6007,2371
8500,2395
3164,7540
8122,6815
4689,3724
6618,2495
137,701
3819,2532
196,9634
3501,9495
406,4796
150,7588
985,2794
8007,3639
9694,4580
1886,5061
2879,6052
5845,7226
1456,6626
4167,6362
8228,9467
9795,7110
1452,5789
6985,4254
9546,7154
4673,8909
2916,8230
6635,9157
4244,9366
641,2312
651,4551
9320,8336
5526,1808
3174,8956
1721,5142
8845,3159
3591,1714
2021,9510
9972,7744
8648,3774
1890,3223
1271,6528
3815,480
4746,6770
7680,7044
933,9787
2638,311
9974,9467
7871,539
2234,213
9032,611
1967,298
4030,5813
4100,7282
7012,2234
7101,6985
3118,9189
5155,245
5683,6765
9432,6672
4418,8729
6504,3510
9612,2503
3707,6107
6351,2010
8999,634
6706,2382
5746,7910
6748,4600
8213,8239
1424,3358
8171,5380
4627,288
1049,3903
109,3090
985,561
189,4552
6862,6666
4487,3581
8124,4869
5369,9247
111,974
5372,8794
9657,1041
6726,7535
650,7408
6140,8529
5463,7249
6260,6509
7229,3314
1448,5075
6591,2426
6967,1589
2764,3837
5397,3994
5180,3643
7779,5040
8808,8181
5114,9548
6153,2717
8448,8271
5016,4970
5005,551
5013,3813
9911,5646
3076,7667
6329,7620
5665,9598
9186,6692
1412,9442
2074,2853
287,7186
5167,3295
3077,6900
4958,4408
9045,4736
3710,842
3123,608
9701,3187
2664,7892
5598,4841
592,6645
6002,3448
4977,5139
7779,5897
267,9870
5256,1088
8011,493
2482,8978
1529,8415
8142,5345
6514,3644
7459,8758
816,9878
619,3802
9636,3857
910,7825
4550,1996
5257,9779
3923,7276
8558,9656
9526,7588
2581,7328
1073,34
2336,8188
570,489
2013,2188
3011,6198
9588,8118
673,513
9696,5968
9870,1890
3867,1722
8618,7517
7953,1179
1485,7468
3943,182
4023,696
2900,7096
552,5476
2701,6945
4811,2758
5471,9949
1325,4610
2053,7406
6812,4388
9786,904
5434,9050
904,8489
5393,9964
4527,402
9536,8105
8097,22
7459,5407
8026,2014
6674,8326
9820,6470
9600,8682
2937,5064
9891,9508
4778,1187
3043,1316
7884,1591
5723,9116
6522,1440
9709,12
5173,8253
690,9893
2705,2748
7935,9372
9257,2451
8915,3902
7219,7037
445,1978
1261,8848
9322,2560
407,8711
1244,7556
1354,305
8246,8430
7110,3717
5043,5217
5001,3327
1543,3350
3451,8524
9325,9828
3223,4526
8592,78
6276,348
7381,3258
466,7977
8773,2345
7839,3728
8489,7912
9657,5177
3198,4962
7374,9002
360,8431
6751,5101
1394,9982
7011,9082
3155,4346
2375,7969
8860,316
7492,3990
8814,8445
7417,2185
3289,9893
7447,3664
5472,789
1900,180
4216,3389
6,8901
8286,3627
6297,5275
1784,8514
6172,8394
6307,6403
9390,3745
2748,9946
6838,7119
3131,4695
6040,8162
3818,1111
2243,1901
1667,478
6247,9541
1031,2580
660,3257
91,8121
3965,4220
5148,2566
4523,6529
51,9090
2703,2545
3060,5661
5631,5531
8848,5388
5058,5961
4427,9698
8023,2122
1912,7816
7854,5714
4784,5305
8986,1851
9281,6796
3214,3797
1587,9854
6437,17
5030,9867
4878,6678
6791,153
84,782
2529,9793
7675,2673
8672,731
4998,6700
8785,7254
2310,7053
1462,1441
8509,5389
9174,2600
7713,5402
6512,1774
395,816
4735,6291
3055,8244
6697,4546
2358,4925
5234,7338
1496,7663
4926,951
7333,5269
6404,7580
4898,5530
4478,5967
4449,452
156,5522
5912,2494
2888,985
2084,145
5892,6429
8711,8942
208,444
9676,6586
6743,5610
6859,2247
3561,2552
6184,7339
7316,3775
1718,1454
7131,5993
4841,1157
7145,2429
4009,3766
4222,9381
1762,1608
9208,1069
8425,8873
8317,7066
3977,5499
9253,4853
1642,5644
9572,6387
3219,8864
1621,4274
7447,797
3266,2578
7035,4771
2271,8781
8167,2678
6743,1221
459,2969
3263,6152
4089,4265
5222,8946
7744,3651
6014,656
3657,4307
5988,428
3994,8138
9322,3834
616,4251
4294,6046
1001,1218
7764,2407
4183,8577
567,1372
5041,7209
7948,6994
5883,3249
3599,8711
4038,9606
519,9486
2219,9408
2844,3175
7472,1180
7609,2874
6221,651
1580,4464
2488,4774
3931,8078
188,4060
865,6703
3864,8458
1045,6253
3748,5974
7787,1244
5519,3912
6852,7955
19,4998
3297,7736
7850,2794
1237,1350
8682,9298
1544,2653
9596,6947
6647,503
7610,9451
8969,2707
9542,5586
7997,8415
4455,188
6271,3062
4846,3086
7881,340
4168,682
1526,4498
892,777
7970,5587
372,7715
6253,8138
8120,7902
2526,4597
581,1761
8068,6922
8637,8772
1992,8828
7992,7382
7598,2122
7721,1162
154,772
9419,367
6144,9883
7978,6731
3476,1396
6718,67
255,7625
2081,4474
2643,397
6434,7939
6950,1113
9298,4548
74,8311
3196,9001
1821,10
946,6994
1100,7208
7746,6475
7154,2870
6423,3558
7631,2862
9708,886
9252,2191
3147,4026
7722,5377
52,5301
9282,372
7833,6662
4151,6916
934,6857
4559,7403
4078,3705
3873,7491
4688,3872
9233,310
7641,1436
2039,244
6082,5120
5133,288
1594,6788
9047,9528
8367,970
8236,2735
4854,9999
9667,7848
1946,6313
3881,145
8801,243
7214,6250
1225,5618
1392,4480
4146,5075
3552,3419
6757,1604
1792,1344
4274,4843
5421,6883
7896,6487
7466,1134
7660,5601
6594,1350
8589,1918
623,7520
942,2388
6600,112
418,2086
5668,6713
4534,9454
894,7270
8104,2727
7425,3411
8710,548
5858,1705
2289,1551
8493,2340
9617,5234
7144,6051
8529,2028
6116,9388
4810,8560
1345,9417
6990,10000
7601,7043
4475,5762
6213,729
4464,3996
6659,6941
3259,7953
9129,4763
2112,4696
2443,5415
1047,5285
3097,3106
5996,4246
2540,1992
9226,8732
4767,1770
737,1332
8570,5219
1203,545
809,5065
5343,8984
9995,3553
7989,7304
7414,8735
1929,6739
1960,793
1714,7374
7961,9431
1330,3377
1372,8858
7759,7195
292,1142
3824,2933
9795,5965
388,5057
6606,5817
3723,7567
1436,9989
7976,7131
5741,8296
3134,5767
8407,8064
360,3713
6044,7511
3493,6544
3768,1301
544,3024
9814,1649
8125,4264
2785,197
4608,4036
1800,7629
5528,7908
5067,6107
24,6592
2818,3915
6933,1110
9949,8846
283,3890
1894,645
75,6361
3507,380
4063,753
8807,4992
1183,3968
6984,8606
6091,1168
491,26
1016,5388
6299,4425
8152,938
4137,7515
5762,7221
5166,120
5632,7221
6523,6534
8359,3021
9985,4004
9682,8738
6397,8919
3015,7379
3739,2142
1067,328
4603,3251
1937,3259
4769,177
749,9933
5398,3725
2967,7367
3772,3730
6443,47
6831,8189
7534,3507
9303,882
5691,437
1370,7592
4250,978
3007,5800
4722,8912
2620,1533
3302,4148
9073,4680
5547,3054
4685,3940
1066,6274
3822,6208
7216,5203
7223,9406
2914,9837
6345,7736
6206,3391
9492,2986
8893,8612
2727,7423
2245,605
3187,1819
1867,7628
6109,9090
1670,3039
371,9492
5422,3527
6006,8422
5058,8069
4421,3230
6713,656
5770,4315
881,9349
7582,1694
2740,4907
9991,3465
4248,4817
1058,2642
5589,4167
6604,9827
5985,4470
4122,6818
3799,525
2552,4728
9479,8441
7182,2145
3526,3760
351,8143
8758,7498
4427,3850
209,1132
9477,1640
3679,4626
3454,6693
5191,3384
5232,3455
3697,7046
6119,9025
5930,8998
5241,9114
8353,2755
8391,1129
2494,6544
1995,584
9298,1553
4817,8274
474,8266
2722,8657
7933,5027
8636,2584
8597,3972
1645,5802
538,9299
5118,9334
6122,8615
7757,848
5285,3767
5570,9052
404,9973
9987,4409
1193,896
6755,8776
6466,4522
1973,8488
8935,504
4878,3024
1939,7231
9624,6200
6496,8897
4627,4692
603,3459
1879,9949
5974,7066
4724,9150
9708,594
2858,7400
5519,9211
1797,3186
5069,8064
3920,5713
1121,8581
1802,9472
3558,1196
1589,4892
7495,5140
8395,2079
5889,9215
7067,9335
570,5983
9074,3250
2074,9724
7477,968
8695,6228
8570,1636
1952,7823
9895,352
5503,670
8322,509
4449,2976
5959,4748
9554,5345
8232,6876
2017,8543
5647,1376
2195,5914
9102,2508
3075,8791
2712,7516
8711,5217
3064,6625
4877,589
6783,4121
3525,3496
4843,9386
5352,6271
4339,6138
1718,714
6815,8382
5854,1622
6916,8429
7942,7167
334,8113
6186,4550
4773,9305
5745,7092
4802,3294
9899,2411
6267,9936
4294,4293
3018,2587
416,7916
6956,588
647,7861
9045,2938
5628,6650
4976,4947
9558,9922
4308,9444
6979,3294
2675,9572
7001,4051
4380,9709
5899,5344
8448,136
5127,1867
3266,4741
76,8796
9815,2180
6681,757
3916,9603
128,4684
71,36
5785,9479
6214,5033
9331,5747
9012,9743
4053,641
5002,1829
5795,3214
3666,4439
8300,1549
9046,1963
5104,9187
9159,3271
9679,222
3066,6141
6285,9859
9996,7957
3441,9155
3143,3557
8172,137
732,3503
3575,1650
9968,5767
3254,713
708,9184
8409,4127
6188,610
8112,8468
1297,537
110,2772
6177,7693
5207,6641
7732,7178
8275,3464
9818,5867
4261,5827
9008,1416
5060,2027
4162,1097
7016,5303
3098,9958
8513,3269
2486,4333
7985,9268
3384,862
6138,780
487,6438
114,9754
82,7367
5635,7884
8597,4352
4671,7013
7204,2398
5568,782
4196,6047
8974,1482
3529,1998
4313,5971
1546,7616
4470,3270
3217,3098
5143,3752
8782,3261
4611,5748
6187,8719
7125,5506
8826,6983
5183,3461
5243,8581
9695,7057
794,2780
666,5990
4741,4780
2517,8798
539,8432
4883,1455
7151,7649
3001,926
684,277
9213,5329
6915,4504
4380,9198
3999,7749
9338,1045
2074,4193
8341,3686
4296,8228
834,4561
2065,7092
2649,3497
6668,1968
9085,6819
7159,9351
5091,6865
9716,6306
9028,8293
6141,6884
4365,4308
8391,7181
4916,4058
9940,8773
2693,8467
6050,411
2330,2301
530,9130
4937,4760
6739,2533
9271,2598
8717,879
6010,949
3529,6857
8061,5574
3725,7033
4364,9705
1366,5747
607,8263
5934,8055
5252,1979
2109,2199
7381,1038
4699,9538
7992,9247
2595,1938
9925,3787
9587,2159
1826,4590
8289,2462
4538,6582
2136,5561
3213,8287
4000,4508
2945,9233
9819,4585
534,9459
2683,9609
2086,4890
1185,3120
3387,2978
5200,4427
1643,4983
6736,297
4815,2208
6079,3411
4625,2857
9361,4666
9396,4204
9720,4171
589,8732
80,8849
8350,7469
9441,1207
6692,6435
8359,3496
3798,6469
8238,6069
8766,829
2374,1874
9668,4528
6470,8254
8230,532
61,5998
1732,4819
4436,469
8055,4619
1648,1
1234,1791
3155,5684
6848,1933
1570,7373
2509,1884
8465,1636
2641,1714
1658,7647
8663,6576
6652,2339
4011,3691
2064,6602
5170,2216
9863,5101
2212,1507
4688,1694
9028,235
3525,7701
2416,4574
8261,9173
9187,5100
173,5130
7880,9370
9647,6770
8298,8822
180,6469
9190,3842
3805,1522
8226,5807
933,3255
919,6695
5875,6700
9513,3847
9612,3933
87,2983
2245,8210
3502,6264
5461,2269
9656,8665
8025,4384
8418,437
5234,9256
443,2988
761,6234
3767,3533
9922,2792
7268,8749
7086,5551
4181,4918
5962,9953
713,9663
5989,6234
1232,8788
3215,8497
7636,8354
141,5197
7522,33
1498,5937
7708,3758
2823,9525
7671,5108
9250,131
1247,5943
6708,3163
5707,1500
3813,2723
8699,8328
3002,8335
2814,2372
3886,2473
9072,8970
2287,2061
3136,3246
6543,6419
4623,6652
5260,9593
8244,2922
1945,6044
9021,5337
6346,4068
1392,6974
2703,6890
1632,9287
1064,6230
9915,1756
3799,7929
8656,6020
9522,3379
254,4145
839,8722
9031,2713
8731,3545
1635,9570
5243,6136
5857,1033
4868,5502
3704,7054
685,71
9964,5616
7186,5603
1613,3969
5388,3702
5641,3973
571,1861
8497,3356
2261,4483
9304,5898
7480,7288
1656,4800
1980,7835
319,6568
549,1932
9623,786
7652,2081
7060,70
7196,6890
5894,8597
8722,2131
2190,17
2669,5750
5452,9205
5581,8090
9799,866
9289,5180
9239,7336
2288,56
7644,6509
6785,148
8849,8285
86,5849
3882,2798
8811,1887
5355,206
8013,4692
7363,5083
9133,4105
7909,2863
1459,7753
8471,5191
6304,2887
7123,8814
2140,2211
8843,5002
6029,1192
7161,4099
4345,4037
3925,2491
2979,1910
3631,2015
7649,2350
4908,3704
1470,3619
1038,2862
4059,7511
7276,4026
9521,5294
8897,1654
562,2241
880,1508
941,4749
2293,152
3119,1128
5606,6578
6007,1907
6968,6188
8626,6917
4926,5596
3141,5017
5468,790
5466,1285
4731,274
3201,453
4085,9989
7095,2101
7039,1871
1876,9432
6839,7008
2318,6487
9378,9319
1723,7881
4632,793
2740,2411
2044,9850
7174,3693
5955,9180
7778,457
4902,1665
9283,464
2051,6414
6287,2403
253,5614
5239,9979
8963,1071
7481,6677
3246,8126
6309,9326
4,1738
6236,2022
8410,727
8004,5348
5239,5170
1064,4438
3971,7932
8092,4627
4782,3429
1486,4384
4733,2102
9113,6027
2159,6458
4259,4151
8526,4954
4918,2260
4160,3956
268,602
2253,4295
1763,5858
2203,2590
4528,289
5110,1254
2688,8706
2139,1774
9193,2911
7043,9402
9759,9420
909,6452
6546,3312
244,8752
1925,2816
3648,9321
1769,8170
7608,1261
8088,8971
4277,8051
9886,8861
9985,8548
6802,929
1390,749
130,5877
5348,5663
9852,6738
5282,5169
553,5780
6022,8387
9299,4007
3591,4079
2072,7066
2447,6878
8487,819
8727,53
2422,6463
1290,9866
3718,9636
9211,6118
8990,165
2691,3065
7717,497
7090,437
6540,3032
3239,4744
5911,2219
1338,2745
1339,9295
6903,1758
5411,8733
5493,5752
9789,2922
1892,3100
3201,1310
4326,3902
7250,3875
6692,1708
2765,9084
2145,1604
8254,8111
8331,4371
6722,1489
3549,9755
759,220
6370,5984
8704,9583
677,9664
1189,8002
7844,6685
9367,133
9906,7976
8304,3364
443,6891
4633,5369
434,3970
5557,1198
4375,3927
3851,77
308,8666
7841,1510
7414,6025
5587,4172
1561,2049
659,4220
6940,8481
379,1691
1204,5320
6622,3019
6301,6331
4060,9578
1450,2612
9220,8840
2557,4553
2116,2242
6195,9784
1227,1376
1255,1293
4240,6695
534,48
4380,8827
3970,7374
722,6325
1056,3442
8270,9597
7101,9007
2875,9909
1213,2012
799,5025
2884,5965
7265,438
9325,7243
6043,7710
999,3503
8346,133
544,4848
2082,436
1514,7270
2719,280
9674,730
8166,8605
4047,6652
5721,9164
7967,5088
2794,638
6061,1415
4231,9052
2887,8277
3091,3925
924,8388
8758,6011
9323,9845
6138,9402
2838,8414
5094,134
8789,4516
5992,4304
135,1334
3595,4660
5924,6131
5769,4754
4622,3450
7113,6807
1813,9932
2361,7688
9625,3856
8007,779
8922,5651
9209,3666
7644,5689
7133,8692
5495,2069
8026,5273
9306,6752
7365,2273
511,1385
4816,3250
634,3930
4604,7885
9243,9859
384,5196
3331,5094
8290,8458
371,9870
641,238
9903,5052
5413,2262
4898,7407
1967,76
6667,1855
5802,5639
8837,9895
8387,1265
885,1325
2676,9120
2716,79
6363,4564
8492,6939
6762,28
4456,9002
7656,1205
4900,6139
9669,1279
2603,4824
9690,254
7151,1815
2655,2202
9898,4687
3894,6499
3124,1445
6356,9446
5566,5650
6752,5700
6426,3314
1732,5173
4110,3484
5281,5368
6605,1113
4991,8677
3173,8099
4769,1650
7000,5099
9175,9822
6354,4231
3661,6365
8953,3446
9585,817
8035,2657
9538,4833
7233,161
6035,1977
88,3783
1199,9005
7776,635
6679,7947
7606,68
5079,1180
8284,4944
9334,7527
7808,3410
7772,5155
3194,3046
510,7046
4543,2993
6036,926
1171,3673
5900,603
6491,5166
4632,4024
6865,2421
6034,3540
7600,3423
4895,2881
7182,9882
3201,7768
3082,52
9975,4935
9899,999
3231,9401
680,4805
4156,4864
262,6625
4291,2225
524,7175
4846,5228
354,4218
8787,7190
3432,3625
8303,5749
7059,4892
2060,3767
9266,5697
6834,1999
2127,9613
266,2814
4448,4209
5645,6058
3693,9051
1499,2061
4669,7174
871,9581
4489,8431
7183,3987
3218,5748
7626,4506
8958,5259
3578,7286
1661,5437
3585,9743
6489,62
6864,8985
6428,9145
2923,5472
3453,9724
4808,1061
6066,493
8950,928
921,1160
2938,736
2945,1686
4932,5815
3235,2939
2368,8923
2382,6588
8649,1690
6992,427
2664,5501
2304,2609
6250,4183
1064,5639
5407,1947
2641,4529
510,2120
9606,3832
8311,290
7082,338
449,3757
3206,2799
465,1528
3371,3731
6732,9060
3637,4555
2227,3616
1600,4382
5070,9299
3604,8642
7076,7428
8316,3207
9509,4489
3045,1956
9946,2875
4418,9100
5813,9826
3580,5148
6978,4258
7254,3397
3295,7538
2094,7984
1160,276
672,7667
2394,6358
9876,1950
5770,8180
1464,3506
3934,6488
9657,3759
7176,576
7306,6456
3284,3129
4423,4358
3063,6237
7076,8901
6662,9655
9070,8335
7593,6111
835,1395
6068,854
9645,5586
3685,8527
9481,2358
9517,9672
1078,1359
7557,6101
3321,6811
3570,2391
6398,4720
4178,7069
1176,7401
8790,6247
4153,9132
4522,4835
878,1092
4959,823
1954,7104
6106,953
2259,2903
2070,5742
481,2758
9700,4701
1250,9255
5843,9935
6930,1583
5098,8854
3416,869
1921,9879
6548,2666
6704,1445
2005,5529
1903,316
2983,6765
3549,9254
5305,1113
2973,6333
2108,9080
634,382
1384,2914
4603,9350
4953,7831
8417,3292
7478,7403
125,5579
7330,766
2990,4538
683,6407
6296,4889
1104,5308
4929,8634
10000,3537
5046,1978
8189,3578
2090,6203
7328,6351
2382,3247
6582,3755
3115,4755
6519,1872
492,3541
119,140
393,116
9462,3696
6015,6211
1474,9682
9675,2681
6204,4593
3461,296
5176,3168
9689,631
9390,9090
4704,5646
173,5104
5805,2094
8911,1481
4628,5499
5640,1031
4533,8584
8392,2378
3574,3149
4304,9619
5326,9990
1057,399
7038,3355
3839,7966
1050,5288
7733,1535
9125,7160
9747,1818
5547,2771
7314,7145
7911,8465
5511,2212
2757,2409
1718,1191
8098,8331
4302,402
7855,4967
9314,6606
9989,4136
9512,775
8434,8736
6170,8074
1937,3040
2251,3868
536,3956
3843,4132
9179,6730
8987,4950
941,9677
4228,5357
7623,9426
7569,948
2753,7326
3397,2082
6750,7698
775,7280
8676,8964
8418,7639
6248,6731
5897,9803
2824,5959
583,7694
8994,2186
7157,3058
9187,1831
5573,5087
8409,6838
1419,6317
6265,6720
4156,6351
3741,9693
5582,7004
6709,4616
5935,6507
7726,7100
577,8618
5857,6142
3234,6203
5634,7366
5514,8396
2264,4731
3438,4417
6220,5049
1666,6352
5499,5122
412,3001
1382,7694
9363,7808
4489,1264
933,4905
4424,1304
8408,2574
8276,1646
232,3744
2365,1393
6815,7992
7074,9308
7379,6648
6501,1457
8362,8883
8682,4326
9208,6037
3037,8921
7033,9264
5394,3728
970,1397
1560,6737
2705,3339
1367,6251
7709,1151
7977,2304
2168,5545
6613,7295
1384,5638
7462,5202
8869,4455
5242,6753
4838,1941
9750,5377
628,7808
8503,9788
3296,131
4035,8622
8976,8133
62,5913
8980,2862
3065,4038
9719,1027
8372,8441
7233,6417
4644,3359
3049,5507
6848,1239
7640,1295
7317,7274
8025,8883
4810,3592
8908,6679
2958,5728
7866,3791
2172,2220
2,5856
3216,5335
7106,76
4532,1852
1169,6236
6756,4556
4137,6377
5696,8603
7107,566
911,3736
9163,9102
1439,6808
2,517
3547,2685
6593,6238
246,6280
6395,761
8900,8712
8668,1478
3064,2477
3006,2107
152,9822
5130,4925
7277,9379
171,622
7574,6384
7006,9044
6859,9471
9957,562
1647,7721
7755,9765
1647,5936
4803,5997
7656,396
6553,5398
6981,9008
5962,4322
6485,40
7343,5812
7691,9554
2851,3788
7215,4790
7766,538
2322,4931
5659,1937
8783,6039
1084,6185
1260,5306
9469,4897
4880,9528
6462,1455
6255,4089
2585,101
8864,3343
5420,2802
5439,363
8977,1138
9455,6573
4104,6468
1607,5430
7878,262
5005,8635
7286,1086
6065,4936
5726,5047
5024,9135
925,9430
5176,4316
3985,6745
6715,4518
8981,3547
5997,5028
1319,4694
168,6665
9351,1413
1455,8141
8587,6357
3935,3098
8367,4552
5041,8752
8826,1557
1388,7317
7357,1583
5223,4173
2564,6928
8348,833
6255,1634
5336,6015
5210,1738
7279,8510
3895,7522
1245,8188
4446,4818
6407,8087
9083,8042
1888,4324
8741,7822
8215,8447
6207,4893
1342,5295
3479,1488
4789,7861
7868,3820
9877,9249
3757,3092
8137,3489
7053,2159
1606,4824
866,6529
3611,1558
7708,7496
5779,57
3011,1286
3143,1744
9433,1269
3873,5208
5006,9884
2268,85
5459,3581
4567,9663
4598,8919
8968,4982
156,3487
3085,8243
4956,3415
2605,9020
2408,24
7630,8403
2855,353
5599,5405
9070,4971
4837,5722
6813,7336
7860,6918
7733,792
2675,3819
3655,4024
8498,1600
8904,6887
4695,2386
5520,646
2963,4717
5154,3036
7236,1270
3686,4275
9203,2569
5170,1650
7022,123
7015,3976
4592,5259
7576,7730
2076,8346
1381,4329
6473,595
3157,2139
9815,8
1810,6500
3088,3659
3950,617
4857,7126
3476,6208
5527,5672
7498,5423
9327,6237
7266,9040
8902,8408
6735,8494
7719,1791
3300,2720
819,3012
5176,2254
9266,1163
2982,6148
2375,3884
4369,1522
6498,8407
6341,9245
7392,1695
9288,4038
3021,181
5680,2485
9305,8818
3310,5570
2343,7824
5735,1599
5234,6310
708,5781
5259,8414
4543,2154
4686,9556
9518,2524
7283,5085
9516,1837
8928,2961
4898,1130
7083,1399
8613,2458
2828,2604
6825,3584
8913,1728
2196,348
7180,6157
4877,884
2647,2756
9155,5258
8600,5238
2841,7035
3935,9612
7311,7140
1532,6259
204,1984
2573,2023
6759,322
85,2491
1637,7372
4009,9315
8589,5722
4548,1918
6456,3710
6458,4515
8884,3625
8169,3718
3943,1778
2651,599
3984,9174
232,9272
8905,3676
3385,2121
6440,9651
4327,5218
6853,3595
7522,9004
2743,1741
9885,4012
9511,3944
8487,4813
9110,7913
3972,3113
890,9686
5130,5172
1715,8183
5944,741
6044,609
7776,3729
8750,2769
86,3733
2014,9489
9536,9968
9110,9818
3437,508
4512,4774
6658,7559
367,8464
2911,8594
4600,8139
1889,181
6558,7403
5440,6172
2844,4308
4536,3603
4954,5854
9446,7497
4691,3282
3640,5332
3181,2019
1847,3825
2215,859
7904,6598
3457,5473
6541,8678
3349,1540
8195,1967
9603,8215
6261,3636
1578,7785
8165,978
7859,9711
8842,4866
1959,9857
8366,4138
4865,3630
7438,1007
526,5308
3813,4188
8049,5056
4370,2616
3955,6534
5525,390
9656,8334
9337,510
9884,4163
2203,6884
9308,985
8904,6290
273,6450
6693,6487
7798,8846
4232,9771
1579,7357
7092,9246
83,1825
7586,7756
4856,3445
4698,719
9359,404
4801,449
2405,7991
1580,3051
7544,799
227,8655
1906,8875
8401,5679
320,9414
3464,8937
9890,4465
801,3263
9819,3705
3281,1655
3143,228
2775,3180
1884,7149
3618,6574
4569,9993
9599,4957
5052,4789
9615,2317
2384,6014
5895,4470
8051,6413
8674,7339
1669,7949
9345,5045
3292,7978
8979,3212
6197,6424
9743,7793
8373,7869
6046,427
7357,1676
5686,2700
9900,6911
4832,8335
2846,6736
8283,3744
8818,2260
2058,9015
6986,8436
3048,3251
2523,4858
8604,6800
933,9492
1671,8628
9580,4200
9578,9979
8788,6213
5893,5197
4987,4641
8058,8409
7041,7652
7168,8001
6483,6688
7684,8625
7668,268
5433,6685
5612,5932
4288,9062
9531,6686
4723,3336
7334,4515
1003,7731
7218,935
3361,3028
6079,6191
5153,1360
3947,7071
2459,6908
2776,1318
5972,4092
759,1254
3273,7926
3699,2963
9491,1282
6299,248
9974,353
1143,4880
8883,8950
6892,2456
9630,949
3274,1694
2682,3255
7042,2501
9071,151
4133,6169
1390,8540
8664,8553
6507,5651
516,8742
3497,1033
5609,3430
9220,1250
19,3125
1800,5401
5301,4345
6047,7300
8561,6529
8039,9490
5545,5161
3521,9028
3968,5724
2358,1334
250,2727
7284,3817
7042,7462
4518,3726
9210,8205
7938,8176
1341,4997
6316,7327
9025,145
7656,9429
2216,2268
2749,1462
3125,881
4245,6073
2635,8005
8832,9229
5937,629
8056,3306
1458,7976
1343,4390
6369,6497
1940,8208
3050,6132
5173,8348
4340,7170
3662,1419
7986,4227
752,8839
6825,3406
7213,5064
8251,2120
5872,1222
4690,8231
4201,4907
7848,7521
2774,1364
4211,9334
237,3604
3822,6118
3317,4837
1586,1873
7669,5132
9957,7578
8916,4535
3449,4103
2576,4342
8036,2471
3818,804
9455,512
1118,4752
8312,9252
5616,1724
1139,9647
3490,6401
6573,3776
6994,2797
2544,721
8016,8138
9011,4661
7950,8124
1577,7710
240,1591
6730,8744
7282,971
2750,6709
6777,4733
6661,261
8561,643
7492,3937
8662,3371
6299,68
2431,3817
7922,6152
1668,1323
976,729
2016,6410
7518,4487
6353,7327
7424,5373
4396,3936
691,857
1582,1734
7285,1512
2862,716
237,9215
78,4374
8539,6696
2175,2043
6906,5335
5364,3249
2610,8312
5919,2436
2170,4776
4392,6210
1355,9372
8397,2646
9872,4049
8034,7375
9242,1905
7961,5916
1359,7183
5869,8502
4882,1503
1848,7658
9662,8613
7621,2561
8316,1784
4640,7198
2900,9939
665,708
3631,3992
6887,3362
9995,97
7817,91
1880,4388
1207,2934
7472,5442
7176,655
5444,381
7373,8536
7297,7908
2586,7968
8353,1356
5973,6013
4429,6668
6183,8937
8864,53
607,3815
8391,7500
582,1376
2037,1478
3469,8094
1363,1359
8146,1573
5685,582
4386,2057
5591,4937
3800,8960
5894,5640
1747,2308
2859,5785
5782,4852
978,5559
7177,7705
4889,359
5437,8129
8291,2010
5997,2473
9213,1192
2336,2763
3848,7823
5419,2401
4437,4807
5218,6005
2991,2577
5919,2296
9777,3580
7259,2619
6440,403
8938,8429
4931,870
6964,4449
3976,4595
9677,5291
5296,7282
8149,295
1794,9258
2907,5285
4813,7523
4973,2293
1615,8105
299,1660
5715,7529
4922,7920
1799,7595
228,3862
203,8189
1228,485
4534,3128
6335,1990
6002,8752
9734,6315
4695,9437
7144,2649
2166,6769
4509,1427
1851,7670
1629,3124
5590,9269
1398,617
51,1221
9708,9305
469,7935
795,5441
2817,4522
681,8704
2150,2023
1383,2956
8587,6587
8421,3968
145,6596
6805,8435
7864,1002
8167,629
8893,868
212,824
9424,8340
4951,4185
9955,6176
7973,7386
8607,8510
7949,7757
8865,2139
4811,3150
6786,8360
6694,2926
8052,9041
921,1192
9255,9739
7631,1554
9164,2954
2151,1746
7473,6668
2759,1642
491,5942
7053,3698
7010,488
2993,6848
1990,4847
3462,6534
7935,488
6383,9768
7698,1404
5630,2584
1023,9132
1944,7440
6455,8970
2276,4043
4763,5265
130,801
8368,4563
200,4797
271,2893
1559,2925
985,7608
4285,4022
9143,4079
4228,8193
319,808
9368,1189
4435,5426
6853,994
8947,2921
4366,727
2098,8296
6346,161
6887,6251
6921,9201
1978,8688
1125,2441
3086,1354
3828,307
1694,9474
7561,8749
208,9498
8330,820
2854,1791
8492,3228
387,7963
7082,7114
5578,1795
7477,4623
9106,100
6245,8337
5623,5141
7566,5351
9354,4953
2622,5840
8200,3203
4946,5009
8391,1750
4536,2362
2013,1816
8448,9843
331,9299
1899,2248
6839,808
1189,7150
5335,1424
4368,4577
3801,7952
8678,5627
1856,9352
3071,387
5976,4344
8867,6240
9386,703
279,1625
892,3314
1060,9370
9136,630
5590,2677
9484,4938
4784,5138
7178,419
9468,7956
5285,4725
6240,8090
7460,1723
1981,5247
4691,2084
2672,4623
1645,7754
651,6806
6918,1568
3950,9750
5061,4087
1775,7700
2462,1565
1785,5888
9965,9571
4704,2592
1919,7977
338,7288
7226,8472
233,567
926,9035
7806,6257
3779,923
9751,6549
9889,3718
6177,314
590,4539
5129,8731
8689,7477
1747,1243
5398,4722
2142,8135
683,6414
3295,9047
5111,2705
6041,8625
8074,1297
9759,5898
1776,4837
4976,2073
3983,7176
5985,2075
7087,214
9256,2012
6969,1814
1332,1464
1624,1380
8394,2686
6396,5882
3851,7726
7806,5162
5601,1375
462,1435
664,6303
9288,637
8633,8152
2149,7418
2530,9083
7037,1212
6273,860
5642,7429
4943,1914
1767,6319
1193,2633
3240,8576
2842,7886
4707,7721
7189,7494
8076,91
6141,5764
671,4791
7639,8149
3862,6977
9895,7025
971,8928
4648,2208
3047,8020
7576,4262
1656,884
6847,9357
6097,1796
5600,3565
9963,3184
775,987
7529,4167
7843,8619
9802,534
8653,6963
1736,2047
4278,2878
4557,663
6048,2666
8773,7465
7234,5215
2350,4202
8511,2859
5180,9690
7488,5615
6537,4819
1214,4816
7161,1746
8364,9370
2716,927
7776,6280
7037,3946
4274,8296
504,2436
5725,6063
7384,327
5907,6121
7405,659
878,4154
7772,758
6288,2854
5873,4072
1404,4218
5664,1824
1981,5045
1305,8182
8388,2182
2986,9941
8927,8515
4270,7804
7573,2515
9027,4434
5518,2681
7642,7412
2975,797
5959,4829
9475,3321
4168,4368
917,7741
5794,9845
2219,7775
5430,6494
3420,3314
9795,820
2529,4978
821,9475
8121,1546
892,9359
7975,3890
8759,2529
1846,2248
2415,5666
8349,9193
8832,2162
9070,2556
2418,2629
4296,8204
7974,3724
5900,4112
5596,6892
7996,9849
3553,5164
5087,6743
8245,2368
9250,4616
2810,6669
9881,5550
5833,1288
2595,8172
6975,8656
8042,1149
9429,4517
7241,2753
8189,7651
4873,9524
1000,7071
7124,9773
5076,716
8635,7296
7139,7451
2963,1056
4535,125
185,3541
8873,2757
7911,1366
4073,527
4094,1331
1807,3848
2643,897
5408,1896
2167,1154
9548,2755
8478,5985
7348,8407
3536,4584
1290,9234
830,9006
2240,8676
2093,7151
9522,5949
4206,5737
4656,515
6942,4929
9252,2417
2120,9825
8210,3711
3721,9358
1660,7610
9324,3673
6613,1569
3923,1186
2509,1739
3431,4884
8139,9528
7415,6466
266,3682
1324,4828
6842,527
7357,1565
6855,3510
3326,7347
311,1436
9059,9596
6492,2026
8979,9578
2969,9933
6360,7651
7073,5545
7842,4168
6060,5930
3995,6816
3491,1785
3573,7808
8874,7448
9152,3929
45,202
72,5838
8387,9234
4378,7440
3519,7126
4311,3304
8406,3055
4561,4384
7403,1808
2067,814
2133,4593
142,926
6594,9159
3549,7627
5861,3217
1274,2618
218,2114
4633,7124
138,5270
2834,7837
2027,2626
6652,4165
2287,3517
549,2235
8860,9157
1614,4905
4748,143
819,7040
5898,8943
8409,7489
3117,320
2527,8820
6402,800
1479,4761
4289,8795
334,7497
6802,6019
8167,7288
2472,6441
4742,3625
923,8250
2999,3181
180,9417
6607,1210
1217,5573
4619,7364
520,3430
5333,6683
2200,9818
2228,7265
12,4454
3939,710
4313,8299
3274,6050
3894,6087
8024,6958
4411,2997
9395,1439
3841,226
3478,8272
5705,4829
7736,7899
9001,6474
9533,8819
6066,2482
5686,7905
7341,9963
9412,6538
7923,1968
7642,9193
6540,5933
4512,5214
3903,3897
372,3330
7208,6303
6155,3462
2583,5051
7140,8935
757,6654
7006,3376
2258,9966
2752,1677
1482,6542
8678,3767
7238,5573
6828,4400
8878,5949
7106,2301
8108,2634
6623,7515
4012,1188
658,7183
9039,6067
260,8142
655,8487
6313,9782
6077,7777
5462,9783
934,834
7244,1954
2708,3230
3426,6540
3520,539
9409,9118
2710,4204
536,7565
3057,2885
7600,3121
3349,1050
4586,9668
539,7640
5461,6873
5190,5408
6443,1430
7621,4987
6251,239
1794,4335
6577,8608
215,4621
2065,3735
9280,1235
9988,5628
5707,5701
2777,5982
5532,3251
9052,4780
4605,55
9155,9692
6179,7069
9669,7451
9084,3887
3414,9410
3092,2844
8094,9217
6,5893
3703,5739
8559,4900
6101,6141
5407,7320
2288,5164
2169,9441
6028,2538
506,2757
1594,2325
1766,2893
9863,9628
9021,2992
9538,9039
3773,3913
6475,8322
9553,6887
8183,2125
7912,2609
1520,3299
2000,3060
361,9933
6512,8234
8096,9619
6933,2793
6332,7638
6788,3925
9557,9005
719,2643
402,697
1347,8347
4846,3959
9325,7928
6324,7234
5036,2304
6298,1283
8898,9947
9818,8774
7349,4978
4490,4890
6930,421
3565,8468
6737,3928
2099,9889
5299,6491
2203,1654
616,3589
3945,3573
2893,2572
4067,575
3970,4340
8885,3776
5050,7986
7124,8363
3163,4363
8800,2067
4982,4078
1794,1124
5984,3226
5957,2044
6511,3693
9793,873
4961,4155
4578,3647
1861,3831
5927,6118
8285,3745
5559,9758
5291,300
7390,3056
4104,9610
2564,9011
5235,7031
1359,2216
6695,9231
7551,5730
2918,7117
1175,213
7281,8737
6875,3930
5545,9356
2181,2060
2112,9947
5890,6834
4425,4110
4761,1305
2894,7476
8364,2398
5392,1077
8839,4165
9304,1019
4693,8584
7692,7886
3857,9696
3502,5803
1850,905
878,8352
9584,5701
10000,9703
300,2719
5352,4236
1004,7178
8146,5372
4347,790
9838,7468
494,6735
7208,5875
6667,882
278,7013
7461,5260
6682,3165
6930,8560
5175,3671
9341,2565
1073,5607
951,3194
7149,6489
1369,9623
5671,8774
820,8625
3987,8527
217,8186
3147,4474
6549,755
9302,4182
4532,8702
8154,7804
7431,5572
7368,4820
8735,3216
7558,1457
1081,1046
3547,9130
7572,6020
3955,9926
1117,8467
1377,5555
2060,6921
8852,7219
5015,4143
8306,3620
6804,1050
2914,1547
9308,4504
2102,9804
827,4313
197,7784
4836,7016
1494,1379
7250,5236
9512,8592
873,1599
3871,3772
1738,2882
1800,4500
1669,235
9886,1716
6825,6356
1221,2413
8791,2833
4052,3282
2405,1142
4368,8704
1214,9714
5395,1879
6054,1325
4651,5865
6044,7705
6494,1789
7304,6599
6171,6464
9619,7866
6429,5370
5030,7040
8921,1816
3291,5858
6054,859
10000,7897
5116,5421
2842,4027
2500,4219
5157,4961
1344,7443
3113,8294
5252,4475
4201,1646
6321,9292
2293,9424
8323,4665
1376,6946
9376,5664
1772,5216
8400,2395
9568,6744
876,9971
1691,3076
2095,515
9635,933
5738,3492
1558,281
532,7514
434,7577
8238,170
3376,7346
5924,1942
4170,4062
4255,5783
1117,5629
7351,2390
8826,7333
7990,9399
7879,5844
7592,4882
1443,7021
3374,1615
6742,9543
5362,9133
3414,1550
2437,8768
9926,6355
884,9653
5225,5671
6745,2546
5604,1728
8462,9391
3250,6981
4860,171
4321,6588
5250,3085
4089,3517
4096,1000
4125,1923
3731,8937
5034,6911
3083,928
5916,7480
6776,9081
8688,9395
8212,6054
1300,1338
1833,1531
7435,1308
5011,2901
7309,2626
272,1127
954,7657
6724,5091
1199,2449
1050,6610
9361,5057
8548,3584
1655,4036
8947,3383
7956,308
2690,278
2753,1553
7709,7437
121,8110
7087,136
238,265
5065,150
8138,1525
1662,7316
4384,118
2923,427
9504,488
6436,5411
6329,4924
1914,8786
8024,6655
2120,8470
2847,6809
1165,8810
2818,2767
5636,8104
2314,8278
2974,7436
5420,5813
2321,1568
9060,8181
9578,1177
747,7368
1807,5053
87,6243
5983,5520
3345,1769
1306,714
3058,9605
5389,6486
1959,6883
597,9641
9460,6700
549,3725
933,1389
1779,6810
5503,8243
7788,1296
8132,1173
4328,1571
5718,2925
7768,3251
51,5396
6188,7206
5934,4185
4993,5460
4799,9278
8391,5664
3856,5872
7169,7582
6520,624
3654,7253
5253,7027
2100,4819
3282,2658
644,5031
552,9631
3576,7199
5569,2997
7377,974
7159,5690
4142,2458
1531,6564
2782,4175
4866,4581
5894,3363
3290,9108
2814,6663
5146,2489
4374,5383
6471,1509
4599,5807
9043,716
9396,1465
8143,4576
3486,2679
4305,1195
375,7993
9266,6200
46,4172
8462,8319
7097,8944
2446,6171
7601,116
9074,5306
871,5855
3351,1360
3620,366
9209,3112
7407,6677
5378,8649
407,3092
7057,3648
1232,8152
3173,3600
139,730
8984,1235
1549,4216
5241,9579
6337,3406
8353,8761
2234,609
4232,9097
4849,5640
5040,6520
7325,5799
3758,2228
512,8473
9529,5806
5757,6393
1371,3470
5944,9581
8580,2788
8998,8656
3742,2550
9956,6394
8876,5899
8195,3070
2587,2818
5536,1905
5722,32
8738,1426
9894,8516
1453,1866
414,7881
3395,1424
4150,2631
3930,2745
6150,1622
7961,1291
6258,5889
9851,2109
9573,6835
3414,7677
6134,6656
5894,7757
9757,658
7331,7723
6271,9807
6641,5531
9812,851
4933,6867
1530,9648
2885,3778
7618,3326
8424,4334
744,2448
9021,7082
2257,6981
8984,4400
1597,8040
5399,1712
6843,1125
9522,6549
8844,5383
3569,8224
6591,2419
1783,2516
6108,1467
412,6781
5709,5408
5641,4749
9221,1287
2205,7445
9124,5430
4124,3212
2979,44
3302,1567
2890,5786
8166,4453
8194,3682
4625,3742
2436,5914
5550,8215
7743,6877
4805,5837
6585,7918
9536,2060
3005,1338
3774,2610
5283,9785
8006,997
5421,6881
8009,8365
3613,5815
2064,4111
8884,7570
9524,4311
9125,1038
1341,6754
4616,2378
1970,5637
7755,3183
1679,7870
9763,301
6389,2005
7056,2787
5547,6638
4318,6490
4434,7310
6792,9935
326,966
1431,4012
3760,3361
3447,3778
9480,7351
587,6757
7608,5115
7303,9284
3292,7032
8683,3987
3878,8450
4496,6455
6030,444
9083,8029
2806,9638
2174,6999
5003,1616
4366,4964
1367,7727
2639,4635
2036,1002
3387,2548
5515,5091
4513,899
8922,9581
7466,770
1236,1886
5080,8025
1923,7026
407,925
7336,6841
3685,1410
6675,1166
7966,9006
5726,6533
5567,7788
4915,9249
9244,8074
2894,4335
8174,5648
334,7970
5668,2012
9669,684
1610,9630
7950,4533
4871,2605
3630,9627
4688,2277
2099,4919
778,8798
9017,6679
8093,4922
6539,8190
4692,4490
4503,596
3440,9677
2426,3307
3388,4903
3339,479
1308,7194
356,3561
3998,4963
1370,7217
147,1763
2910,3613
6055,4680
6059,2426
9707,5528
5856,7941
5620,2602
152,1799
1916,7825
3828,2299
6439,325
3051,9773
2752,1183
2648,9713
2417,5025
3041,4205
3730,7040
6392,4885
9096,7744
7066,8753
1519,2682
1396,44
1762,76
7398,5851
3943,8413
8704,5911
376,3131
5161,3994
4956,5635
5310,5970
468,4237
631,9653
9793,8865
3653,866
3682,9994
872,4223
1051,2597
6029,6533
9362,5605
5012,4404
3155,5463
8640,6019
2900,3805
2952,8904
6866,4570
1050,3040
1450,2073
255,2668
1380,3754
3514,3065
9289,3977
8026,5994
2853,6940
4638,1684
4679,6426
3272,4966
3254,2707
9402,1074
5118,5231
5949,2604
4664,5735
4833,9647
5079,4618
1935,3990
4046,2653
2042,1502
224,6675
3667,6901
5103,9876
5612,7182
5686,3469
5972,2629
4338,3251
8705,9769
3883,8277
1692,2283
3952,4446
7814,802
3696,1940
4585,9480
7333,8752
8617,2884
5547,2986
9065,1044
7439,5040
5257,3479
946,9059
4797,1909
9565,8350
6026,9116
286,467
857,6856
3264,8404
4046,2365
9401,5019
3586,4068
2189,5431
7644,2224
8079,8883
7662,6988
184,2772
7915,6595
8576,479
8119,6315
5145,1685
6263,7822
44,5357
4024,4359
9883,9900
4859,6294
165,8771
4253,9632
6984,3348
9621,9846
672,514
2487,3103
3037,7285
758,8277
6852,5959
262,4505
7836,8430
1790,436
4760,534
8140,6044
3332,6299
1427,4879
3225,6383
9776,367
6651,6734
3275,6297
4273,6620
6184,403
9764,8550
4284,9714
5840,4766
7085,2293
233,1453
115,8674
4951,9844
3562,3595
1057,1427
5817,1213
7576,1637
3421,5860
2298,7862
7855,8190
1367,3251
8884,7643
3152,7900
4803,2381
7979,4312
1089,3938
7459,6885
872,1627
7597,9769
3750,4681
2837,779
9538,403
918,6184
9417,8966
3001,4514
2039,1945
9445,1803
2225,3915
5029,4570
8958,1500
1431,4072
134,229
464,2378
5731,8564
9101,4507
5412,808
8212,453
2209,7014
9353,6443
8360,4886
5372,9142
1238,2925
9856,1242
3089,9735
1271,1493
3890,144
4280,4627
5680,7744
1779,5537
3031,8033
75,8028
1304,814
8050,6949
7722,554
1522,2067
4942,6953
8951,2773
5968,6255
6683,9859
2553,339
1737,4735
2145,9744
5971,4462
2754,1128
4239,9629
9928,5781
2828,6593
8069,7470
194,8127
7009,834
7400,4837
9950,4564
7487,3587
393,4659
7355,7706
8205,7348
4257,5839
5873,286
1468,8363
514,5730
6634,5826
7387,9925
7844,3662
1200,5260
5482,3256
3707,6787
6924,4531
5789,9561
5222,3621
2998,9052
5043,7618
9904,8172
18,6854
9414,2319
2662,5215
6162,8657
5143,1781
1859,9525
1206,791
1517,7628
4189,8564
4538,7856
4101,1586
8847,7486
833,2974
4602,2511
216,9617
2439,6497
7472,6522
4818,5958
4262,6574
7702,2089
3466,2266
1572,6760
3846,3632
4176,8098
2975,3893
7189,2623
4725,502
5384,3750
2725,9442
7562,5919
1149,2137
3510,4966
1295,4559
1179,6280
7871,6524
3828,5822
8743,7907
5859,7923
7017,3917
3660,7219
6724,2978
5725,9874
1328,9907
7099,3606
1156,1062
1496,1713
759,1103
9553,2719
5395,2488
9588,7481
3253,7597
623,308
5217,5046
3682,4361
531,5602
6838,3378
2640,6572
5144,6909
9995,2429
1854,4464
5251,7726
9258,8361
6298,7719
412,6897
2608,953
9329,6125
6974,9045
6346,3519
3822,6519
7912,5072
999,642
6594,8626
2071,5689
5353,2182
3322,6887
6083,6473
4135,6652
8483,8347
9705,6805
2922,8046
6810,615
2279,5991
5387,5639
7754,7236
9377,1673
7846,58
6362,3523
692,9193
3645,2157
4404,1518
9968,39
6831,1798
4834,1399
1624,3242
8120,205
9568,9499
773,3301
8537,6475
7715,5177
8834,4582
1006,6368
9377,6283
9471,1767
8512,2763
1431,8330
5502,6796
5761,4416
9941,4986
666,256
620,523
1532,7091
6050,5245
9958,3095
395,2591
3591,9341
9320,6985
8409,7745
9758,7096
6203,3316
7609,1514
1575,7911
7034,9138
2210,6661
1643,3673
3553,8189
9107,7473
2217,1227
1348,5415
2175,9442
4706,5813
1518,6793
2094,5905
6758,5327
9873,1541
8162,8124
1796,9099
450,5781
2732,1045
4935,1835
755,8743
2365,1681
1153,5890
6978,9593
9274,4733
8597,8426
7232,2882
9082,8671
5657,3170
3801,1359
4076,7142
1542,7572
2565,3379
3980,6250
2024,3737
6547,7399
7938,6584
6129,5489
1179,2927
7404,5264
759,467
6988,8769
8107,6393
6783,8340
8317,6080
6535,6660
1877,5278
4366,2560
8512,7685
233,4906
1587,7201
4170,6811
6508,1617
8672,7584
3923,4639
9274,8950
6688,6990
6280,9662
9399,9695
8226,6124
3790,6528
9138,1122
2719,978
6220,6708
8104,5957
2382,1576
608,994
4114,3628
4756,7396
3552,2483
4784,9300
112,4781
2409,4304
4318,8706
6,744
6614,7339
4879,2180
6015,7022
846,709
836,2836
8562,9239
2093,3256
3603,1135
9292,4398
2672,695
9588,4525
4787,7891
2116,3818
1030,479
3296,3587
6318,4983
3968,4501
2213,8034
9618,6027
9495,9180
363,4548
8083,3215
1531,8142
9777,6125
2047,4757
1922,3213
8447,9538
8514,2607
5111,9106
970,4526
131,2916
6674,705
6644,3774
9172,4621
671,6317
6237,7787
7877,967
9708,8049
4029,9632
748,6352
7820,3380
5647,2618
2839,8343
3136,2525
2192,8439
5130,6705
3708,7146
519,7082
7221,9114
5648,7401
3307,4345
3876,6533
7941,7651
6660,7506
5941,2367
3066,8844
8010,9137
698,6754
2287,2159
401,6353
7136,5038
1610,7388
7869,5960
2432,2917
935,652
7869,6587
5176,4819
7088,4895
2703,3354
6605,7541
7305,7313
7199,948
6251,5279
3337,7993
7499,2687
8794,5983
8158,523
3214,9011
6828,2083
721,6183
1056,8202
7998,4373
3419,6270
6502,6285
632,4610
4684,3357
27,7929
9550,5709
8467,7649
3598,1700
6222,8554
6750,8074
4380,258
8633,6458
2667,1566
8190,8867
8929,1574
1688,7197
201,8494
2985,6739
4308,7357
9941,4048
8401,5500
8250,6170
5543,8044
2302,374
9326,5620
769,6438
7694,1942
8641,5942
2432,6845
300,1663
9328,4262
2575,3637
452,4631
9373,5444
5446,720
9692,7586
2813,845
2794,5968
5978,4549
2269,3538
4718,8114
7159,569
1001,8461
7736,7850
8381,3573
9021,7613
2225,7580
2023,8163
8241,7007
6055,5972
9107,8783
3653,1509
6469,8960
2975,6019
3057,5006
7454,8030
5266,3623
3269,2261
9121,4794
1619,5386
4056,1161
440,7489
8103,9933
8643,3354
2645,8423
8586,41
3118,46
467,1262
8139,5450
7087,3030
5648,1116
2775,9438
5374,4456
6942,3919
5145,1888
6469,5290
6339,3326
878,4000
6055,9373
9289,4191
1298,4517
9162,9397
2220,2049
2235,6114
9813,1295
4957,4110
5274,9443
4554,8404
5206,3672
2630,9418
3109,9316
4180,702
1444,711
2181,2318
6228,1152
8059,1892
6286,4396
6347,2124
2960,6508
3329,8948
6597,7649
2813,7663
9651,8327
8956,917
2622,9371
5858,3947
8810,5579
4674,1642
542,9736
7280,9567
2483,4106
1373,9695
4875,8561
3378,468
2239,9491
3432,6472
3409,3575
3124,3212
3312,8188
8208,8870
8298,5414
7860,1814
1532,7319
4308,6691
3908,4470
7747,7670
8456,9327
7285,9122
5295,6999
6482,5087
7677,5881
3110,4242
268,3666
9909,2922
3749,438
4940,1898
6670,4045
7763,9710
1214,9837
3118,4044
2828,260
1507,6232
6406,9427
165,2787
7485,3618
2591,8129
5148,3348
9133,1030
8970,5912
1604,9341
2069,8840
658,1253
8303,482
6688,5112
6405,33
1796,6600
4601,9319
9010,3368
1489,5497
323,3093
6056,1799
9086,7072
2739,9654
2210,1785
126,6876
5062,5656
2693,424
4919,9547
9839,235
2113,3784
7780,2663
2105,3597
8015,6434
5926,9964
9630,2087
1824,7468
118,4521
3617,3038
9156,5957
1769,877
4286,9683
5085,2304
7560,1544
7951,7120
5379,7436
6985,7009
5152,9715
4194,4511
162,2858
8755,9429
7168,3391
3491,3149
8826,9949
9742,1647
6675,611
6917,1928
2605,2976
1583,6905
3971,1742
9246,1448
8271,6968
3548,7928
860,5928
9235,7744
4533,7617
1548,7114
5052,166
9727,9434
279,4550
6281,9161
6789,4501
2444,9933
6063,9976
9552,6086
6937,9916
8791,1416
551,6547
4638,8416
429,2972
3552,3221
7758,6190
5557,621
4806,6225
3831,313
7091,2489
6005,7630
382,399
3824,5376
8824,7694
6546,6044
575,2887
9679,4627
7392,8130
2516,7903
4070,8689
8892,5427
4096,3762
8226,7203
4449,4450
3728,92
6929,7961
3589,1698
609,3029
8214,4165
9196,1526
6763,2159
1304,5459
4298,2285
8380,8328
1393,6375
8156,7837
5132,1165
3855,5860
5927,4639
4434,1710
8414,3049
4453,2986
6544,8874
1123,5051
1617,624
2031,2837
6126,3954
7385,6388
4604,2650
9088,9097
7626,5548
9426,6946
5477,2231
2399,37
2393,2022
2588,6937
9524,547
9043,2609
5399,9690
775,8085
3927,4422
2373,6510
464,746
6614,4910
2328,5582
3249,1082
5361,1651
4573,7974
2328,4821
2132,4811
7371,2140
2723,6087
920,415
5807,6497
400,4982
2721,4375
138,8666
9602,1366
1860,2635
6706,4245
7860,5661
2513,3454
6204,7184
9856,9723
7420,5483
2370,3305
2738,5653
9549,4987
7036,3791
1437,7950
9470,8465
3527,8900
9439,2063
9178,8784
1742,8664
6545,2829
1762,7468
1158,3018
5278,6183
8800,8870
6259,9341
3133,4260
3296,4980
5355,5419
69,3289
5105,253
5253,1968
4090,1186
2234,3067
4065,2432
2274,3846
7416,7929
375,1069
4978,1441
9420,3867
865,4299
5891,8512
3049,3983
1515,9981
4900,2602
3351,3215
3391,4897
6138,3126
8689,8499
3278,6322
8219,7963
7060,7945
3339,3471
5942,6150
5947,808
9193,8849
9958,2926
9806,8199
8603,9311
6006,2534
4761,6043
3429,7463
2955,9039
5664,9385
8541,8748
3697,3798
1516,2868
3801,1364
3149,7409
3525,4458
5523,258
1017,2556
8516,466
632,1222
9253,694
3942,7361
897,7203
6581,1220
2649,6586
2011,9178
2677,8418
2629,9052
8760,5488
5444,2668
6146,2500
1494,4541
3856,4339
3248,5681
9662,3821
5383,8337
2956,763
1678,1763
3374,5927
4025,4939
669,1351
6000,9168
3195,4663
591,5481
820,7698
2346,3332
4207,4733
4350,339
5748,2576
9667,8196
216,5698
2253,5228
3092,304
3090,8895
3892,8281
630,1310
6683,57
113,2429
3363,2576
7874,5680
3618,7822
4686,1297
4632,2446
9937,1937
2517,7100
6788,8281
5560,1668
7151,5291
3905,665
1526,3594
3192,462
4207,5186
1575,9300
9556,6342
7410,129
4660,3045
1959,8857
7780,6343
2160,3116
9922,6649
1558,8668
7770,4819
2639,6761
1777,3555
1000,1690
2047,7160
3949,458
8170,8524
1349,605
1757,494
7611,6526
7111,5420
9319,9750
352,9802
9964,4475
1974,9441
8154,51
1078,5031
8355,19
3319,6518
7643,9720
5776,6572
8152,241
5849,31
2297,6599
1422,4282
371,9178
592,6393
5303,234
7462,7725
7103,2351
2498,1916
407,8501
1982,4040
1624,9415
164,298
6127,311
6045,7131
5373,8551
5345,1599
5736,9879
3101,3582
5134,8555
3459,2288
7177,7640
6523,6757
9422,1083
935,8878
992,3831
2581,6747
6225,4729
4765,1986
3993,5481
6778,1417
5519,9615
6038,1328
8596,2992
7661,9950
4047,8948
5140,1398
5427,101
2434,3333
6908,8773
8412,3339
2984,2044
4655,7988
5571,9965
9686,7554
6251,3796
9148,4377
1667,2463
3867,6038
1698,8406
7907,6061
4331,1704
454,4318
1623,9027
7568,6530
7326,9696
6996,984
4277,809
2689,5126
962,903
7283,4734
2475,6988
3862,3792
8188,9818
6390,4022
3062,7710
1,4624
5301,3437
1614,5579
314,3385
999,9776
776,2495
6002,3079
4170,1425
5374,2327
6225,7723
1624,2443
5291,8340
92,1458
7070,4883
4841,9042
6069,3627
7677,7178
9729,9397
7536,4627
401,8648
3405,2435
1468,4472
7979,2494
6923,4520
2698,4808
6916,4525
264,1531
9281,3968
9091,3394
5198,5823
2329,7408
1841,2082
8603,6368
2565,1013
7184,9034
7007,7687
5797,4030
7601,8253
9971,864
8300,2115
3273,7360
4832,6624
8520,7620
9391,4229
6206,1589
2400,8131
4441,755
2832,7078
829,8102
1410,225
9153,1522
135,3495
7572,4565
3161,9843
1757,1569
2593,837
3600,7297
9912,7578
2524,3369
9755,8710
2177,4894
455,5761
1519,5551
500,4811
9513,9887
7887,4589
9193,5584
1807,3854
9213,9374
5000,6350
6543,5749
4654,5971
3106,8287
161,3037
2888,2830
263,536
6480,9571
7464,846
4157,4664
7155,8710
8306,5408
749,813
8298,1385
1993,6079
788,2891
8195,8738
5099,4944
9575,3824
179,2960
7071,7855
5519,5239
8953,2494
9008,3445
6822,5950
2264,8483
6223,2762
5613,4461
1779,5
4280,3776
331,47
6861,1297
1262,3443
5062,6903
6432,7888
3032,7318
2837,146
4806,1833
9444,3292
2852,9035
6966,309
3700,7026
4926,8604
7276,9001
8834,7833
6617,1545
3672,1313
6253,4211
8716,5237
9907,588
3453,9544
9795,421
6600,2251
3825,2102
5947,231
2848,8263
3020,7671
9172,4443
4562,8063
2245,3737
1681,8028
1120,9720
5075,9674
8343,5254
4434,8956
7800,3541
2530,7963
5211,4803
6123,5822
7044,1188
6164,8355
3209,734
9211,8247
366,8145
3073,1351
6684,9185
1330,8228
6128,9457
4050,5245
6799,718
5059,8139
6471,9381
7987,7390
1137,4978
6738,2047
3699,2246
9858,2370
8338,4548
6839,1195
7028,3848
750,3417
9987,7380
6745,915
4878,2745
7288,9982
1737,4398
7860,4984
1493,7536
1988,2676
2715,3990
4787,6002
8129,9008
729,2346
847,668
2069,4037
2827,3620
3628,8649
9248,9239
8715,9407
2909,5634
1593,4706
6602,6891
392,4629
8822,538
5018,1250
9292,7925
4671,731
5379,3318
5036,3119
5460,6187
6568,1675
983,1465
4625,8329
1158,5390
12,9882
6371,1826
1769,7228
8885,105
8388,5352
8029,8824
8535,7930
3704,5873
4061,2622
7405,9212
4209,7348
246,9252
5269,5983
5963,8396
4112,1855
2361,5132
2031,2105
2530,7356
4475,5040
2863,1771
731,2019
752,1468
7168,8883
9971,1390
2702,7454
2659,9271
9867,8765
8072,316
2384,8646
5900,447
6476,5295
5358,9686
9480,8896
6591,2116
7861,2627
6170,582
6434,6523
3345,5244
5913,5710
2050,3057
6681,4225
1816,8457
9054,5422
7406,4919
9132,6340
126,2536
8827,2764
2856,3567
476,643
2734,5182
3514,6169
2044,3086
6812,8644
2053,7723
8631,450
1000,3950
5344,1273
3234,9160
2830,3133
7805,3736
542,3741
4725,8090
4736,1498
507,8493
9407,8566
4851,8734
5134,2868
4456,8630
3310,1186
3456,9773
3308,2592
1450,4553
3671,3020
899,7623
607,6075
1095,1461
1385,7125
3205,6153
4719,7982
7964,4466
5204,1261
2577,7673
6821,9435
1619,1347
523,3785
6357,8326
6045,9710
5530,6469
8259,7244
9280,4970
6773,7726
3602,1999
2002,8368
3297,8985
1756,6827
205,9746
496,4460
6078,3234
7139,9775
9807,312
8520,9101
714,426
735,1871
7870,1463
503,8254
6332,2453
4132,2601
5010,749
1372,6018
9006,4303
7195,8821
4485,8946
1574,5958
4236,540
8204,4550
9890,2155
7657,1330
961,6606
2996,2488
7241,7651
2584,726
5981,8589
3152,7249
9209,4001
7499,5007
5952,2605
1568,2801
9301,2710
8427,5521
4431,1917
4324,2644
7952,7246
9857,7099
8014,6484
8050,8364
3728,4540
1466,4968
5109,2276
9917,3129
9901,4608
4101,3178
3851,6441
7807,2915
5346,8226
178,3599
7485,7785
943,7323
2267,4821
6164,4222
2967,7346
4475,7936
1734,4407
9344,8952
7449,2400
3535,1446
882,2893
7180,4953
3107,4630
188,7005
4017,3209
3168,4213
7832,9666
3266,1490
2361,2501
1575,9053
1342,5755
8517,599
6623,7111
1294,4730
3612,5172
9419,4330
7562,8413
6276,6142
4075,3144
2843,5926
2358,2480
3624,1928
1573,5373
8831,3018
6557,4738
7086,6302
809,4035
2258,7877
2607,8417
2890,7969
4500,3492
7555,1628
7643,4260
8306,7790
7736,5411
3312,3839
3811,8010
2031,6762
4344,3599
8699,4857
7708,2960
9020,4867
7690,4383
7880,7439
8987,1753
2309,803
9907,2164
1244,1454
2072,2085
1353,5758
3502,4684
943,2286
5406,8860
328,5904
2469,555
7306,2259
2008,5586
1926,5873
4101,9601
5786,2600
1973,899
1605,7923
6862,9721
1642,4340
5285,741
6718,7312
8433,421
1276,1590
5210,938
3512,8766
4879,4261
6337,8539
3415,2445
4159,4156
5776,9583
1515,6564
8644,5042
3278,3284
1401,4213
9122,9394
8311,2808
6324,9257
2772,1332
3515,1436
4459,7592
4883,6136
1020,3713
2674,7973
2781,7172
7164,3832
2397,1835
8417,2968
6473,1115
8707,8171
8184,2094
7862,6877
3985,8385
8256,1869
5004,4188
9393,7843
8198,1785
9468,2673
6814,163
370,2502
828,5901
5552,8009
4849,4923
5327,8456
4874,513
1081,2572
3550,8231
7947,6313
1383,8661
7782,2607
2285,4705
8768,9440
1406,5458
5559,1743
2970,6799
9526,417
2330,2169
4400,947
3216,6898
3784,7095
8794,1081
2883,9804
8304,6308
2710,8312
9533,1208
2857,2117
523,679
5677,9190
7287,4246
8073,6165
6755,2554
9056,5898
6698,4351
6655,4361
9934,6645
8370,3049
1613,8071
5990,8093
5698,4953
745,9232
6008,2349
6878,818
2410,8946
6652,5289
2933,4666
7318,9670
5295,6071
3669,534
2480,2129
338,7809
862,5622
224,4274
920,4958
917,7172
9144,9658
3178,3189
9131,1257
1448,4137
7933,950
6658,3054
7965,1250
2289,503
4096,4617
4858,3112
1233,7252
5852,9821
694,5354
7334,2711
9934,6883
565,3588
3366,4075
1131,8666
9658,2064
9915,224
1897,1192
6481,2456
6082,2625
9375,3965
747,2342
7729,4917
1392,4283
9570,5699
4392,2486
8008,7132
1939,4762
5690,6691
9743,753
1026,7075
7146,3109
6461,8057
6626,7115
4094,9228
7704,124
9235,4394
2899,2530
1040,7888
5297,9275
3751,1461
7560,6877
6522,3556
5771,6614
4055,1316
5096,303
8449,5909
2830,8797
7839,745
6268,931
8286,7965
1060,3575
9090,9619
9662,6495
4010,3694
2569,200
5568,1064
1900,9155
3840,83
3243,5101
3200,2090
8437,1897
6078,7491
970,9403
5960,5701
6282,9108
9091,1632
8825,7861
3183,6860
926,9186
5394,257
9339,7189
3281,4928
7830,2124
9566,9294
6934,5792
5818,923
7386,6659
8411,4082
5763,917
2297,815
8993,4050
9555,8471
3211,7483
5007,2729
3624,8720
3806,2848
7483,6296
4349,3745
316,9868
1672,2360
8976,5302
7929,5033
7962,9681
6910,9525
363,5405
8681,5628
6213,6833
9696,6265
3086,1885
405,6574
6048,8028
1360,3436
5117,6706
1513,1711
8207,9768
2994,6133
8190,6625
608,1001
6058,7767
1002,8192
1480,6007
1545,4159
2522,9558
1936,7511
3063,5262
1622,2511
858,2330
4798,4748
7222,2426
9048,8686
4214,9506
9024,186
2114,3269
8979,3008
2158,7434
8674,8584
7837,9880
7280,1662
84,4164
4949,4791
4617,659
3045,6559
3449,9534
8171,689
104,4706
6990,9074
9076,4288
1654,7642
3619,7080
9352,7904
5850,7820
1052,6113
4335,7268
5504,2092
9526,7215
2629,7997
3768,3136
7895,8820
1714,5644
299,529
7882,5166
7296,1391
1084,7157
3272,9738
6866,1196
9024,14
8306,2099
1963,2301
9009,9727
5197,1517
7077,4795
5251,4316
8089,6280
2144,8048
217,6745
5553,1343
93,3444
8914,9144
4275,4117
6810,1341
821,229
3425,9118
8073,2850
1619,4114
8519,8940
780,6580
3045,2428
8322,4808
9326,3328
1138,9513
9538,4919
4003,4208
4039,8230
3031,6051
9261,2356
2496,1143
6447,1241
1327,3571
4836,9453
2455,9700
1029,7264
8081,9030
5738,2534
5528,3606
7118,8796
8868,3361
5313,9116
6644,6775
11,952
8052,4322
5437,4215
5150,4573
9684,3561
1853,7555
1079,3225
3677,6966
3840,1822
9439,712
6727,6653
1112,1945
3850,9311
9112,8029
1625,1707
6472,537
7725,5680
8396,1882
3129,4128
7241,4211
8,4012
8752,8049
9014,5512
664,8572
299,6555
7882,4620
2370,7222
9190,7525
7912,4142
2883,1585
7743,4456
867,6361
3762,5184
9508,9951
8051,5093
4243,1979
176,6500
7404,9456
5284,1520
380,4347
2410,1467
3959,9127
5037,9524
7909,5999
5258,5613
6680,2577
4615,3015
1705,1883
9261,9708
1968,6726
176,8105
9537,3307
2367,5126
6259,4438
1063,868
1645,5526
9074,4418
4346,7453
7645,5899
7707,4138
1255,5823
2699,577
5653,7180
4078,7172
6866,5418
8290,8848
9508,6400
1480,2247
6586,3430
4668,4149
9921,8472
9519,2769
838,4579
3238,1122
2613,3775
8187,539
4480,1241
2433,5
6332,7788
8150,6023
8869,1083
1537,5204
5314,1038
9194,1266
9923,919
5257,3746
967,6624
1030,7889
6762,8562
9984,5018
5883,5956
5449,5429
6219,1023
6814,3520
9025,1258
565,809
1771,5398
5663,6741
8751,7640
1356,8352
784,1150
5278,129
3532,5504
4070,3817
498,8085
4907,9257
4417,1087
5209,8701
2859,4020
2581,9640
3944,8889
751,2141
6631,5101
3216,9559
1519,688
1939,2438
4916,9662
752,9415
8886,2316
8451,6526
243,2190
8796,770
8892,3666
2847,5414
6676,5869
2235,5456
5189,6639
2312,3031
1373,1157
5593,3086
9798,5468
9889,8839
52,77
3219,2998
7143,1561
8369,595
8848,4658
2214,3467
4208,4243
7359,6692
9531,8541
8579,3451
332,463
4724,7740
7810,3858
4286,573
6920,6622
236,9367
8707,6269
2938,8882
5668,154
3508,8621
5101,9492
4958,4582
9904,917
5885,5388
5891,7961
2850,2606
7808,9438
5527,5247
7097,9623
3874,2921
3208,2588
3718,2587
405,1762
6457,7009
7393,3811
3185,5087
5166,3609
3575,2313
161,3852
3085,9025
1472,4213
955,9006
7718,9038
2949,1877
7206,3081
9529,231
9964,6522
3253,6727
5022,5329
5221,7014
497,1928
1018,5965
2360,2885
9718,3158
3703,8268
2851,8327
1207,8869
6131,7085
7858,2069
9843,433
3293,2731
1801,8569
7782,2282
9052,5566
5299,3678
5842,6596
3417,893
1828,2780
8158,939
2222,5266
3286,5977
9459,3027
1882,9500
7822,6864
4920,5414
755,247
2787,8115
4963,6228
7386,7857
5854,2516
6950,5884
5875,305
5933,1430
4339,3215
6005,7632
9076,7713
5090,808
1057,5145
8703,8479
1567,7099
6331,2421
8554,6444
9851,7042
5357,6956
206,7364
5297,2013
6190,4913
6797,5279
865,1672
9884,3610
9055,5704
7580,7671
4046,5276
1650,8604
1114,1793
8762,9954
2800,3942
7836,3891
3625,4335
7883,1045
388,3318
6744,7470
8364,8046
6947,4836
1977,1429
2321,2466
7074,902
1689,6216
9072,6680
6360,9024
5117,3911
4596,3480
4203,413
3294,2001
3010,1436
6128,4083
1281,8298
7718,2891
4950,2778
4506,3474
3304,4083
311,3947
6449,4591
2143,5672
9770,2562
4248,8089
2286,9013
6929,2787
4288,3534
7570,3401
8057,4014
7825,7338
4297,9719
2929,2678
847,6887
5845,1486
1988,6965
5395,8871
2065,4567
1075,2891
2912,2877
5350,3500
3376,7454
6868,2662
1555,2638
3261,5344
5202,7608
7713,398
2928,6686
60,774
8955,4922
2025,6524
8063,1119
3239,4765
1220,3761
2921,1236
1336,2478
8919,8909
2280,4823
6641,7124
3415,1471
3460,1209
8977,3152
1141,9778
4809,9844
2395,4332
1535,2646
8905,3824
1277,501
2585,2446
3312,674
4404,5929
1796,1127
9405,5919
936,4
4701,6786
2065,9799
905,7576
7691,535
1297,860
9754,7086
3618,8366
3438,9520
3642,4334
6756,3260
1947,3568
9545,654
952,5260
2409,2062
9309,5126
4582,9353
828,4901
805,2585
7570,8561
7347,164
3784,382
9477,5886
7684,2352
9164,8332
6560,4202
9446,3398
7538,1862
9345,3240
1115,5171
6347,9974
7756,3686
6198,5417
4817,5807
311,9530
4737,9498
5885,793
7406,1197
5182,1386
8983,1444
2989,5565
7518,279
9304,7225
7187,869
2350,5893
110,8880
2414,1058
5116,2868
8458,7176
5985,8421
891,1244
2444,5988
253,9947
8648,3117
8475,7573
9454,8721
8198,3512
4136,8059
8910,6536
65,5376
1555,3785
7048,696
5525,9785
659,8612
1368,2124
4623,5771
2676,6596
9542,5829
2856,6845
4250,611
5790,6915
1405,7432
3034,4881
7219,904
1692,231
9583,8396
8389,5975
202,4879
3126,5964
9763,1001
4563,2567
1440,517
6519,2359
9474,6560
7185,4388
9239,4705
4268,7561
4584,7935
3997,6443
739,1844
6357,6314
8579,1852
1782,1300
5019,9625
563,304
7938,8631
2592,4717
3415,2743
8232,6600
198,218
7421,7300
8595,1740
5609,5465
2595,7466
1268,5179
7131,1121
47,3270
1184,101
3628,2403
300,7994
8881,2154
6162,2835
1345,2004
6009,7508
7994,6139
885,4662
2622,9200
1539,5511
553,2201
3442,1756
6065,2517
3631,900
4044,4397
9817,4457
6347,2313
2532,6534
5091,2892
2089,7616
9100,8334
8954,5618
6883,3412
7234,1289
4890,5965
7691,8840
7696,4987
3321,2201
8251,6604
4868,6673
1040,3541
6980,4079
2501,8090
2853,9089
4047,3404
4457,3218
8837,7599
6508,2132
6677,6327
8979,6486
8596,4367
3150,7714
8337,2405
7933,4998
4099,4437
3534,7452
7537,4593
2164,2568
4512,6330
5939,3838
3607,4493
7832,7982
5166,4765
8726,5517
4901,3881
2475,4065
4273,521
209,4040
3905,442
4336,9350
4319,8372
3920,217
3329,4149
6397,7162
4655,3724
8707,7283
3296,5843
1497,9367
2413,8730
7994,1842
2327,4892
9950,5087
8292,1040
631,4368
8468,8943
5991,4941
4002,9788
1647,8428
9781,773
834,937
9751,4069
1865,5922
8957,3459
7855,9618
8373,7722
9292,424
3006,4262
5599,8659
3553,7512
4453,5580
9229,3670
4438,368
7408,8082
718,201
5185,2821
8521,4072
8842,7752
4936,1360
7252,7407
3920,7890
4634,3635
8561,1809
7584,9514
4004,1889
6780,2868
3166,209
2242,2421
4289,4354
2925,8570
8658,5267
665,2874
2085,9771
974,4730
5892,6754
3447,8989
4191,6075
3393,5367
9245,1810
6431,4988
6080,5406
8714,5545
5719,8596
4213,5118
397,760
9086,1127
8974,1472
4113,726
1770,9367
4199,7407
738,5610
9051,8208
5808,1090
2717,9226
3299,5983
1600,9968
9239,5326
3614,3771
4435,7143
3995,7703
9964,1781
9942,9758
6295,2754
9260,9343
8460,8431
8327,8763
1222,1245
1796,6076
7670,859
7490,7393
5912,2044
5766,5274
621,7140
3548,6701
6327,7887
6647,7427
3315,4942
4202,3587
7761,4095
7247,3960
5407,1127
2436,2273
7091,7519
6406,5461
6423,408
3141,7216
8207,2733
1879,1087
5350,7812
8216,9332
1750,5104
6239,9238
6903,982
8316,1609
863,521
7918,2261
231,8276
9889,598
6478,3876
1364,5823
5590,6256
3416,1147
6492,2837
1557,1474
8806,3442
1447,7908
6565,7821
1221,4389
5786,3777
1442,6165
2133,7669
3612,5946
2920,6489
818,8893
4474,5439
931,7438
7799,1716
1762,9397
3141,2330
8789,5558
2977,8915
2412,8160
7048,188
2190,3778
242,4804
703,3690
7560,999
6335,9724
7878,891
9292,5947
9836,9990
9639,2215
2990,8746
388,6883
9291,3534
3323,1745
5067,4747
9739,9581
7490,5984
9390,5411
8193,5858
1160,9854
331,8323
9177,4397
9013,4445
770,1700
4343,9996
148,4813
2415,9765
7540,5592
5797,4407
5578,3174
9240,7805
4937,8750
9607,7340
4617,9291
8125,3743
6896,8066
3955,4637
8415,7379
7241,868
3304,11
4064,5300
6285,6964
6734,4250
564,7594
324,4087
8680,5290
4269,3821
6009,9769
3692,4902
1794,4542
6872,5920
4107,4397
7172,265
9045,1889
8327,3203
9027,8501
1386,8035
4984,1840
5439,7068
1771,3467
6479,6323
1063,7343
4316,5535
3087,6320
8869,7600
6542,2208
3432,2585
9901,5857
3425,3194
3566,8987
6529,2334
3973,9302
714,894
8807,1749
4022,2528
6442,559
1784,7056
9724,1547
7386,6280
4255,7319
6981,1167
8065,1221
351,7948
2971,6723
3887,4598
3391,8293
9788,8458
4420,1345
6819,5863
5487,9527
9639,6521
9991,9243
259,3392
1466,4273
7035,2844
8926,6899
4513,6263
31,1809
8307,1599
7399,1190
7745,5023
4445,2484
2348,730
6276,8971
7802,6323
9123,9483
999,3435
4565,7235
4117,6872
7495,8549
5267,2014
3039,5144
8268,2636
8364,2073
9335,1766
104,2991
5228,7291
665,9530
806,4338
8151,3016
8819,9606
4617,8643
8504,3051
8440,3802
8977,7179
2229,5899
2343,1682
2886,3290
3675,1010
603,2944
6766,5956
463,3234
8707,3836
8314,6013
4892,2103
1139,9163
417,3732
8355,1893
1327,1260
2037,4742
908,4607
7481,1239
601,9405
7112,3324
5777,3837
9601,8074
2062,7965
8178,5203
3835,5223
6162,4528
1555,1741
6859,5129
1288,4737
5782,8356
272,3475
1439,7112
6170,2151
7079,6301
5071,1058
4503,4627
2035,4593
546,4939
7402,8742
5076,6437
6999,7568
5671,8518
9440,4006
3972,6870
3869,8176
1574,852
4735,9155
8410,1223
8190,1766
4146,8818
2683,7637
2794,5138
5108,6882
9618,1687
5174,6322
681,2365
8220,7739
7051,5798
1941,9209
3905,1861
6116,3799
342,1065
1937,9968
4266,1557
893,8498
8016,104
1922,8635
5010,5918
6505,5731
5972,8850
8757,3142
790,8974
8477,3564
7074,4897
4311,6487
4102,7755
1536,873
8060,1432
1064,3535
3076,4695
9258,3229
6371,6773
5673,8151
8725,9291
2917,7754
9821,4097
1837,8901
6158,2573
6255,999
1010,5516
6763,4038
6023,1756
9174,8569
7786,7332
9689,2691
6827,4544
6233,605
7152,8012
8018,5694
2725,380
5309,9033
5729,9143
5617,8099
2309,8462
6629,80
9005,172
9603,5882
537,3483
777,2284
5989,4112
4281,2097
9923,5509
8640,3812
7451,9698
6131,3363
3065,5878
5157,5397
7540,7815
6197,6645
4175,7764
4980,5819
7544,6980
8149,8629
1838,5037
8045,4199
5056,5362
7450,3196
5649,8250
3200,8999
8519,7849
3406,4075
2882,7149
8032,8659
1098,8167
797,5966
9025,3988
2432,6123
6167,1064
2372,1150
9581,4422
3416,8012
9105,3309
8354,40
2904,7154
7792,1146
8713,6902
3097,1705
6070,5029
5282,9829
9542,4795
3325,4307
2334,5858
1324,2902
9390,8860
9843,7878
5879,9945
795,496
7738,2230
7251,7114
3964,5810
3761,4161
6198,4750
487,9441
248,8145
6576,6416
9229,4261
8665,9175
4778,7297
7820,6542
3760,8340
5432,3139
3362,5147
9965,4647
3232,3167
2147,3557
5217,6894
9002,8656
1343,708
9211,56
3580,7397
7966,6696
8099,3562
2789,2511
5818,5446
7381,4392
9299,5780
3221,9241
7969,7407
928,5061
1079,5181
5124,4798
5404,9241
5612,426
9835,8492
4235,4513
2663,4903
687,6305
9260,6159
8757,6877
2864,7589
9131,9096
6073,9265
720,42
1976,9914
3688,8430
3827,6149
7116,6936
3056,2856
7502,6613
1820,234
4506,6016
4252,3689
2775,9918
2555,103
429,9912
8931,7057
7553,2691
8679,9805
7052,1005
828,16
4330,4629
295,8330
8717,8535
2385,8399
7042,676
3656,9154
5915,8746
3599,6320
8844,4437
3926,6566
2065,6145
324,6287
5100,6907
576,5422
8973,3891
6543,5397
4761,1040
1608,7008
7677,8816
260,3793
844,5994
5569,5161
7460,7571
9333,1567
2415,776
991,5872
101,734
8361,6963
3759,1124
6201,3783
8982,1474
2232,8524
6058,977
5306,5787
5007,6902
3387,3427
8113,5580
155,3569
5128,1501
8464,955
7494,5405
2907,9337
4590,2323
4773,7312
3071,2756
6583,6044
8557,2430
6824,5274
8993,78
3697,8607
9783,174
237,6233
4597,1359
9628,7696
7915,1774
5366,9704
3637,6022
1725,4149
2686,6051
8300,4731
751,9998
8268,7362
9829,3530
5381,4530
2753,8553
976,177
2440,971
2219,1894
1819,7541
1878,921
6289,4490
8987,2953
128,8617
3563,1225
6394,8402
514,3672
5172,1478
220,9547
3330,9194
2450,7498
4622,8567
9308,5012
4056,8754
8795,6879
8135,179
2718,864
9950,2596
6737,4627
5545,6088
2215,6232
3302,5845
9180,746
1393,3679
381,5805
6888,3875
3699,6915
8541,2204
6378,299
7770,9670
2655,3064
8030,8925
8696,6553
2502,7712
5806,5225
6439,7304
3398,8997
3335,5311
845,9558
5403,8911
6673,3147
9643,4504
8716,7060
7458,8076
5419,2780
2546,9819
8830,8884
1220,4839
2440,9592
8381,7779
4661,3073
8684,429
619,5958
9439,1172
3674,4640
1909,7528
1197,9593
6399,9421
7618,9055
6448,8523
4150,6874
20,2278
345,9560
6476,1477
7761,3858
1975,896
3867,2733
5116,3979
7084,303
4291,7705
4101,1467
7636,7871
5221,3515
3320,3719
584,2377
5852,7341
6989,3994
9091,522
6742,663
4315,5546
9864,7178
9000,4860
9795,1473
3276,7558
1931,1378
3640,5346
8196,4636
9932,9512
8429,3301
2330,3769
8499,5317
8009,9862
8886,1214
7253,9259
9272,8054
2516,28
7201,9907
4660,5850
8593,8307
2943,5857
1693,852
8368,5137
9674,5766
5472,695
9656,1867
1193,6408
4757,8936
5772,7210
3507,3964
4253,718
8003,4809
4284,3213
4912,7251
8655,9854
2105,6484
8378,9506
5958,9210
4273,620
7084,6862
4276,7200
2955,2434
9721,2711
1700,1862
6504,204
72,3606
4255,7527
7372,7220
3702,6435
7897,4701
1437,7021
3103,7755
353,9307
138,5223
6653,6967
7645,696
3821,7159
554,909
5310,6427
99,1154
4082,7442
9275,3378
3039,1864
8230,9674
6535,6080
3711,2070
7314,7802
1656,4538
1943,1794
7036,4815
4634,2149
4033,3816
1167,2016
2905,479
9884,1591
6919,2257
3805,3838
5950,4755
6529,4855
2933,4832
1970,6057
6167,5792
3394,4730
6215,5750
2353,9929
6337,4918
298,1706
1212,3057
1533,2367
8459,8222
888,6559
5187,4199
5310,7125
4486,5005
6121,7768
5038,3753
8892,8066
5797,3601
2673,576
7601,2307
9906,5253
189,5648
131,1899
7283,9144
3132,9943
7702,9454
36,7224
9435,103
6376,6572
1927,5989
7100,4270
2035,7547
5672,4336
205,9356
7428,3904
4185,7220
7662,6939
5892,178
2344,2811
2616,2032
3855,5550
3388,5857
5989,2181
8659,6726
1344,2357
37,3197
9388,8141
7290,5447
7323,4388
466,932
7693,1951
7139,9022
2667,5933
7258,3054
28,783
8290,9694
5162,9366
8562,8653
1263,5194
7680,8232
3002,7173
5315,635
1390,6634
423,5236
7113,4277
9994,1232
7345,5489
1475,6948
3354,4128
2258,4330
6677,7146
1986,6758
3235,9908
4427,1892
9415,2316
3189,5472
7321,5776
422,1474
7926,9288
2428,4676
821,6326
8631,6705
7973,888
8093,7819
6002,8743
289,2137
3750,5344
4142,9420
971,893
7069,6204
927,4543
1846,7747
5313,7705
9218,6182
2200,6860
5471,6236
6531,6619
8269,6172
3995,650
2438,903
3924,5256
1947,127
738,8950
2377,9267
1849,4051
3770,6440
5853,5125
4007,757
8551,8774
3083,203
1865,4889
7539,2703
3416,5015
50,4582
8280,3835
4289,828
7479,3782
5844,3488
8095,767
8999,4191
31,7019
3847,2348
3267,533
4093,5401
8287,4906
2741,6405
3707,3731
7181,7154
3224,5488
2264,6113
897,4014
9443,7661
7756,4004
3343,5105
7248,6480
4909,5638
5041,2713
3544,7740
6534,8896
3755,2772
4588,9208
7715,9657
1363,7695
5807,7337
7238,8984
9717,9395
4584,775
3598,4095
1082,6264
8449,9476
8073,2092
5630,4698
6468,9185
3552,925
1867,9276
2629,810
2595,6934
5754,7241
966,6176
7375,2647
407,4037
7435,8543
787,2395
840,2501
9907,8484
6558,9615
2382,4151
6574,2656
3915,5558
2612,5393
2564,301
128,4446
1623,5430
1902,8571
2390,251
6577,4577
1886,5177
5966,6313
516,5709
548,1796
8155,5614
7546,1445
9587,7286
3137,2267
4411,3854
3481,2718
8439,3269
1983,8357
2332,5629
931,1682
9384,3971
9815,7051
9104,8281
9140,6598
2129,9857
919,3360
3911,7608
8537,3194
140,4652
7196,6192
2360,7836
7936,6519
1863,8155
5254,9555
9320,5824
492,9970
9889,4764
6455,6584
9184,3721
575,6456
7580,7228
6196,3932
5611,871
62,8642
1149,4750
7618,5347
4117,451
384,8768
6167,1488
3369,6235
9196,6033
6687,9231
8755,8539
3924,2334
243,1853
9140,4661
2891,4625
639,9453
986,5535
8382,9825
4234,9263
8119,2391
6054,4648
492,9869
9853,1610
8813,5522
2207,8309
3054,3310
9028,243
6611,6910
3564,9961
4103,3424
737,7173
8908,5879
9640,7012
1069,8187
5687,9155
9952,9857
8192,1968
4551,947
7611,5805
4085,3819
9331,2223
1981,5329
902,2777
7670,1551
7664,9776
2748,4877
769,9611
5760,2701
8250,6218
5231,5189
4280,1791
5583,8821
7671,7085
1158,5572
3639,2091
9237,5244
3868,757
3186,9422
7487,8656
7459,1235
4050,5512
3222,5200
9489,3976
6062,740
340,5828
4407,4066
433,8070
5451,6678
6846,5668
2093,8038
2580,9259
8754,6182
9327,2314
9199,6280
9186,9085
7582,8622
2983,3283
5258,9981
548,3855
2106,880
569,5208
3515,1990
3974,2477
6645,9241
5818,73
3871,3900
8166,7902
3119,9824
9215,5026
8745,9075
7586,5779
3321,3477
2818,5767
3420,6152
3534,9492
7592,2484
4414,1369
701,3381
3259,6791
9011,6402
4990,8224
9906,6250
560,7946
8784,7756
305,3408
8068,8739
4325,2902
5338,6316
7592,8118
9168,8934
6146,8524
925,8165
598,3194
7249,4435
1940,2937
9784,4820
303,4925
7928,4948
8568,4339
4713,463
505,137
9332,3260
9454,4586
7988,5655
6301,6422
6265,762
3782,1338
4924,119
5270,752
3453,3525
8038,3270
7400,5124
256,947
7078,5358
8657,4764
8143,6908
2090,3826
8605,9987
8432,3381
2315,4201
1236,9289
4189,4280
7101,5587
7866,2813
4337,6928
6179,5389
5251,6354
9127,9782
2902,2664
6607,4637
3567,9177
7989,1129
6840,1789
8338,5466
9569,4280
2964,8519
3682,5508
7582,6500
8891,5321
9049,6300
9436,6028
3353,4849
9152,5586
826,9133
8276,7695
7081,7395
7606,2175
2751,5079
7352,3535
3080,1127
7252,3337
2466,3045
8538,379
8177,3250
5140,3875
6511,8584
4762,2825
1889,1732
6689,601
4052,3502
3503,2859
9414,806
5178,7313
7954,5917
254,5468
8611,3789
4813,6443
9449,2294
9008,8098
2889,7622
940,1363
4927,5092
240,3163
783,6010
5035,9643
7994,6172
4282,33
4651,6377
4239,4131
6320,7645
5725,8200
6326,9184
480,8099
5166,9999
2105,9180
6140,9653
5191,8637
942,6133
5554,9590
9417,1575
7392,4845
7934,5277
1754,3366
6172,1984
4745,9018
6415,4492
6090,5079
3623,9492
129,4004
5699,7380
9625,4751
1052,8929
8249,2213
2334,7935
8754,8430
1953,223
8150,1170
6662,1954
1155,8860
7101,7055
268,7017
6979,3117
7064,1437
4120,6590
4068,6339
4383,232
4531,6942
1230,5856
3782,7536
1093,725
199,6470
604,4151
7695,7199
8757,1890
9624,3688
8385,6123
2716,53
8654,3029
9964,1533
9422,3776
6157,3811
1651,2320
9164,5212
598,5845
8290,4034
3847,7692
9299,5572
4990,9729
9408,7943
2416,2303
7437,6798
4781,1878
221,5281
3174,8536
4681,9741
1533,6992
1423,1688
9701,9471
3319,1359
5575,8388
6465,8510
8086,2744
250,6763
2123,611
8894,5855
4154,9614
4871,3842
7861,2134
8259,7154
5599,2425
8212,2255
5864,2625
9665,3767
6343,6330
9689,4217
9783,2834
8807,7752
7512,92
4098,1310
6134,4816
924,9146
6455,9731
7082,695
5165,8862
3810,8667
235,5901
4896,3865
1381,9271
3892,803
8256,2869
3765,6703
4856,801
8857,8404
4112,7229
3548,2354
2404,6684
2269,7612
187,897
841,4947
7192,6802
5455,9024
9616,120
8434,2541
6742,4454
9357,9936
7073,1796
8272,7013
2847,8007
7017,9704
3955,542
4126,7036
6713,1867
1303,5642
7131,5517
1176,7737
8780,9430
9340,8726
8097,4926
6685,4624
8991,7875
1072,5043
288,8426
9358,6751
9200,9207
476,6309
9587,2564
7004,9182
2441,2594
8076,6375
6457,8186
8109,7212
1963,1790
142,5536
7570,130
5414,2294
5542,3264
8129,1856
8640,9564
8258,3217
5550,7828
4310,1169
9926,5507
2889,6141
216,564
9282,3992
4972,1757
4105,7874
9578,4463
7897,706
632,9400
3057,3395
6942,8659
4884,8473
9253,4973
1072,2271
7694,8853
1260,7663
3920,1839
3002,765
4537,8356
8284,8912
8469,554
7987,5053
3052,8732
4290,3249
8438,342
9841,1915
4698,7983
9757,2405
4324,5970
365,6173
7844,5435
6464,8948
883,5739
8274,242
2033,8344
29,307
9690,5268
3324,8114
7287,1256
4939,2705
4256,4478
1578,3394
8943,7400
9953,4069
1904,4719
5821,8479
9348,7835
2631,8467
1781,3356
358,5487
9396,4707
6443,3286
8206,2177
3163,3253
1613,7113
2905,4548
7242,3428
6049,44
7633,8386
6626,6703
5069,5367
8483,1208
9346,8922
2870,4960
9065,8533
4377,1978
8358,4841
473,2444
7029,5106
6529,2314
3251,5043
7249,6673
5433,3101
1226,2812
9107,4753
2197,9079
4815,8464
1347,7054
1185,906
5839,9456
2051,5579
9840,198
9530,1983
1307,8330
4676,5246
1269,8501
5901,4840
4693,9577
8144,3261
8920,8440
5370,857
1886,1103
5115,4507
834,3171
7478,2433
3976,4998
2488,6434
6126,3062
453,4519
9317,3923
302,3703
9609,8106
6366,3181
8107,2098
1108,4168
4736,7106
2251,1999
6450,8462
5348,2671
964,4476
8325,5954
2147,9303
8619,1358
3304,7423
8987,5575
5819,1195
9015,5682
6401,8189
8076,1591
1733,4496
1143,4001
4389,7904
3111,9654
5363,3909
4766,7710
8412,6638
2066,9921
1398,5558
5664,7666
1170,1606
4432,3874
1488,5111
3,802
3746,4865
8985,7561
5129,9781
8975,2541
9980,9364
6741,8770
519,7482
1758,7452
6623,4107
3904,1395
2051,5208
8444,3746
6447,7149
5880,4876
7962,8522
4151,7052
1807,5660
8266,1207
4665,7000
6047,3744
8984,515
1368,7319
2944,5249
5959,367
9856,7848
709,8874
16,1712
1362,2068
4435,8345
1942,4953
9852,857
5286,4532
7085,4352
9138,2501
6443,2746
556,8221
6846,3473
9331,3321
1924,7917
5165,5465
2772,8105
2739,6364
10000,6162
6886,7466
707,7742
4879,1373
3466,8647
5380,4461
9584,3539
4135,4983
7842,6401
6408,7321
4049,2786
6123,9532
5253,4210
6036,6879
7118,1329
5199,7788
8022,3059
1388,2537
4547,6736
823,733
664,9848
2694,1756
6363,5911
6507,5329
5761,1841
1529,6295
8678,4554
5364,7493
6489,5172
9601,772
3955,4982
7660,1694
3672,5238
1241,4788
7846,1315
9682,8603
3882,3649
7262,3813
3299,8913
419,4120
9038,4620
9907,3533
9808,1485
977,3703
8866,5000
4199,7741
8518,8251
9664,1718
6249,8831
48,9952
2097,59
3971,461
4405,5829
6755,7323
2155,7989
1875,4222
4844,4825
3928,1581
2740,9359
6248,693
550,914
3098,5918
1436,4291
8653,4632
3228,2915
3301,7873
5431,1883
3679,9238
6523,5145
2374,6707
5048,1319
8430,4841
79,793
4110,6123
4117,3203
4539,9285
8568,7797
8863,6602
825,5684
568,6040
8279,4726
9580,7386
2348,8745
5466,6858
225,7024
3245,8001
6925,8811
2218,604
3226,8386
9112,3100
7128,7583
5135,8443
9483,117
2264,6262
736,6816
2773,3531
6877,4842
2010,2832
5126,8087
2488,2397
5307,7342
3675,1528
2606,7861
8361,779
8371,7736
6794,6484
5649,9301
9799,905
9573,2135
5116,8229
2245,4076
4919,5716
7010,4421
9906,503
9926,8491
1261,580
2253,936
660,2733
4801,4313
1984,7995
4269,4462
6377,551
5763,9626
8105,1828
3625,8222
604,6173
77,9325
7811,5207
3834,6043
1496,3890
5411,8583
9148,4321
7116,5474
6028,4627
7367,2074
7907,8158
7468,2024
1768,6456
6226,1763
8887,7793
1482,2286
7422,1040
3628,2933
9262,7224
4825,2831
6833,1702
6046,6576
9834,1002
5050,9246
2600,5568
1447,2398
8117,3402
3060,9483
1403,1548
4419,546
1542,7875
7678,5548
453,3298
1637,2937
6873,8747
1714,3205
960,1975
9806,9290
1179,6562
7980,7970
2155,7830
8723,2759
8155,5410
5961,4042
7367,6502
4074,4556
5082,1438
4216,7068
7141,536
3277,1869
5243,7764
91,8370
9977,1528
4085,41
4707,8861
8902,2674
1066,8681
5663,1755
1401,7994
1583,8057
4799,8027
250,6933
679,6230
3868,8032
2178,1174
3575,9700
3735,6584
3079,8953
1824,5294
1543,609
3014,8607
5853,369
8679,1438
304,5484
387,182
5274,3533
3159,8447
9736,7665
6688,9551
3790,2446
705,6368
2679,4468
3136,7257
8218,4511
1850,2748
6873,2886
9623,7100
7107,7571
6072,777
137,9823
9661,4906
3854,4857
611,6261
8695,7283
8794,3246
6002,6170
3349,4377
4867,4544
3835,7293
1945,4071
5802,1512
8079,3788
6763,473
3214,8365
2144,2622
655,2424
2026,5370
6735,9714
6616,66
8444,9329
4521,2837
5484,4119
7074,3942
6796,2107
8284,5719
5510,7525
2196,5348
2204,3366
182,745
4032,850
9012,992
9462,2491
7279,3499
209,2011
9401,8730
6714,7870
1105,8602
4320,8521
7053,2955
4697,8267
5110,4843
2150,3598
221,148
2996,2666
9179,799
2479,4487
8647,7540
9409,7452
7024,8768
4840,2169
2586,6000
1510,9197
1254,7136
8738,6405
9625,6955
1611,7746
7390,5198
4749,6085
664,2557
2892,1130
848,9569
573,6639
9501,2765
7173,5647
5633,876
616,9167
7631,426
9635,3171
3211,1211
2326,5182
5594,3051
5465,1317
9865,2402
5695,2767
7913,1171
7880,8219
6007,3154
1376,1086
8970,7905
3557,5912
9990,2805
5206,1025
4493,521
5926,8741
5189,1071
1200,4889
9893,3534
5301,9816
4904,8157
2640,7311
1204,8490
9515,8226
3813,2503
394,9257
2323,8625
7477,8586
9026,1487
4436,9876
3511,788
3506,869
3976,8608
8052,2169
5228,5865
4819,4015
7426,4226
8341,4794
7070,37
5097,8481
9006,2306
177,3427
6394,3044
6266,1659
2986,1436
6951,4267
4690,6621
3932,9880
3320,8259
6390,786
2229,6944
7608,7838
6666,6644
4512,8194
90,8697
536,3469
1477,5769
8968,880
2582,4124
3176,93
3298,6001
4611,2666
7264,5480
2824,8562
8504,90
826,7657
7092,6454
3319,2153
4195,4938
7062,4174
6604,2697
3257,2202
7536,6814
1602,8149
3656,7470
386,5829
9597,4403
8829,5958
2071,603
5385,5335
3277,4891
4980,3521
9371,849
3781,6244
8930,6965
9931,4287
4969,7867
2275,7980
4433,2759
7173,9046
6230,2557
8269,9080
6289,1797
8311,9251
8794,8264
2003,4235
2027,7929
8009,1838
5520,8162
6406,9987
9067,4186
1124,6299
5124,3408
55,9654
8349,8071
3524,2646
1635,3822
1916,3000
8144,539
726,8212
9662,2995
9147,961
5382,120
1579,4213
1622,896
237,2761
8433,3502
6531,6598
1057,3967
6268,6910
4823,3059
1219,7897
1507,4373
4996,9786
975,2713
5775,9181
3429,8242
1285,3039
1874,9629
7231,3098
7282,3245
2943,3068
3418,3155
4062,4339
6228,2378
2260,4471
7109,1069
693,3587
8139,7670
9801,2722
6626,6563
5140,290
4053,4023
1748,3336
3842,7354
7834,80
7894,9102
5855,6766
536,7919
6503,7638
9186,5062
6595,6676
5209,491
3472,6697
6830,7364
1917,7891
1404,542
3595,9880
4114,8150
6381,4047
4123,3669
7662,3339
6184,886
1841,356
9296,1045
5636,4324
254,2694
3086,859
4600,6207
4679,7183
9360,9571
7575,1027
1411,8556
4278,1459
8462,7284
9779,3913
7793,4576
96,6096
9420,9962
1227,3139
5574,5625
2247,960
9356,8927
824,6750
9286,8559
7854,72
405,6953
5481,6597
5897,2835
7147,421
5327,5189
2555,2507
1048,2641
6773,578
3188,5182
5950,7933
7581,7056
6582,206
4097,8037
7654,9026
70,7294
1065,5880
3186,4408
9575,2972
3059,7990
4172,9205
6696,3405
4840,5735
3379,7467
703,1221
2614,3013
4480,6087
8826,2332
1043,2675
607,9803
9164,6011
686,8432
7084,5635
2650,9156
8982,7262
4676,8105
9471,2436
7102,191
3391,9362
8647,5411
1668,5150
1077,5796
7797,9285
1649,4099
2388,5362
4780,2247
4893,7869
7376,7881
5803,8687
1537,6211
9818,3261
6834,3264
9959,7560
1684,944
8707,224
9448,8843
8406,5536
7318,7119
4241,6586
4230,5048
2524,112
860,7130
877,1772
929,9854
8010,4301
332,1751
6902,9199
6783,9104
9991,5717
5357,6756
2105,4389
5914,3833
5787,3184
5451,9657
3542,6380
2765,9903
7982,4880
2049,2507
5761,7628
5685,5682
8701,4163
5501,4725
31,6838
2240,7563
7349,2558
7616,9166
2804,2197
8625,6303
4181,6401
2426,8503
8091,2622
633,3164
8816,567
6849,2364
7021,657
2879,5544
7976,6900
7163,5408
4744,247
6825,1607
3332,9191
1262,8467
5785,243
6896,7683
8410,983
7575,1549
5010,4355
1920,787
8869,648
8223,5329
2388,3582
5556,2486
5247,8917
4087,9357
4005,518
8878,9383
5960,8724
3005,8070
1547,6597
5772,3496
2541,2007
8660,7806
8303,3857
35,8568
9249,9079
5792,352
6923,393
4984,8399
4679,7257
5303,6687
9788,1095
4530,6815
2692,1866
8928,796
2175,4717
7321,3202
5073,8564
1783,7631
8167,3594
5289,816
9399,1001
3559,6971
821,8644
1471,1352
3810,660
1998,268
158,1758
8746,8691
5438,7309
1004,4745
4585,7089
7243,1350
3756,3011
8723,7108
5774,51
1205,3022
3261,5361
5256,5270
5447,5221
205,5011
1653,8875
1296,8294
3570,5918
7914,1959
9545,224
9299,8385
1148,9315
8357,5254
657,8567
7324,9744
6167,3537
602,2934
2086,340
1575,1239
228,4286
677,1046
5508,7585
5745,9553
4057,1165
4870,1040
9673,951
2523,8871
3724,1096
4813,344
2404,6021
5543,9752
6630,3094
557,9276
9638,3397
2185,176
7649,3156
4780,8339
2660,3355
6694,9299
6346,1229
1009,9936
6946,8279
6024,9584
1551,9684
9653,4047
7032,6080
9479,5216
4112,3751
8882,2644
1345,6008
1649,4437
6529,6843
2950,8704
9719,9596
2306,9693
102,6740
3536,3661
3800,6435
2844,8191
4294,3739
5810,5326
1411,5292
6960,1083
1641,7112
8541,5682
7595,2898
9059,8412
569,2279
6279,3056
4402,3497
4058,870
7748,100
8855,9978
5647,2207
7517,3801
8967,3313
9511,7356
3512,8558
3223,2990
3924,4156
4529,971
8280,3382
9811,5942
8829,9324
4915,4215
7530,2213
8816,5616
2230,914
9338,1531
3883,7536
3854,3954
6598,9290
8874,1370
9723,3449
9439,7260
7350,569
2339,1841
5132,4377
4742,2282
6064,2526
7837,1802
5569,4484
3866,1968
7536,7427
701,8164
6528,9529
7363,9629
2630,8138
3277,4477
8080,2881
636,2554
1874,7922
8887,9962
5307,1870
463,4026
3110,5889
1626,235
4476,4219
1291,6730
9175,1209
8291,8810
9394,3247
9777,6447
2748,4229
3205,9594
7227,8651
4578,1468
957,5498
6785,1385
57,1481
8002,7099
2660,5688
8846,592
4896,5981
6936,2305
911,3273
1281,5327
293,4613
2795,4012
411,7470
8165,6628
6016,2506
1926,8246
7034,9863
261,9234
9114,4527
4404,7313
9550,1833
8124,3804
5007,1502
5204,1754
5243,6262
8347,7673
7421,5152
9349,2264
2648,4043
7907,3902
595,3491
1002,9147
5982,3179
2534,394
4754,5187
56,6271
8327,4438
202,5011
9327,7971
1267,7160
1903,9830
7733,6683
4430,6035
2324,1382
7558,5022
5233,2718
3896,8233
3717,5408
7932,7515
1193,5187
4406,1290
6018,5258
4387,837
4730,4537
1506,7472
617,6224
6448,3852
7043,8873
9676,4770
5258,2474
7242,8236
4004,3096
35,337
8104,1432
2617,1547
4210,8355
9976,7959
8150,8117
1447,9560
2225,8386
4846,2791
7227,2166
7810,6716
2696,9799
268,8498
6045,3578
7160,714
5088,5230
9096,6238
953,8409
2824,1359
8421,4781
1389,1358
2185,7654
1767,1236
4883,8066
6934,6015
1755,4558
408,5097
6537,6857
9472,8166
8961,7256
786,3418
5609,4966
7899,5700
7995,2212
1566,3643
8645,3812
8601,2468
878,7246
8118,5389
7139,7102
1869,1849
8112,9003
1703,5160
3866,6868
6221,7426
5096,6344
703,3873
9922,3218
5616,2424
7010,6736
879,6771
2920,2927
8641,9196
5881,1524
5673,6983
3207,2409
265,907
8555,322
6066,6062
1327,6747
3256,9707
7480,4944
3217,131
113,2936
9020,3757
7427,6095
8926,3195
6608,1743
8551,7579
4399,6842
1299,5222
8001,8711
4253,5017
6082,9302
446,9597
4459,7201
3027,2709
3780,2018
2124,4515
6456,7307
817,4168
2017,2134
623,663
737,1737
528,9556
3266,7045
5353,8446
1526,524
957,9781
9000,2828
2702,4730
6867,4924
2115,259
5457,4834
597,1415
9291,7391
1140,1596
6032,4584
6439,298
9217,5490
2961,1595
4169,9160
4526,1282
169,9068
7452,934
81,4872
9975,6505
3643,1456
701,1465
3554,5014
8432,8370
9792,9112
8602,9197
2900,9226
250,1610
4866,6092
2844,6245
7221,729
5431,6952
7808,3915
3376,7117
4258,989
8780,7134
9111,543
5139,6411
2827,8064
3904,6871
3209,6027
1669,5504
8306,5872
2667,7065
9738,5149
3975,3717
5692,6937
1000,8306
3005,510
5708,4576
8190,7072
7842,3229
8827,2174
7355,7262
624,932
1930,2684
1835,7930
9738,920
4239,2780
2490,7416
9348,6272
4497,6815
451,9302
9541,4311
8628,7331
6489,7269
7245,3450
8602,9698
3687,7798
3286,4936
6705,2227
442,7819
8046,8042
4617,1894
9657,3239
873,5793
1097,9113
8072,9229
3711,2630
6812,8924
140,5736
3591,1568
6672,4056
6969,782
7037,1061
8111,7517
9834,3073
6026,3873
5923,1017
4027,8639
8190,9423
3146,5661
4632,2197
3781,6872
3166,5895
8021,8144
8104,2294
4861,9716
5375,4061
8188,6997
4687,3554
6498,8570
232,5098
3678,6144
2670,4265
8534,6300
5937,966
6496,8622
2215,8551
6589,3827
4468,301
9062,7399
5996,3006
1582,2229
5823,1803
9639,3598
1315,1310
8176,8289
5744,7507
1228,3676
7460,8351
6910,4832
6327,9025
8736,9370
5192,1747
1027,1123
7254,7068
4497,4646
4300,5302
6126,8553
2724,5720
1645,7914
7676,8751
4735,6759
309,4622
950,1866
6984,8862
5191,7919
419,9523
9006,68
5665,1646
4427,1276
440,1640
9515,2415
2572,9490
66,8658
8433,2070
8851,7006
9885,1305
3298,7088
1900,1327
8288,7420
2669,7035
8502,4575
6394,7922
9870,1376
8709,9291
5690,3521
3789,6693
3575,264
784,2309
2460,4628
90,3082
9565,1231
9916,1743
5965,6495
7768,2684
9408,6392
3625,553
9502,9618
7215,6385
3827,4770
9431,4670
3427,6279
8650,2935
971,7428
4044,1315
3795,1909
9492,296
3007,7999
1148,165
229,2713
590,1304
2104,8865
9278,3517
4211,7692
2631,8691
402,2446
9645,2684
1530,1250
3074,7634
7545,9526
4836,5825
5624,8775
6579,3860
1693,6868
7024,2415
4204,7649
849,7142
6494,4827
1394,6457
5402,5347
2309,9310
2111,1096
5850,9273
1284,7317
8810,7417
806,6421
5804,8818
3985,1950
1066,6898
9146,8465
2878,8370
7561,700
5654,5996
2708,2234
9304,6468
6069,7465
2366,4932
9246,5157
9410,7511
1027,2565
7397,7986
7014,4930
9240,5274
1217,1136
3102,422
1803,3802
5449,2306
2541,7566
8385,2172
3774,6258
9235,1967
7771,9058
6550,4634
8946,3112
4521,2109
6829,7046
1528,8783
2605,6482
2525,1470
7084,9807
3954,5204
3412,6612
8277,6914
7982,4251
9237,3516
6450,3432
3081,5696
7277,5059
3648,6020
385,4901
7427,4812
710,827
230,2949
7998,4090
2157,1777
3718,463
6667,7711
2809,1473
5734,3734
5311,7382
4839,6958
6290,2382
1261,587
1617,880
5904,2951
7885,6160
2483,4442
1760,7385
4724,9400
2222,8716
3613,5352
9860,4133
6620,7597
7837,6727
9280,1955
4836,660
4170,3719
1619,1354
7859,6563
6026,157
6364,885
9211,8157
415,2554
8337,9572
3509,3836
7089,9694
1682,7622
8921,7157
298,1136
8054,4121
7767,4444
3889,6680
4498,3275
9977,5967
7966,9276
2172,8669
3573,8402
9086,1600
7066,3601
5980,9039
958,5653
4891,1699
2158,3552
6346,5059
6793,9742
2630,8778
7263,5797
9851,3127
2676,9550
5096,4577
6356,8011
107,9909
3457,1876
6124,1806
696,8018
9110,2015
4066,9879
9423,8480
7542,6520
8089,8034
2796,6313
4465,369
3164,2211
8805,693
7396,6004
7427,357
1192,1875
4140,3305
3012,1598
7559,1385
5181,1698
2914,3816
8374,1622
6755,2327
3151,2757
4748,7
5863,3958
4781,6351
9938,1481
9764,4421
453,5649
5199,4493
6238,4216
674,4092
2113,4020
7524,9575
7293,5556
6436,8893
3678,2710
1209,8413
1947,6665
8566,9302
3999,7017
5804,7497
6805,4012
1946,3133
4380,4424
3488,7999
6346,2623
1729,6659
2685,9785
2183,5563
1644,4316
9376,6915
797,7194
2854,7575
3312,4536
8924,2882
6904,5398
2180,5364
1993,7471
6685,4158
1788,6927
1114,2877
1440,8092
8670,481
5851,7058
2051,6697
7007,3503
2795,8845
2727,9992
333,3144
5936,6454
6113,5856
2853,5809
343,2034
9282,695
4144,8863
1210,8072
5552,829
1892,6945
3372,475
96,5236
7534,6918
9352,2000
7303,2833
2257,738
4132,7988
3841,1048
4409,9011
5354,4414
6745,1945
3940,9479
1144,7938
1817,2649
7560,4146
2522,8405
2303,3589
3887,177
3402,4660
1804,8356
1386,4433
3023,1726
4365,4655
6517,3025
5448,8912
3548,8272
3104,1260
9315,2435
7320,7611
3694,804
980,6032
5158,1257
876,8867
6477,894
6620,3817
3071,3470
8152,7713
1620,926
9949,7613
306,3558
7123,3451
2511,3613
7662,4864
5396,9680
6980,96
6173,6830
4153,2044
9820,8755
6117,5512
7758,7631
6631,3095
7253,8915
2340,4342
8693,4759
1224,4947
1194,9802
4540,1592
7174,1943
7256,3735
1673,8881
240,355
8073,5771
5562,6488
3649,8279
7728,905
5349,3288
881,1268
4147,7989
2802,9780
1765,3933
3265,7555
8035,914
8522,9514
8982,4884
1746,4278
8455,2251
2561,9129
8710,4143
7437,890
2919,7335
289,1081
4390,2589
908,8115
3499,6875
2662,3935
9065,1860
6173,5107
2464,9553
7790,3782
7922,486
9120,8162
1411,80
1674,5669
8921,7662
6420,3765
1859,4201
1962,3053
8214,3650
6509,3833
3410,4998
6836,5274
3204,9792
3217,3142
3013,6235
2478,7135
2703,6386
5797,5054
1039,7927
8447,508
9333,8492
3828,3277
7385,5969
705,409
9017,1882
1288,1560
4573,4556
7921,3866
9499,8053
8910,4224
1333,117
4845,5082
1024,796
8550,5742
5376,8450
2436,1585
5008,8557
7697,6742
637,290
7097,6289
4818,5355
9921,2022
4062,7361
512,8002
7793,5062
3883,2005
9910,8978
8607,1339
3274,6809
2439,4630
4795,4197
5838,7578
843,2500
9822,4900
660,6288
9959,2344
6421,7079
5995,213
379,24
3894,567
9739,9625
9675,6633
7291,5639
6553,3253
6320,9002
364,8026
2866,4228
9424,4713
7132,5639
4465,8316
4064,9168
7773,3186
8903,6868
4139,4331
8166,5525
7621,1693
3356,1009
449,369
2104,1687
1918,9725
1799,2422
8761,8159
5675,9796
5118,7954
343,3448
412,7728
2374,6821
3841,597
1212,1060
8261,4987
1349,8525
4659,1287
7513,3233
3570,7248
8241,1414
1954,9927
3427,9392
7489,6631
5304,5625
8669,6619
7695,1581
6468,2070
7931,4596
3463,6739
1239,3708
9613,1001
9594,3539
932,6778
3685,798
2626,6601
8826,3881
2425,6406
7990,460
6809,904
959,9430
5312,8950
1561,9992
4764,305
9361,3824
513,5377
1709,8208
7190,3850
4139,2139
7962,8154
5877,380
7556,6034
1350,6947
3352,2639
9831,3181
7733,5621
5074,3391
2011,183
2120,7726
5738,7285
6558,2286
389,210
721,6868
7958,7744
2346,7738
6523,6331
2285,5856
4398,1087
6059,7801
7570,4022
888,7865
1225,1554
8951,5624
8914,1331
5377,2627
5520,4502
2388,9248
2470,7691
5688,8220
479,9185
813,1156
3242,3280
8768,4700
8482,1522
220,4382
5947,6015
1533,3730
1592,5747
9729,8198
5626,9694
7543,9947
9459,6489
4041,6093
8009,5072
1109,1196
950,2272
7078,4587
6459,6557
6899,3125
8325,5248
5517,599
3656,8557
4140,9325
8855,1037
9587,2445
8582,4684
3023,9530
2647,8592
2863,2454
3888,7396
3389,1768
8990,7953
1771,2837
6931,56
7337,14
954,7102
3091,4326
267,6564
9318,4431
2602,2306
2643,1632
9466,3488
7820,6356
6575,3105
5596,6065
2753,4444
1251,9156
6909,5384
7599,6598
2245,915
5078,6765
8055,1487
64,7314
91,7770
8545,554
6453,8472
5956,3763
267,5695
1139,5197
5505,2175
6930,7298
3472,1084
1436,3427
357,5465
8646,2865
5141,5491
7327,4037
8958,3655
9945,6108
2681,7457
2161,5747
9676,258
9993,3498
6668,6812
3224,7688
5311,958
1575,2812
5391,8391
8108,5627
4347,9192
1107,2938
2023,4187
536,5481
804,7546
5458,6650
5355,541
6457,2606
9282,52
4968,5147
9841,7229
2334,7163
3934,4722
1294,2019
4564,8306
6726,4574
7138,8186
9868,9446
3488,6160
5476,5551
3789,6732
5247,832
5060,8787
3438,9518
7516,8498
7700,9239
3870,3587
4441,9544
6066,4559
5098,7372
7538,2704
2446,8081
9232,3682
4628,824
4099,3014
4184,633
8045,161
6660,6721
3064,9831
4259,9817
5230,464
5169,308
6168,6549
5582,7412
5790,1386
9009,1802
8877,9527
5817,4488
487,2164
7279,5765
6069,6832
471,3452
7495,4654
8758,4401
2651,4173
9805,4994
8892,5859
5763,5413
4338,1909
5041,3780
4407,4085
2486,1057
9898,4265
8283,7671
2220,5940
7073,3360
9480,8147
7718,5261
9808,4902
7751,3589
6114,3848
9535,6764
8889,765
9230,4815
9680,9864
5909,7274
9857,2422
9965,2246
4780,8634
4295,9666
131,3062
8926,8621
2642,946
7529,4942
7100,6573
4556,2400
3680,9197
174,5901
4171,5316
5142,693
4567,9521
942,9739
6736,4784
2714,796
3303,8944
5810,2173
5040,5710
2090,6401
9110,4915
130,3204
6255,5159
7354,598
7274,4480
2670,2615
1956,4459
1823,715
4441,2373
8497,9707
1560,9063
1201,8344
144,12
7039,8508
1622,3585
7497,9871
7545,4712
8472,35
5404,2392
4627,6700
8098,3476
1825,2895
5417,8294
269,8710
2876,200
3762,7470
9564,5535
8725,2557
666,5957
8066,7955
6843,3745
6415,924
941,9189
413,6302
1097,292
3084,4150
7038,2990
1246,6265
1965,2601
9348,8426
4900,7342
4660,6023
6754,1117
4620,8832
2457,173
6705,6101
1793,6404
2240,7019
5992,1296
1781,1451
2440,896
9706,9462
4545,9985
7559,5977
454,6105
9640,5337
2436,1050
9404,9020
1595,8323
6009,1220
7009,6777
1229,2040
1468,5533
5488,2656
2638,3322
4005,2509
4990,1854
7855,7682
6864,275
9824,6979
8982,7112
5037,473
5311,8912
4125,944
3854,3719
2784,637
5255,5709
4877,4382
8770,4224
7331,4592
8465,266
8961,6487
3502,8660
1041,2510
2686,2597
4574,5243
5138,3244
4615,654
3436,4358
7692,8886
2126,9436
1141,8656
4189,9420
8514,2253
9269,1474
9981,8030
9527,1106
9212,7743
3486,6261
4386,7389
6143,734
2517,4181
1565,2296
5098,4267
2780,4766
3772,195
2158,3110
8444,1408
1002,9451
2371,7799
4666,3589
6562,9263
595,8199
1002,6023
1616,1893
1176,7619
1991,7232
6152,3237
189,7136
1834,1700
4293,8477
9266,3484
2115,9945
9481,2593
991,125
4994,6513
5253,3375
3239,230
5482,3773
3585,2180
5897,9192
8741,7077
907,4352
2828,5326
2708,6328
2940,366
4858,4406
1746,2803
4849,1561
5809,8488
6642,1191
2211,2591
122,7714
4478,1287
1262,3591
7522,9978
5501,2579
6719,2310
5901,273
1412,2934
4343,9604
8434,8028
9295,2446
1503,6125
9948,4139
2838,7465
6838,5821
3323,341
6381,8212
3276,2375
3637,426
3107,4749
479,7384
9369,3947
1684,9689
6165,223
9258,953
7953,8019
2649,8233
3421,9694
6439,6866
957,7863
5471,8371
9053,6983
3409,2120
7349,9561
8771,7401
9512,7201
2916,5789
3654,4663
1489,8841
2466,4751
4769,9258
1693,8165
6219,5994
6289,3850
679,9937
7098,4150
1010,3036
1326,8793
5179,5507
3806,9042
858,329
3108,3130
6064,4853
3404,7982
2266,5896
5152,7080
2511,202
9803,5257
2937,2118
7343,1333
3952,3550
1281,3066
6402,1324
9394,4990
2207,5639
3433,1237
4416,1678
6652,4636
5047,4004
2750,933
7330,4680
6946,7167
8521,5727
8781,1457
9319,4097
9658,1394
8086,1981
9015,9944
5475,6777
4956,3084
624,4794
1708,1270
5816,7996
2915,2779
2717,4622
240,1311
6557,1182
7613,2296
2163,156
1737,1665
7578,5598
310,39
6189,6896
5022,3252
2249,3093
5521,5733
1828,6926
9417,490
8726,3686
1070,794
5317,2600
5878,5841
2160,717
5092,8263
9249,2118
113,941
7013,8802
6792,3495
2216,1980
5659,129
5929,3973
404,5295
9117,7529
4469,8965
8799,1761
353,1455
3301,5012
9651,4014
3758,8538
2764,1984
6839,2191
3051,3946
5693,8272
1492,9445
5788,4214
2531,6627
3398,9196
9433,9068
7872,4590
5205,1721
4022,7296
3647,4044
3711,6936
1357,122
9163,5017
1400,7350
2232,8237
1737,3372
1284,3854
9837,8918
9485,3633
3032,5166
1860,6879
3477,1281
1648,8145
1244,2316
2559,9752
108,7366
3256,6839
3543,2602
1627,493
7373,8991
2697,9971
577,518
9472,6174
2040,3103
1263,689
9391,1287
744,5618
3084,2130
7219,5527
2189,2850
4367,701
541,610
4707,485
341,7233
7395,107
831,94
3038,9460
7813,5676
708,3748
2024,9058
7589,2090
3693,1394
2117,4696
2593,1795
2955,3314
8462,494
2185,9474
5462,8226
1285,5990
4955,8468
7014,5719
2017,7190
3899,5462
267,1602
1717,9989
3730,356
9940,592
4100,6834
3887,7702
5065,5032
4269,3224
6209,1284
6305,572
7674,7387
7075,9278
2093,22
8712,4980
391,77
1555,1789
5765,8685
6277,8293
9065,8377
1072,5159
2602,6395
5978,3392
3624,869
8749,1996
6364,4073
5883,2767
7533,7569
15,3394
9871,6427
2830,7495
4470,3029
8444,4107
505,3889
4410,3256
8642,421
9117,8596
9361,1490
4011,2665
2672,7342
1055,3330
1298,5392
1452,5246
9076,8
9981,4564
9493,1016
5610,9076
8114,1283
5176,5238
2346,3537
3544,3617
3344,7532
7935,137
2111,8810
7717,4550
120,3223
2102,1118
7382,6365
5735,9102
723,5635
8499,6714
7107,4048
403,2142
2254,7051
8699,9008
6332,9617
2673,7813
1384,2785
2585,7404
9703,8375
380,5723
2178,9251
8951,2020
6222,7701
9184,1523
9549,1944
19,4487
6141,9976
9978,8810
111,1489
187,719
4258,8166
9323,9367
2542,8346
8096,3184
7740,3646
3141,3371
930,6360
2502,2040
8957,7676
8539,5072
8247,7513
1058,2959
3704,5667
6389,124
7976,5513
2714,4278
7410,4003
9625,5709
597,4873
904,5354
7428,5266
4914,2667
957,3528
2375,2447
1943,2788
1869,8858
7540,8988
84,4918
6390,7894
1815,8791
6782,4679
5837,665
9695,9180
2015,4248
9297,8756
8053,5148
402,8504
7866,6639
2247,8856
4062,7932
1040,1284
4745,3973
3993,2195
7964,1185
8524,836
5188,4544
9108,7374
7384,8349
5837,7094
402,943
6647,3453
1643,459
169,9987
1454,1466
4995,1212
558,7635
5387,1357
2083,3396
569,2884
8224,2146
7918,6369
3456,4763
1695,9908
9311,3268
3488,8292
6485,3284
1659,553
2109,2892
479,711
2852,7953
8805,3336
5452,3944
8030,4805
6528,6300
8937,6193
3394,9631
5825,7330
384,7723
9618,7612
7126,7252
8636,8427
6956,6844
4016,8588
4048,9842
6775,2937
399,184
6482,6336
8476,8751
5084,6304
2499,337
8988,6687
8343,6347
2647,4250
2823,2053
6914,9193
2560,335
3173,6958
9852,7882
9034,7914
3448,4113
9045,9837
1795,8466
8702,4824
7234,3708
4457,4480
3136,3862
4823,6178
4291,4714
8789,605
8042,3277
3458,6160
626,1643
5631,7057
4840,4227
5406,519
3000,4653
461,2421
6964,5940
3148,1556
6801,772
409,9564
4795,9792
6877,1166
5337,1504
5728,9776
6763,6694
55,5494
9104,5116
3262,3689
8196,331
8240,6967
4358,7786
4707,8536
9431,3937
6417,7304
910,3097
6848,3765
8905,3859
2403,2663
5550,4577
3162,1334
912,4517
725,1165
4989,964
934,8986
3476,2358
4067,2734
3748,4028
3691,9943
5887,4655
6736,5639
1949,5281
5394,1761
8669,3682
3037,9280
9511,7186
40,3636
2476,6637
3199,538
5391,6568
3131,5110
525,2983
1148,736
1015,1752
3000,4184
6160,1759
5806,7543
6194,1247
9475,5796
7723,9410
590,815
1653,7205
1663,8445
2612,9299
9321,8801
7960,4045
5473,7123
6530,5283
4318,2432
259,6433
3152,6414
6911,7240
1454,7274
561,6071
5208,1824
8104,8007
8298,7926
3535,2048
4305,7398
5387,1051
8,1926
3069,2661
2172,7797
3655,4573
9854,2292
5531,3099
470,1422
5471,9020
357,3478
5533,8030
5347,8396
1111,8164
5574,427
6375,4854
3092,3074
3653,6601
2944,4828
2002,4278
4768,8783
8592,5562
8399,6366
4612,842
111,2923
8612,4816
6982,733
5019,5654
7321,3865
2076,3326
3750,720
451,5547
8459,5685
5094,2416
6468,6425
2170,1875
9505,6565
7058,7582
3446,7875
7027,2162
7773,4794
3091,3111
6246,6212
7791,1365
9998,8237
4379,6408
7213,7738
6245,3044
3977,6132
8387,1301
7273,5168
3882,161
3284,172
2784,5132
4231,3128
7177,7207
853,2414
5710,9431
6040,4207
1517,2685
5222,9564
4537,2503
4464,6029
3393,5155
4532,7378
9662,7643
4290,660
3318,1970
8251,5431
7807,3673
7701,9167
93,6494
4635,9467
7995,673
9825,9282
2712,3812
5382,7801
2073,5983
6450,1694
3021,7758
4094,6788
7326,823
4371,4811
5986,8635
2267,3819
5617,6265
2324,9869
8641,2169
1571,7686
1070,8396
7333,8241
9285,8413
9520,3224
9647,9364
7656,7935
7179,6247
205,429
9748,1997
4418,1767
8274,3313
9768,1371
6300,47
25,1878
2283,1278
6545,3810
6217,5562
2503,720
6424,2653
9001,413
9600,3737
693,4884
2496,2612
2644,6449
6854,1745
8816,221
6777,4759
6743,7723
4659,9792
1720,2765
253,400
9690,2196
242,3184
475,5890
5893,9574
2662,1389
6287,8259
1886,5267
1744,200
3271,421
5527,9334
500,4369
9373,2177
8810,6160
2091,3184
7332,5256
1563,531
2480,175
5436,4081
3702,3197
8672,9118
3273,6204
368,7557
3062,6223
4335,6936
1001,7180
667,7313
272,9127
8528,3219
9767,2717
6982,8706
3185,154
4027,1324
1512,9879
6236,1938
8876,3795
3708,4903
9975,7965
2407,1844
1634,4267
8256,9750
5248,2619
9127,9605
1384,6707
950,2241
6880,8310
2378,8779
3748,2502
5631,6637
5302,2001
2373,8423
9328,9674
5550,5831
3781,1796
9369,2244
4181,4525
3641,9351
9903,1157
9422,4935
6977,8393
1365,6176
299,9792
7707,9151
6161,9282
1165,2156
8079,480
3179,9251
9191,6996
9850,1617
7157,118
4073,4233
6436,4039
5196,5264
6730,7758
5140,1867
3710,3085
2495,658
9210,1327
5067,2721
4779,8448
6726,9723
245,2777
1090,7372
5732,902
6804,5977
9517,790
7547,4534
5011,3007
2493,9444
245,5499
5885,3764
4612,4691
7417,9309
3875,9286
9456,3142
9191,9509
433,4688
9230,3903
6430,5091
2508,9940
8000,9156
5840,7112
7988,591
4581,1031
9122,8279
9172,1455
6638,2663
7175,878
2711,4084
6296,5577
7325,4737
8728,6389
8177,1726
6316,4966
4916,7919
7170,4658
1201,9860
3905,689
8966,2682
1406,228
5229,461
1275,5311
874,9416
1610,5140
9389,2427
4063,3676
3543,2200
451,7237
4761,154
4805,4659
5495,9106
907,5828
8412,9375
1958,7093
6007,361
419,9018
1635,3242
5710,7230
3045,8154
4353,5751
30,1974
2698,9316
8577,2956
5387,5703
2798,1238
7547,9849
1980,6848
8890,1422
9301,3192
4977,8854
5243,6961
536,7229
5448,9155
9569,3040
1172,7026
7137,2508
5584,42
1311,1301
4895,1076
9189,6335
5092,3240
5124,1693
2181,3135
6948,4980
6959,8467
7736,9498
9492,9493
2592,1
6432,9226
7480,6794
9737,3380
4142,9543
9317,5385
9457,5090
8181,6674
8340,5091
2206,2098
6098,5570
3544,8769
1004,25
2544,6292
2814,1253
888,5530
5503,1241
7583,6661
807,7935
3643,7795
939,380
7601,2857
4468,1919
8711,8619
6189,2198
8802,666
3195,60
9929,2874
3815,6819
618,3439
3639,2858
3754,84
7755,6827
4568,6199
3554,5844
5035,3508
4349,3663
8794,5741
4715,6225
6602,5443
1828,3787
1634,1011
865,6096
426,8576
1512,3268
5954,3384
4246,237
7679,7702
5349,7354
1264,3812
7869,6284
1327,9275
6791,3828
3538,7465
9564,4011
9921,5085
9740,6696
8083,1489
2298,2578
1089,7621
276,66
2924,1396
6769,7139
7066,8085
8739,4153
7803,4912
845,8875
682,7627
9662,6095
2223,865
2554,465
1265,14
9465,271
8232,2425
5113,6500
3153,365
8351,2687
9051,1734
8475,7823
3711,7989
2441,4045
6476,5600
8084,6342
320,8329
2277,52
7506,6009
6809,4872
2604,6713
6160,1350
9239,205
9202,3324
5246,6461
2652,2080
8453,6898
7352,6070
4098,9225
1051,1947
8393,6886
455,9505
7013,4521
5121,2967
9410,1926
845,2883
6840,6899
1989,9887
2306,7155
6904,9150
205,3609
2479,5993
3084,2764
892,5291
2296,1190
7003,3973
6100,7496
8554,9454
8510,8654
3253,9931
7362,5002
1194,5271
6681,1216
6651,6815
1134,1709
9921,2061
5745,9845
7006,8046
4693,8472
8011,5906
4052,6784
2848,5568
8850,6937
2114,5347
3502,9229
3206,2789
7509,9531
3668,4039
1985,3843
4150,9850
4735,9905
7616,6349
9054,4708
7162,3667
8355,7610
5929,5584
8250,5562
8092,2144
183,8909
9825,452
9818,2857
7207,6842
9696,8572
4959,3127
1862,9586
2348,4228
5369,7042
7465,7667
6057,7595
4825,5788
9292,2391
2074,2280
6862,2985
5027,153
9910,4984
8700,8276
212,7000
9133,796
6055,6961
3823,124
7803,798
6990,9633
4495,661
7840,7410
4469,9582
5583,4573
2338,8177
2706,6495
3205,7840
2778,8655
6660,2271
8440,4247
6514,8156
2252,3680
2093,2750
9080,5402
7108,9758
2994,6517
2902,6524
5769,1678
8134,544
1503,8665
4570,1006
5621,7144
2210,9413
4916,5221
1173,8644
2503,7474
4759,3433
8822,1354
4680,5384
8830,4835
6406,8036
1148,6851
6146,7677
5016,2172
3136,694
6542,2486
7880,5457
6999,2183
9129,5530
3414,2209
3805,8317
5135,7112
5288,9332
5954,798
3594,4193
3909,5485
6404,2133
1119,7921
8759,5562
9265,9904
9784,6595
7487,9382
7535,6462
7612,3793
2959,5763
8996,2774
896,4973
626,9758
1000,4849
9666,6832
4440,9855
673,2156
5794,3540
6368,7713
8233,5161
2920,9900
2848,3228
5655,2719
8677,7818
5064,5481
6407,7397
1345,4679
1825,3351
4758,5095
5979,852
6155,6612
8774,5349
7078,5971
9093,3174
1587,777
1419,4077
6881,7783
2959,9717
9529,5651
7164,5447
927,1988
4229,7492
306,5481
5750,2178
1309,2567
1461,256
7616,6430
1943,823
8216,5590
7407,6591
2986,2843
6242,923
8416,8274
8134,3938
2874,471
2825,8443
6486,5701
941,292
7882,1985
9025,6351
7101,771
3931,7050
2565,7361
5441,6889
7724,570
1126,8162
300,3212
9346,2373
6009,7475
8363,8774
2718,3119
4351,8376
3503,5744
7716,9096
9341,5665
7846,3187
6569,7054
1503,8005
5184,1331
5206,6543
1476,8178
4718,5092
7851,5904
1886,336
9120,8701
2081,3734
104,5503
8356,2740
7119,7354
5005,5109
4305,4942
9691,7107
4996,9836
1496,5126
9282,486
8778,4574
6213,2355
2633,3097
171,6811
6668,5089
1161,453
7452,1861
6252,1915
8314,6786
3898,8390
8940,8174
1399,6252
9970,9186
5748,9250
6279,9713
9409,5359
5955,9113
9507,5312
8957,6516
5745,9489
8830,2171
1976,3358
1089,7416
9599,2439
8614,5719
6469,9785
6166,841
9254,8319
5728,6100
8860,5092
4914,9994
8337,5267
2628,1747
195,3853
5582,90
4353,3430
3417,4306
7058,3709
7923,8851
8245,4102
8364,3525
9666,4070
7037,9591
3887,5226
5369,9469
5519,389
3068,4964
7222,1140
960,6002
5559,5759
4942,7871
4430,3678
9201,5322
2745,5157
2166,3498
1521,9022
1376,2162
8806,1361
1720,6015
3257,8099
7313,7169
5667,6745
8585,2611
2146,4375
1804,6265
7093,761
3171,7446
3084,8332
5737,9911
6274,4170
3886,3904
5079,9345
8485,1024
2982,9087
6536,7715
1845,3821
5627,3284
7019,4484
3710,1645
3340,3392
8860,9677
6783,8063
3216,6708
1536,8342
8439,9166
5458,2017
4912,3993
9692,4597
7936,5829
3316,1748
1331,2808
7002,5067
8108,5563
4379,6331
9182,7604
5238,6339
2499,1984
3738,9270
1081,5117
2398,7886
7005,881
1451,5789
5887,1595
6276,6892
3637,8724
8950,9826
6268,8753
3434,6434
520,2328
7671,3186
7821,3421
1108,9619
614,8248
2155,6098
5811,5620
489,5290
6336,8470
1026,2307
5231,5128
7330,1131
9464,6865
2446,2511
1399,7475
2281,2007
8691,1489
3091,9788
8095,7067
5819,2566
3722,7511
3397,2550
9633,1070
2790,3580
803,9232
5708,2134
7493,9493
7435,358
6156,6817
3058,2271
8376,8466
924,652
1361,4409
6499,1533
1641,6355
5870,9822
9920,3267
2123,1878
1159,6830
5576,3337
3708,2867
8523,7290
4548,8005
6386,1633
3319,118
7525,3109
9524,881
7495,1942
2645,5524
7227,4953
7374,1769
2034,4337
1279,7759
6403,2598
9561,6810
6100,7077
2925,7715
3029,7188
2544,2461
572,592
8475,6438
3194,7157
2702,6326
3421,1689
7140,2359
1423,4629
4834,2800
5739,9009
6426,2208
5647,1051
6268,4052
6989,2276
8907,5349
3724,7447
8045,9377
2396,3943
3116,4372
7991,5892
8939,3458
1362,1625
5458,2100
2163,8357
8586,8669
8060,1652
100,3576
8885,4905
8707,4624
3304,6874
9818,5595
2262,584
2624,2468
8887,2282
5808,4292
9743,9557
1261,7756
9675,586
4291,4929
6395,7932
7512,6196
5978,4140
4322,5373
8968,9427
3330,659
1368,7883
5374,859
1397,7690
7596,3195
2000,7324
8633,8842
9781,3101
1962,8502
5660,5248
1498,9440
7707,6302
5987,5704
6776,8398
6520,4177
763,5773
7854,3985
7682,2475
5114,3576
271,226
8965,8362
8924,1347
4349,3722
6719,3966
805,116
7224,2366
8301,3879
2279,9392
4396,9486
9706,8462
1033,8314
9876,4748
5609,7022
6778,5949
6323,3910
135,8211
9936,8612
3263,5377
8638,584
2736,6399
8147,716
3460,9754
9326,5817
9843,6181
8969,3834
9446,3024
5003,9547
5350,5155
3706,8861
9971,3815
3549,2345
7760,8529
5263,1150
6220,4316
4016,5753
7340,306
4534,3120
9731,9574
706,6699
7699,5217
829,1743
3165,4872
5744,7864
8309,2342
3170,9555
8721,8171
8716,757
3760,5168
1417,1596
7719,6214
8025,9168
3510,8395
3205,7684
5578,9432
3196,4015
1627,7625
2588,5538
3862,8233
5085,7398
1877,2154
7495,4995
8761,5374
5667,4735
3306,6742
5055,4657
6581,7540
9291,7393
6036,2590
1073,286
9708,3202
5234,6459
7152,9248
8762,8407
3778,2889
4501,23
9738,9666
5052,4466
5183,8949
5176,6137
1634,1476
2599,3810
2522,7194
8827,5904
4809,1296
6143,5776
2398,4937
8310,6705
2164,1051
7244,9505
3144,778
5326,3745
4216,6035
3429,4452
2886,2018
2621,6089
8299,7600
948,6274
9913,9212
1085,1793
3145,4997
7060,3886
1331,2641
8509,4471
9084,7837
6485,6085
5354,9378
7866,4166
9346,1888
4118,4045
5282,8506
2486,9970
6347,2141
5642,8759
7014,7870
4709,3992
6472,4719
4611,6958
8496,526
9674,4496
1085,635
4682,5542
3820,6627
7486,1692
7934,9901
884,2960
6473,6689
4585,9192
9157,8768
9229,3090
6023,3236
3990,8378
5098,7765
5249,8225
3225,6548
3427,6560
1369,7400
5485,4618
7971,5458
2302,1814
1839,2847
5650,1281
4380,571
9928,3215
8685,396
5314,3434
7645,1954
7318,2281
179,2648
8449,1118
3584,2199
4586,4076
4885,7384
4900,4738
1042,9748
7838,3833
4490,8122
8325,8982
9378,2667
1849,9164
3143,8134
7276,9873
3919,1179
4439,6587
3639,4142
4327,6407
4860,1915
3444,2950
262,176
114,53
5950,9051
6945,9959
7441,576
8479,817
7260,5559
5006,5457
7959,9457
1855,8988
1774,6677
3549,9939
1418,235
8615,5649
8959,403
3317,788
9582,7587
2220,661
4843,9228
3980,2854
9161,9943
4614,1943
3249,2146
8699,2916
9697,1905
4576,1615
2145,674
718,5125
4192,3649
2486,8144
221,3109
6017,9
5811,1845
8165,4887
1324,9147
7763,1656
694,1971
5405,5259
6818,6431
3606,3528
6089,1419
6514,5965
8057,1047
1020,9334
3310,9879
1622,4055
8380,3651
3419,4953
6983,1355
8481,9583
7173,7051
6218,1171
4364,2391
4761,3122
134,307
3633,2225
8083,3490
3721,1451
8141,1081
5660,4824
4198,5310
6366,5643
621,1826
9656,9256
880,873
1412,3808
924,50
1556,234
8415,5543
4397,6192
8254,1811
1201,5379
3411,8010
5290,5980
8431,7978
9858,6177
397,796
4879,1007
7286,4807
4940,7210
2817,5601
9171,6207
1746,7043
5255,4305
8467,6648
7517,296
1185,2081
474,5011
5949,5176
5959,2325
7571,9119
5778,9715
9655,2741
8207,2297
3835,6196
6363,6340
8381,4298
4369,3871
733,8417
997,9005
8429,621
9885,2319
401,5554
4832,8771
933,3200
3590,538
3966,5308
5407,2340
9704,4092
5649,3722
3743,174
3849,8424
9418,757
4802,9365
7489,3649
9043,5984
1871,7243
8482,8569
2626,1690
4998,4825
3391,4372
8603,4031
6451,1765
1183,8887
7989,6501
3913,393
3207,1609
505,4572
8475,3496
6650,9365
6689,3912
2340,9056
4750,2869
7551,409
2681,4397
4241,4264
3376,4827
5448,6295
1383,573
3732,2417
7296,3332
1867,4248
6646,1257
7184,6851
1091,5575
3326,8626
2914,8936
7710,8752
3055,2143
1288,4132
2634,3935
5989,8420
9690,6166
6051,5750
3246,1002
3843,8564
6415,4655
2028,8924
9553,9761
2258,321
5736,9908
849,7457
5319,6182
7699,6324
36,1662
5681,4446
8264,7459
1222,1953
546,6331
1759,8530
7083,5743
7903,1062
3860,503
5631,3608
2139,5671
7491,810
8621,8373
9815,8166
8693,8726
5880,3600
3779,9173
6175,3274
4535,5567
8280,4355
7308,4094
3489,1277
931,431
9326,5785
276,2354
6329,2178
9385,4142
2774,5666
2774,862
8485,1237
9072,4636
7281,2968
1646,6488
4485,6509
5549,7606
7982,62
6797,1969
8620,6348
9129,5568
8034,1379
8500,1107
3948,7675
1886,2489
7904,382
9159,4610
4222,2497
1962,4124
1313,3345
6010,7932
2999,4315
5515,8395
1981,9687
5047,875
7028,7026
9153,1716
2288,9479
8646,3279
3918,8426
399,9006
9445,1841
3811,2534
3350,9886
666,890
782,1677
8620,6149
1978,3159
6791,5475
7369,5265
7744,4957
4685,7028
5808,8736
1275,4089
8976,4649
7827,6785
5776,9567
7465,958
9856,6300
1121,8514
8962,2185
8922,7730
6246,742
4337,3030
8933,1539
9110,2160
7514,8301
6523,5430
9882,3960
4633,5150
6372,6581
8701,5877
2468,3041
9248,187
945,3947
6580,6255
6598,2127
1450,4403
3214,627
2416,972
5880,2669
4951,2152
3434,7215
387,4939
4034,9808
8140,3144
4488,9800
8370,8025
6607,8008
861,7708
9578,5876
5650,9402
6571,1966
9473,388
4263,976
7611,9932
4853,950
2882,2365
9157,6150
3896,7480
1389,3868
937,477
2319,8262
4005,4002
7654,7464
3125,6483
3199,1757
4527,7094
1429,9020
1061,249
9700,5763
5767,2859
2559,5714
5529,9027
541,1094
2527,5825
3246,5840
7972,4960
7740,5761
4042,1140
3677,1189
5436,6357
6116,6618
480,4856
423,5259
5432,6711
3723,4893
1783,6700
2299,6197
8864,2351
5560,2947
3178,5241
6666,4112
3969,7237
533,7232
8822,5906
8439,4211
1158,9127
1901,7022
8360,4212
3109,9152
4047,2384
6783,2356
7151,836
5549,6611
685,2852
9113,3778
3551,4837
8469,7439
5331,7616
4141,7364
7772,9937
9289,7526
3702,3132
7966,3741
8171,6813
8261,3519
7838,1690
9235,3547
3188,7991
9847,3567
5154,1366
4707,7655
1602,8921
7346,2611
6399,5077
4903,7571
2256,4181
5094,5857
6882,3528
4268,7211
3757,2888
4632,7580
3352,1400
5517,9015
5305,6057
4944,4031
8069,3209
9292,1653
1621,2648
1445,2622
4457,9208
7449,1088
9558,7313
7810,6730
412,1951
8777,9358
1731,4201
8932,2187
6675,5966
5952,8331
4866,5101
6058,5621
6295,8049
5639,8608
4174,4855
5827,6374
1797,7150
6614,3712
643,4154
4787,5635
2520,229
4250,3863
9632,3091
1997,9376
9089,4992
3552,7675
3843,9752
9049,8391
6175,9074
8135,6525
8880,4362
8223,3341
8423,8874
9042,2806
9994,6596
9418,7106
7708,654
947,9980
7032,5083
8518,8623
9575,82
5745,4716
6113,6893
3650,711
4336,4480
6946,2431
9295,3460
2783,5304
5458,3823
7921,4519
176,7106
5246,1881
5130,9359
3352,9248
5055,532
1332,9307
808,6665
279,7329
7087,3201
6713,5818
2749,16
1803,6410
1584,2042
5764,4811
3659,5076
7143,214
1991,281
5568,3629
1320,2731
5550,472
602,2292
203,1770
362,7767
9573,7727
6337,5288
6353,1524
7275,8309
1718,8451
3398,9040
3812,8810
6278,3786
8728,2055
9493,2509
7575,9874
8120,8693
4247,2071
748,4301
3277,8910
9743,6418
3841,425
3964,5094
6927,7753
3150,8435
1366,5342
1141,9913
4995,5625
807,3990
6968,1455
6941,8609
7269,716
4830,8195
4104,9857
9274,1859
5873,7453
524,4717
9950,7507
898,718
8550,4669
1129,1326
7985,4029
146,6858
4308,6844
3057,5933
7595,5729
4132,6714
9038,5407
1104,7225
3414,4203
3238,683
41,7049
2901,1276
4464,6658
2954,3317
2042,6740
2466,826
7770,5974
528,3302
8300,7142
6601,2321
3669,9378
156,9180
1431,2127
6752,5257
9379,5209
8982,6953
6873,6215
4990,4643
3371,4858
6917,9438
8417,3746
6427,7068
9957,5261
5955,7475
1454,93
7251,8648
3786,4645
7291,6202
4868,6560
5955,5993
4693,5501
5469,8849
4310,6107
8074,8615
8692,2957
1465,2254
9196,2315
3817,6310
4054,2165
799,2962
3455,4484
2899,8325
7006,9278
5205,5593
4616,7317
9325,7483
3582,8334
704,3542
8372,1257
1774,6234
13,4034
1752,4457
3986,3458
336,8510
2993,5074
2905,1994
9154,2974
5693,8108
101,4514
2460,668
1111,4628
7538,1589
5636,7773
9138,269
3670,8021
5166,9458
6427,5450
8009,1938
5348,6045
5939,9719
7546,5161
6627,6653
5772,6800
9444,2930
7875,3092
2934,649
1206,1407
8357,1066
2745,9728
8375,5209
7344,931
526,82
8930,6459
9693,78
1753,9102
5928,6549
1253,5757
1492,4576
2800,2815
9629,201
5804,1833
8710,7282
5561,8540
8875,8814
1939,4122
9827,688
6743,4054
9377,8222
7814,9512
1642,2577
531,5466
7905,5596
6614,2595
989,3527
7379,8333
8364,4343
3044,3556
3169,7755
5331,6061
200,8277
4036,2496
6651,643
9711,6612
2109,4762
4987,8054
7795,5598
5382,6966
6947,1280
7201,7934
4420,3157
9544,8319
7509,2542
5872,7081
9737,1945
5944,5847
6416,6948
1026,9333
4818,7721
5787,3600
2596,9594
342,8024
4076,938
1063,8244
5697,6758
1978,1906
7932,238
1188,8617
4171,9108
5266,6573
9076,5008
1806,3038
8823,8317
8320,8126
8764,3924
9200,7021
8155,1939
5881,6659
6154,1673
2617,7529
785,8785
6486,2212
6713,136
3131,7871
3139,3628
7503,2611
2742,6196
9158,4374
4320,3286
3841,94
3693,9241
65,5776
2869,6455
249,1482
7296,2238
977,2521
645,116
7991,3863
3680,7157
4832,9956
1969,1371
7132,3552
2577,4776
7991,2435
5552,9074
9291,5881
8938,3835
6307,8861
3288,3324
1835,5649
5570,302
3923,6743
482,5045
3858,5392
8500,7626
9639,1582
169,3027
1195,1319
2939,6769
3042,8681
603,4885
4721,3556
7030,911
4857,9113
1270,5877
4161,6189
9380,109
7058,4665
524,1527
5771,9698
3929,6298
2677,4864
1039,7514
305,1949
535,4194
2910,2523
1621,611
7863,402
6533,5033
2632,1078
2852,2198
9856,9537
3291,2206
9330,2818
5878,4559
6231,2177
5187,906
494,6013
1254,3298
7315,6228
5209,2432
2845,831
2305,3921
8656,9384
4236,8285
3955,1321
7782,7924
3261,4434
3002,2070
8441,1445
2518,1679
3608,4562
5831,1118
9829,9002
2163,3601
2019,9427
7398,4687
6467,759
4196,5105
8530,4681
2990,6478
3423,8261
5199,305
1610,4947
1558,6745
5384,1208
8382,3373
9475,8616
4776,4554
8143,748
4362,4714
9815,8411
3953,8082
357,9497
2642,5721
3936,137
543,3328
4960,5392
8101,7123
1213,3560
7537,506
7125,5949
9795,60
6381,136
4410,1809
5967,453
8447,5489
5313,5283
6862,4286
1206,5447
5343,396
174,4077
9683,777
1977,6733
7594,3084
6792,8854
2465,8414
9220,2281
9352,2223
6952,4693
8914,423
6425,4938
934,1707
1927,1916
338,4343
315,5382
5167,8782
9344,8792
3839,235
4542,2959
8643,3090
9345,3376
1273,2665
8456,6176
9939,7133
6970,9907
6371,2322
3875,4479
4466,9850
1819,1020
6336,3569
4296,3978
821,3507
6010,175
2102,7146
356,2476
8435,3800
5531,2331
7390,8590
5446,1783
6694,1399
4485,4183
6625,6548
6191,7464
488,8468
6291,4454
1148,2543
5008,2967
3686,6383
3216,6357
9836,3772
1919,5862
5168,3827
4505,5290
2642,5218
4401,4544
5110,1074
1967,9956
8336,5601
5105,25
7148,1644
1122,9951
9482,2501
1111,7265
8038,9671
4454,6622
2230,2579
1026,1746
5932,6005
7233,9665
4619,1960
286,2079
9655,2051
4362,1775
9893,9647
4782,3542
8721,53
6939,4154
4207,6137
8850,5996
1897,7485
7872,1215
8967,8675
2289,4981
2316,7220
6070,1541
8717,9734
7617,1946
9596,4476
1260,6059
595,5264
6681,7250
1213,6022
6308,7708
750,3613
4453,5212
4914,7671
9954,3052
899,6626
5745,1777
3092,7730
4811,4873
8714,1981
6636,2692
8059,9235
8487,8396
1918,4904
775,4003
3938,6976
5840,1128
4587,2102
8467,9157
6886,8408
5088,9511
5134,7122
2134,5387
6759,6165
8326,7922
1912,6356
7494,1792
5446,3851
8401,8999
6347,4413
4939,2203
9173,2088
5971,1906
7850,4311
897,4858
9658,3396
1086,8966
237,8039
7267,5911
2683,2128
9818,5347
1850,1837
6385,5124
9874,8696
3261,5567
877,4897
2458,3600
3322,8131
2112,3343
9024,4997
1794,9985
5183,7311
4113,9021
9027,6295
1773,5240
3154,1895
1195,7536
308,3805
6049,3186
8195,9919
942,7145
8088,8200
7704,6180
5892,9460
9821,834
1760,9172
4539,2140
4156,654
507,8671
3252,4084
1815,2484
1345,2543
4029,9246
411,8071
9995,6160
6860,8082
1850,2552
7296,7544
872,1292
7545,1806
7693,9071
5838,7479
3631,8720
7139,1347
8961,3120
3156,4978
598,5470
9116,1866
6195,4528
770,3937
3907,5840
3378,6231
5460,9937
5978,2706
7246,1276
2171,1960
5220,347
4671,6787
8819,4561
986,2900
3111,6981
9864,8055
2605,1785
6374,4974
2755,5563
861,6076
4300,7223
8425,1905
7248,775
5049,4973
8223,3080
7102,2195
8374,2826
2934,3483
5626,147
2098,2964
9202,8369
8883,7412
8753,5899
164,3021
4400,4130
9201,5455
3547,2377
4085,1284
8770,5934
641,1083
1455,4276
1128,2356
1911,8974
7223,2933
1145,314
6866,4935
1332,4088
7498,5008
5094,3110
5306,4973
14,8746
2753,5548
3907,2202
9098,932
9069,6315
6086,1537
1809,6820
3212,9520
3995,446
3190,4211
3652,8106
2717,2529
4482,9359
8687,9949
8783,1343
5708,1505
8817,917
1841,4760
8872,1422
6587,4373
3831,7185
4173,7907
4154,6859
8205,2473
8486,5691
3816,7481
190,1831
8790,4694
3361,7690
4344,3808
6784,9898
7230,1934
4605,4234
885,7798
3520,9577
5149,6267
6675,8980
425,852
2493,527
5968,2021
4012,7803
7936,7597
1499,3621
3842,4571
4435,827
1368,7677
9950,8620
4867,9638
1462,2570
1938,1483
284,7134
6068,1419
7381,2745
9358,7145
4447,1187
1129,5159
2593,5906
2482,1152
8688,2135
5525,5826
6622,2376
3540,87
6188,2262
3248,7807
9809,7612
9323,331
7523,7475
3892,9624
8609,2035
6353,1045
5859,8074
1659,9667
457,1362
6867,3417
6305,1235
7715,465
7732,7973
3439,6419
2656,7167
3337,4619
5680,5361
4628,5753
6070,8714
6785,3462
363,1223
8853,4686
7918,9225
5388,8926
4760,2946
2022,6954
6209,6571
4751,6715
7819,9941
141,8356
6219,3946
4210,5920
7640,2911
9841,1386
1420,2217
238,1929
8487,1208
478,1861
3459,260
862,5258
8035,1411
6047,9176
3252,8965
7374,2852
165,6748
5202,5775
1875,6123
9279,5569
8685,8793
23,1906
9303,1762
5968,5253
5497,8827
2577,8129
4151,4752
9670,2685
300,331
994,4295
9183,6515
7332,2177
7288,591
6179,9496
8620,9381
5699,1522
7667,5348
7769,2692
9595,2362
2411,3662
6262,5427
4224,6196
1198,1391
5815,3609
7960,798
4244,5146
5526,2810
981,5556
8231,9649
1267,6595
7865,5822
6467,6760
3007,211
5324,2037
109,7717
3107,2873
8720,4676
5073,3843
3403,3558
4919,2212
9547,9679
328,6710
3740,7390
6148,1603
869,7783
9462,99
6479,8824
2995,1477
5795,2395
5906,425
1280,1911
3035,696
2284,6707
296,3617
5106,2168
9400,7185
1770,9986
1810,3022
9894,3123
2455,768
4568,532
7504,8541
6961,7513
247,1887
8964,8559
3377,6131
8985,4340
1080,9553
3982,3379
8375,9523
3240,9035
3487,8469
8887,1148
487,503
9319,557
432,8833
675,9500
3158,9076
5892,3587
2482,4873
1255,4691
5836,1544
6492,7936
318,9159
6746,4473
3700,3725
9793,4450
9744,6162
7799,1264
6954,8197
2132,2704
8564,6201
4185,4932
683,6685
3163,459
4265,1959
4414,2572
2968,5676
6300,7919
8209,1470
8277,4872
242,1187
8800,6096
1774,478
8223,7634
4015,3484
6032,7743
7366,6588
9600,9375
9123,2476
3947,3941
4784,893
3566,701
6375,226
3822,5604
3669,6746
9217,1860
2742,552
1449,9611
2911,3179
7761,7383
6570,7535
8080,400
7740,2335
8075,7650
6307,5364
8871,7941
9195,7615
7980,6363
8256,8191
133,4629
1213,6336
7443,2466
9795,2144
7601,4933
3909,4527
7475,7170
5472,2595
1992,3814
6360,996
3102,6144
1198,4618
8564,8879
7053,8418
5002,1337
5764,6023
2789,7636
9406,3059
8960,5509
1869,4097
828,8772
1093,9821
8695,5832
7860,7115
9946,3860
1695,9505
9501,301
7368,2130
6533,5239
1292,7080
3454,1323
6424,2797
9491,3623
844,70
1130,4514
6632,1821
9869,1226
803,8873
4931,9756
4042,9068
7901,3023
9765,8665
2700,9422
2117,7440
7359,4896
5226,8551
9370,9142
177,8470
7923,208
2795,9087
9942,4508
9080,6553
9961,4748
7122,4008
6777,2003
8279,7242
5539,9419
2414,624
2143,8022
3066,5191
8502,9344
7404,4898
7556,701
3410,1030
8440,7508
3966,3569
4073,6039
7346,1016
7875,7262
5655,1116
6511,6991
8813,4232
7968,9021
1677,3978
7818,7210
7690,7099
4845,1225
3541,8749
9007,149
9504,720
231,8823
986,2081
6629,1192
5065,7551
7776,452
8134,8299
2040,7047
3570,8363
4633,9383
6535,3739
3617,6141
5737,9186
2264,529
891,2524
4270,3329
2430,4233
5731,8205
4659,4849
8288,1410
9298,1730
2547,5730
2947,2024
5943,7212
8746,8247
5506,4814
4128,7992
7464,5379
6476,2446
1228,4090
6864,7987
1735,8533
4032,1380
6753,4154
9581,3206
6220,7322
6079,8436
5937,907
1906,7350
3058,1109
4007,9791
4494,2917
3228,6579
9091,5873
3286,8099
1181,6585
7513,5239
7261,5558
714,8087
8869,6418
3532,7637
8063,8611
1526,9658
3821,3605
5766,7436
7612,7763
7887,6920
7426,6354
4062,2962
5654,3354
6731,8855
3198,3762
7434,9195
3331,3943
6640,4563
9266,7977
5635,7889
3564,5762
9499,1224
7228,9827
7749,3451
3496,9356
1542,5558
5361,5032
9451,6344
1221,8355
5103,2860
9780,8105
9527,3747
3199,4925
5271,1695
156,3906
8887,4398
5734,7385
5888,7601
7186,9528
5809,9320
5852,4659
8110,6732
7072,7978
1351,4953
4100,4479
8727,3926
4674,8754
8067,707
6308,1627
3074,5309
6600,9891
5100,2592
7923,3071
3931,1994
7682,5209
9262,5800
8619,2445
4221,367
4146,1182
7894,3369
2759,2163
7270,5131
9021,6305
6099,3727
3302,3909
6854,9474
6233,6670
9622,4043
2150,3573
3439,8967
3152,6811
9698,4094
6921,3165
6150,3475
6076,4166
3948,7357
275,3521
816,9629
6584,9290
5323,4171
9609,9696
6901,8753
5172,1432
5768,5092
658,4769
5648,9787
8673,7744
6111,4221
3658,1672
3405,6459
5393,775
5820,2743
3850,2688
7593,3088
3416,9184
3823,2907
9424,5423
1189,8416
4061,1622
3624,3134
4269,8951
5507,1115
1977,9933
810,2795
8226,8209
6279,44
4422,3158
6779,7213
5569,3457
4518,6985
9440,4265
4530,4180
7457,2023
4314,7376
4887,4618
9368,4028
9226,7994
8763,9114
6283,9174
7655,6620
4852,7612
9879,6794
3150,3605
2125,6146
9164,8907
4394,5276
7173,9415
7065,7033
2831,1099
9366,3560
519,777
2621,4468
9213,7518
2844,9742
1307,4783
8362,4754
6710,8670
2001,5960
6830,4185
6966,3258
6128,2911
7818,7341
3178,3711
6537,7998
8990,8272
3615,8346
8784,4231
794,7353
9386,6696
8891,681
1567,1580
4790,1811
3291,7098
2073,6443
105,7878
8010,7993
8783,8099
7960,9023
3140,7734
7603,2279
1170,5896
9000,1675
4679,6104
2277,4704
9221,1627
3931,9583
24,3328
1056,8769
9911,4213
420,2391
4644,5615
6300,3123
4591,1114
4778,2519
8727,5822
1854,4312
6223,8490
1845,8942
4415,8191
5680,2763
5617,3419
7856,2069
9036,1217
4460,1506
4127,3682
6709,1247
7635,8474
4913,9101
9042,4441
2915,8009
8070,9948
7740,3174
953,8215
91,1256
8412,2
6160,2880
9284,5501
7838,6031
8527,9329
3406,4953
4277,8565
1296,2680
4041,7658
9229,506
6397,6355
6200,6024
8853,7588
2883,2899
9157,5094
3389,4781
5097,3505
4209,3621
4714,6641
4164,9622
2378,1322
1294,5491
3306,6438
6762,7746
9715,1949
3349,1085
5148,4265
2441,4858
6229,357
1765,5384
8959,4384
4953,4808
8606,1748
284,9670
8823,6718
4528,2130
3907,8553
6286,9119
9590,7308
3387,5032
8921,4188
7004,8986
8227,559
3318,2
5286,9791
1918,4691
8422,2598
8671,9267
4004,7804
1850,3732
9449,2395
1927,1034
302,939
441,7518
424,9007
6384,2766
33,1578
2152,4094
593,1215
8495,5791
4156,4917
6916,1946
7684,4899
4027,9562
9567,6237
8445,7123
8308,2251
8684,2307
8719,9155
5299,2979
7156,5298
6924,7849
720,9740
3660,3582
5771,6461
4249,3223
2985,7819
1451,6354
7808,7467
4144,31
5075,6492
7834,5544
9469,6339
595,9919
6938,580
2641,8594
8223,7210
6052,7133
5706,3620
5579,941
8452,8445
3639,7644
6338,5269
5832,622
9867,3025
8723,8631
2004,6603
7589,2279
8599,5975
9505,1875
9778,2676
9205,144
6300,187
8411,7054
978,6712
2555,7424
2944,98
1358,3604
6763,4552
6429,803
8906,8345
9719,5094
1669,9792
3538,8802
9718,5179
3049,210
3389,2998
4676,5504
7471,6521
3318,6400
2270,2427
1583,3561
5443,1024
6657,6593
4440,486
7471,6068
5538,7129
5025,3008
2204,6958
3125,4496
8447,6530
5408,818
6653,7807
6386,6791
5997,6775
7576,2535
5040,5808
9722,6239
4658,2365
3604,8920
2028,6421
6003,501
407,8067
9525,4505
3483,7593
3746,1058
3701,6913
9690,6422
2230,4481
6340,9896
1224,5546
102,6167
8861,8221
3106,6788
5440,9755
4829,1661
188,1832
7243,363
6043,171
8742,756
9942,1061
5182,3326
5884,9435
2266,65
7422,3473
8604,4056
9975,3509
9235,4036
9656,614
7306,1804
2529,7023
4478,740
1948,5779
6764,8777
900,1526
1625,359
4051,2646
6059,3847
7176,7941
6036,5657
3847,1364
2544,6106
8363,3805
1860,273
6215,9757
5350,4171
10,4204
3723,3553
8560,9675
6715,1300
5237,1528
7809,6485
7796,913
8062,3858
8318,6883
2814,1600
4119,7101
2082,3010
170,8358
1564,3796
1036,3880
1690,5862
2766,8311
8185,3368
3388,3202
5210,1743
1890,9381
5778,3553
2814,1720
9580,8962
9249,5544
5705,4188
1920,1104
3384,1652
7095,2180
4016,1663
5452,9641
7465,8241
8113,2884
2491,7101
9987,5902
2479,6990
784,6080
9154,7264
8661,3425
9799,5676
4485,3033
491,3263
22,3905
5860,7974
1222,8426
8803,6583
1787,3782
8889,9551
4023,2054
2166,8036
8218,2721
3820,1126
8194,4414
4818,3335
5261,3327
4261,5507
3295,3162
5240,9406
8879,1429
6188,6889
2075,1564
7418,513
1548,9762
4349,3556
7525,3522
1838,1920
3605,3601
8503,8682
7180,6099
9176,4872
6889,3542
1544,9900
9074,6446
1619,1629
5981,9678
3762,6147
3051,352
2297,511
6197,7441
4505,4549
3342,2268
9702,839
4728,3249
755,6127
4530,5170
7064,5880
8703,6234
8710,5289
7170,4698
3505,2816
3093,5122
8348,8263
7977,9736
3891,1510
3944,1144
8401,3381
5414,6952
8434,3979
3990,8598
3171,3544
7929,3920
678,3403
8449,976
5297,9153
2851,1794
7413,4043
9531,4611
7277,858
7994,9049
2317,7002
890,889
9049,9864
7714,3273
3303,9825
4404,1042
6813,777
2340,5089
340,4725
4244,8890
5007,7109
8666,5273
100,3809
1683,3703
1192,5199
5728,8182
3514,5567
1838,2954
7605,6323
9829,5555
8361,7133
2582,2714
8996,2951
391,2952
4217,5226
5771,6910
6066,5483
2762,4116
7986,7912
6688,3442
291,5723
7089,4516
8094,6264
3690,3469
1610,9273
1843,9884
5499,3684
9632,243
5195,9509
5495,8906
7159,8461
8844,1647
2800,7623
3895,55
2930,2595
471,2150
3697,1537
7776,2551
4702,9867
6624,8776
6410,9423
1152,8037
5106,9224
838,9840
1352,744
726,410
2274,2308
2441,5265
4123,1212
2934,1413
2536,6325
4652,8264
150,3365
8098,9570
7006,7194
8805,8686
9706,6280
6001,7701
2289,2541
1483,6229
9342,7155
8811,5373
7855,4753
3703,5304
7833,8398
1866,6835
6681,4035
5795,7229
5477,5180
5338,5898
7905,1403
7117,1092
9278,2024
4473,6046
4829,3673
6996,5606
1905,8746
5031,9079
674,2922
2569,5816
6285,6914
247,725
584,8226
6367,504
3268,1401
9020,5779
6428,7376
9404,7724
186,2564
1148,6069
6569,8479
7349,1623
3573,8226
9360,5484
3822,4449
4501,5974
4219,6715
6449,3038
7626,8756
9926,4860
8678,7712
1836,3664
8322,607
5701,4780
6098,688
3806,4414
7130,5523
3890,5277
5517,6846
4345,5647
2679,3979
4605,9988
4454,8557
4461,6195
6819,8686
2346,1087
8959,6630
3470,310
9208,9402
9085,1174
9147,7342
1316,9244
707,2616
6910,8763
7343,4147
4918,3365
7186,7420
5254,6392
3844,8093
1022,6472
9334,1508
2944,3925
899,3983
7383,8745
9666,7654
5384,3424
7559,2180
5345,9604
1193,4852
5647,3364
1854,3988
315,6049
483,5912
7940,2149
4264,8254
7368,6976
4024,1722
2459,5056
4982,8254
7787,7340
5586,4455
9930,6269
9115,4118
8666,7530
9087,1225
6183,238
4062,710
5213,7272
9389,259
5787,6255
3174,6213
4015,5104
7532,3156
6337,9094
9036,5431
1340,996
5055,1569
2230,993
5084,9271
801,833
8378,9228
970,1580
467,9132
1087,1038
3829,9537
9486,9930
850,3221
2040,8875
695,2389
4996,857
5081,4830
928,1188
3195,1399
6738,7601
2684,9979
2284,1214
1566,9921
4366,4003
5281,1722
8678,7718
6334,1238
8354,8059
2720,9971
9974,7751
7644,5459
217,111
3905,552
1322,4130
5306,3759
5184,4559
5329,9191
2478,4932
6542,8012
5318,2981
6924,5957
7028,2533
5085,9110
2107,7348
4724,8354
157,2326
384,2368
2164,4075
9064,8377
7054,7792
3505,8540
2309,7121
3277,4174
2364,7993
1486,4433
2421,9512
6872,1808
3631,3935
2437,9828
5997,2907
3778,7926
8690,268
6886,1234
8872,5505
6850,6404
7585,7986
8004,2593
4916,5914
8294,3013
9257,1054
803,9332
8704,9854
4314,111
6554,8184
4283,1014
4779,8835
1262,8772
9432,7614
9251,2939
971,3957
275,2205
1845,6013
4598,6292
3507,7630
4254,7470
2585,618
17,9321
1738,2765
3156,2007
5914,6531
6658,7134
3691,880
4316,4479
4435,7120
2682,6368
5215,2748
7136,4536
7505,5365
4907,1463
8996,2465
9051,5120
9968,7359
7931,5268
6057,6168
9307,2091
3682,6836
6015,5937
6495,4054
1104,8812
3704,9270
7232,8741
5017,8969
9387,9674
1366,6350
7545,2655
4716,2711
5151,2429
9763,8850
581,5976
1839,2387
4899,2512
6486,6721
6613,2644
412,7722
6590,8845
8809,3043
2120,6399
5325,8383
1193,3383
4490,3419
1905,6128
8095,3508
5920,8873
2965,2134
6101,9835
3201,8099
80,7257
3914,2220
1705,3849
5541,4702
6874,6393
6652,8524
8359,6223
846,5140
2750,1026
208,1361
9241,415
6672,6637
4369,7416
3466,689
3132,7759
867,5674
7159,9147
3587,2569
3599,2837
6576,7976
1208,6706
2613,2788
7601,2108
9441,6363
3727,6959
6988,5955
1893,7309
5685,9173
9429,1551
3078,6772
8401,4105
3625,4654
3258,4185
8084,3886
5626,828
8879,331
9052,1948
4662,5872
2809,9225
7098,3449
4366,6659
4066,9847
616,9841
7152,7888
9122,7762
6670,5334
1349,5230
9574,1906
8974,8871
8513,3693
6766,4353
1575,4443
6571,2763
5109,7316
6227,1578
4557,2704
8784,833
3815,2062
2903,5262
8774,5810
5019,8195
8549,6953
9007,5072
3455,1914
7304,1914
3710,9882
8992,6682
7708,9548
8167,2852
3301,3603
5396,4658
7150,9989
6058,1325
6878,8159
4805,1368
1626,4527
8068,9705
1663,6114
2384,9460
1880,3866
2218,4437
6896,1211
916,7130
7633,306
4757,9755
1371,2658
7408,2199
880,5645
3502,7244
6748,4828
9159,5138
3074,5003
5712,2021
5217,6500
1215,8126
2885,2646
3994,5533
8906,5058
509,3604
5964,9553
2490,6883
6474,997
6746,4507
1848,1531
1266,8289
3459,2554
961,3762
5776,4139
373,8909
8878,804
3998,7330
7978,1091
2170,1717
768,9555
9663,4798
6335,8654
88,7296
4182,640
4887,2659
842,4835
2888,5601
1321,7196
8326,7034
4617,3489
7462,3733
5274,9446
3553,4915
8378,4259
6336,1729
6375,8259
2288,2906
5951,5516
4756,8470
5667,3270
5370,6036
458,217
7046,7103
8466,9623
8714,8624
673,6435
167,8943
5561,29
7069,2071
3882,5100
3598,8886
7202,2022
9649,3293
9839,9135
4947,6362
8741,3211
4279,9488
2795,610
5390,8480
8544,5215
6146,5878
395,2100
8236,8226
8688,7598
7878,2241
7678,6593
7402,7015
6437,8816
7625,9147
5829,987
743,3040
4577,4949
1604,1020
6979,4592
8742,4183
5321,6823
9217,5793
1709,6776
9193,7023
5490,6573
8207,2148
5546,7174
7750,9225
4900,4404
2825,1321
1939,9300
7462,907
9098,406
8002,6396
1844,5001
7616,4888
5632,1253
6461,1413
5449,4804
1538,7612
2019,8893
3660,2677
4785,3455
7240,511
6500,5559
7928,7753
2606,4638
8754,5087
1941,642
2456,9668
5619,8831
7458,5112
8889,7434
7911,4262
1012,2490
4971,7965
408,7491
6786,2809
8344,7168
6611,1181
9128,5885
3303,5247
6506,9438
6449,9569
6436,1087
4504,759
5363,8248
3615,4442
4137,9885
7669,2744
8977,1360
2728,2453
1668,1379
6965,2466
7731,9534
3530,472
5908,537
6781,2721
9563,2375
21,5284
8925,2943
4534,9787
1642,184
202,4338
3523,2912
907,1166
3606,4569
1629,5400
9675,1600
2088,1253
310,5948
4419,6643
2013,5440
652,4098
1316,5740
3620,2764
5572,8134
5015,1138
8362,5281
3177,4213
2507,9287
9980,8254
421,1705
8958,2011
1681,2447
3856,9494
789,1053
5857,659
2646,4453
1400,6197
4714,483
6369,5790
7435,7722
5310,2530
3256,4488
8239,4711
3782,6024
3229,8171
4483,1220
7055,6609
4475,6116
2160,3657
9795,5895
6456,6475
2947,93
326,5456
4673,6960
5759,4333
4120,4669
2848,173
8120,7698
9296,6618
1446,8133
7345,4680
6580,1374
7317,5550
8012,7346
3900,2066
5829,7214
6300,5855
4600,2204
4058,7877
7357,4165
1492,2830
3790,4803
1521,1625
637,34
9056,1700
785,2322
1613,3226
3756,2331
4738,151
9288,9614
74,404
6879,6116
3328,6964
6122,6662
1495,6746
6465,4807
3347,6932
7169,8354
6436,2040
1372,8427
2883,793
5595,9621
1124,7094
5870,2304
1051,3471
4499,5772
2700,6821
5541,782
4586,1133
6204,5550
2529,3697
3762,619
448,180
7094,8732
4957,1759
5050,1251
3836,6652
166,1456
923,542
6495,3904
6388,4283
626,2255
3670,2104
6506,3009
7933,6239
866,2777
1181,2959
1205,7972
3614,3616
9216,261
8689,5410
8888,8238
3809,6769
9768,6551
4661,1559
1731,4542
1426,5838
3416,9372
8029,5808
2020,7840
5101,2717
9761,3178
7935,5304
2843,2102
51,9919
4739,5730
9044,7877
6989,9806
309,941
6596,4928
9591,1461
2414,688
5479,9117
6682,2455
9988,3938
7125,8111
622,6188
7483,1398
7434,3408
4555,1509
8290,6818
5124,6535
7273,843
6363,2217
8396,1507
3407,1773
6068,6940
6947,2522
2121,3579
5162,163
4320,4339
8162,1010
7508,2719
6615,7089
4307,1387
6375,2725
2895,1392
710,3592
5509,7146
7128,2001
4746,1992
3563,5714
9745,5312
7528,9742
4522,2396
1534,1637
1428,5397
238,1437
1635,4346
8470,830
4477,7629
9013,3627
1182,7290
5773,1784
9435,6517
6230,1756
1331,3007
1342,5076
9218,6676
8879,3185
4671,1541
3337,5392
7797,5293
7135,3732
3695,9122
2062,9890
6365,3561
3783,2393
6867,134
8445,2348
8320,4671
5338,2509
1228,8316
2428,8663
5418,9406
3901,4888
6781,1593
272,7193
2823,6319
7223,7500
4444,3994
642,3889
3110,3957
6849,4197
3154,311
6251,7975
6807,7438
375,5560
4983,4516
2775,3583
109,8768
1013,2198
1990,4220
8022,2244
6429,7039
6539,4504
1167,1398
6582,5711
8205,2227
5945,9890
5455,7714
5434,9503
293,3636
7106,1841
4521,58
8613,2879
4368,8064
9357,7503
9840,4211
6783,4597
4956,3984
8815,7772
954,9627
62,4207
6741,3609
4913,8772
7070,2810
6030,7893
9357,2054
7424,3453
3142,1411
1161,4108
9687,7488
967,7543
9277,6994
4559,4527
1479,8616
646,6492
866,2316
5279,2965
9251,633
9102,5119
3683,3428
8843,9824
4260,7304
1682,4607
3874,450
7896,6649
7301,4437
1880,98
3731,6299
699,2183
5218,986
8341,6636
7483,7118
5052,871
9146,3784
8452,2567
9058,5043
4518,322
4718,590
2687,9210
4865,2635
4068,3612
8383,724
9268,1205
5717,7317
1366,144
2802,425
6256,9136
3337,9028
4585,9799
4767,9850
7783,5777
8479,2315
4642,4288
685,3820
8426,5156
1368,7235
7123,711
568,415
206,7986
7270,3633
2548,5903
6603,1307
331,2973
3681,4659
9291,1145
9494,4515
5850,2655
6222,9537
227,2621
312,1590
1862,8896
8281,3054
2185,7854
8053,9867
2827,943
3564,1429
9593,1368
2352,5698
5946,7701
4725,3054
5285,3267
930,71
5938,5879
5364,1384
1406,6158
6065,8144
1368,4019
4825,3246
9624,6886
9913,268
9104,9279
5178,2052
9690,4175
6534,6499
3680,6174
330,5561
3947,7751
9223,6298
4403,1068
8787,6357
5446,9623
860,8558
8212,9167
3421,4009
54,1907
4697,2501
9198,7446
7076,6435
5466,5079
2112,3954
2099,7643
6517,8601
4690,2009
1626,4704
5345,8034
3472,5803
5855,4460
4127,5027
3741,5369
9751,1411
7750,4936
5944,620
28,1080
829,7765
9645,4453
4035,5347
9381,5776
904,1969
1660,4351
9839,4172
1344,3278
6927,2110
877,7904
3275,1845
5385,6486
6093,9263
556,1451
1275,4244
925,8745
5307,5183
6360,1212
3075,5242
7386,5986
1609,6262
8783,2667
7241,3492
7619,7314
5013,595
6597,120
7942,6422
9770,2585
1361,9857
2813,9373
1461,6736
5396,5774
6145,324
686,8961
7682,3627
9160,9427
3082,4075
495,1953
7965,1770
9551,5012
4740,3389
5786,4743
5044,763
5477,9142
2537,4670
1116,6997
8603,5013
8918,5674
8275,7464
4963,232
8647,3530
7921,8329
4929,1268
9870,7207
2334,7492
5384,2646
1986,5953
1488,322
2008,9929
1966,5649
8343,5225
3101,1781
6049,7960
2951,9169
7925,6640
4155,388
4,4778
6794,2454
9424,7414
3394,1630
6720,7220
6882,8910
7009,9362
6220,7869
7,5538
3672,5455
529,8646
1765,658
1882,9051
7690,9863
635,9424
5291,4346
8157,2769
967,9472
4029,2660
5006,4685
5305,367
2464,7103
5702,1572
497,123
2532,731
4744,3122
2121,410
7399,9455
5226,7715
2805,8480
9561,3082
6886,7550
8199,9601
6812,3066
1530,9315
6663,2742
9898,777
9111,4926
6886,1628
4275,8001
3156,2056
9074,8560
3157,968
4119,5713
7878,3012
1498,9136
1555,6580
6912,4099
2086,9408
8156,4825
8829,7014
6415,4990
9786,9782
9580,989
5331,5677
2182,7683
7690,4572
6250,1371
7032,1461
361,5900
3218,4290
9854,539
4605,2130
9934,4798
5773,8752
6685,2927
2537,7201
3948,1129
5163,9850
6496,9746
3539,1340
8143,7716
939,7533
9284,1033
4453,7764
4914,8035
3281,6865
9508,3814
8331,7766
8195,9523
97,7574
433,3793
4033,5785
9042,6074
3297,3225
2714,4079
5593,7532
5553,409
3386,5166
2851,125
1410,9978
9621,1291
3927,8197
5474,5252
6785,7239
8227,9509
2373,5206
6412,2292
5931,2273
7491,5510
49,2103
2188,9018
4360,9937
5904,9462
4236,2498
4940,2316
8642,4842
8566,2888
8298,4753
4714,8393
8083,7270
8706,8553
9037,4228
3092,8555
3402,6270
4549,1280
2350,5687
7931,4998
3478,7344
257,6606
1685,2639
3731,824
4056,7240
5689,6557
8235,3835
7169,89
2565,7673
1125,483
3599,3044
7131,6058
9746,4099
3931,3853
9693,5007
7915,7655
1734,9981
1047,8950
9544,4631
6940,9751
3946,9097
9827,4527
4944,5013
1867,8728
4139,3300
2527,950
5500,762
2550,1845
343,2660
5290,5697
5634,3793
7920,5282
4123,4250
7558,7090
1097,1823
859,4939
1739,3840
1831,1202
9501,6789
4795,7258
5690,8842
7540,6439
5371,9978
7929,6128
4492,2598
1844,7952
4656,770
3278,3881
9771,8525
8082,405
2013,9868
3747,538
7311,1778
8169,8473
3413,3677
2679,4724
4964,8303
6936,1242
8349,7271
5912,384
6711,6940
1887,8957
9995,9767
6744,5170
9353,7098
5872,5828
1432,2528
9865,2263
4778,6577
1198,969
7277,4738
3921,1785
750,2600
7376,1650
6505,7959
3575,1176
4715,6219
4910,1613
4120,9474
547,8656
2905,7076
5299,7314
7517,768
5025,8247
8144,9012
4969,1990
8537,7256
9230,157
2364,2904
8495,7172
5809,4092
6857,9899
3468,5414
2678,6115
3691,6440
1043,310
9022,2495
2751,5269
368,3296
7375,8348
837,3565
3118,7491
4636,1859
4690,1444
371,7523
5770,2611
6665,9292
5859,6239
1326,7506
6682,708
4599,5005
4843,4251
4446,5024
3144,3967
6567,5795
1590,5644
3101,544
9713,8181
7978,9015
8288,4482
485,8046
6259,1765
1702,7897
6089,3079
3061,2370
7710,4980
8657,5877
4721,320
4092,5530
4003,2452
4723,8911
5467,3673
4220,1057
1111,7776
4520,9800
654,9371
7896,4685
2704,92
1707,2712
6798,3368
4165,2282
8278,8598
4956,4483
9815,8202
6060,8593
7859,1673
5498,9511
8162,6681
8006,7493
2659,2887
2281,1690
2894,1780
8414,6162
9684,6300
6125,589
2696,4660
9202,5599
7175,2464
2877,9725
7378,5550
2498,6938
8445,6978
2496,1518
3535,1151
9599,8624
3706,8383
7138,5792
4052,8527
2749,692
8132,4794
9808,8620
857,3985
6160,1508
5924,8947
4231,6966
5174,3711
5442,697
2627,6723
2216,970
2438,2095
7163,1157
5566,6011
6775,6528
1206,2498
8423,8788
963,554
8919,8041
6422,5665
132,8365
9121,86
4479,4257
3654,8288
7696,5648
5195,8127
6775,3469
6458,2525
1374,504
4277,4033
9083,8972
1879,6128
8594,1640
4357,3120
390,9688
6323,1354
2176,5935
3170,2971
3896,3747
3256,6359
4912,1702
2088,2891
5553,1148
9664,382
7100,702
2530,8355
8851,6889
9914,5165
4864,499
158,1247
7698,7164
3555,7615
6569,7565
3356,3094
3223,2545
654,4056
7302,6828
7423,2762
1496,4859
6396,3108
4634,8010
4633,9957
9714,3964
2036,4525
6871,7034
9331,1948
3967,4267
4891,7476
6883,732
6610,5837
4799,1597
9196,805
5382,3816
722,8513
8243,9518
8002,3461
3114,144
2543,4892
8044,55
8552,7253
3289,3760
2071,3162
2208,4712
4672,2238
7746,8463
857,2258
1829,380
6408,1108
1572,3549
8887,4276
4468,9145
6437,9188
1745,949
5735,8684
343,3615
9468,5575
3132,8266
8974,3390
9242,5174
4739,6431
843,75
6275,3034
1245,4066
8501,4855
421,3680
2018,4471
3647,4240
3163,421
371,7052
5797,601
9732,1704
3794,473
6707,4683
5084,364
9584,4282
7755,3853
7536,3731
9622,9400
1994,3923
70,7076
6571,9364
3973,3261
8473,6967
3270,9052
4325,7258
2158,5974
8793,7110
495,9694
5105,2599
1478,2344
6535,4921
170,7691
7494,4539
469,2241
7872,6419
5392,6094
1227,7630
9494,5787
8662,5970
9242,9470
393,7570
7125,2856
4202,8604
1943,9818
4636,6051
1615,9141
7826,8837
2358,9965
7714,3656
4965,7368
2132,3797
3959,297
953,9089
5112,36
8009,7236
893,8573
9765,8952
9230,2258
9467,880
5230,3937
855,8882
6859,1303
3062,7267
3809,7639
6470,7517
7049,1523
8394,3359
3966,1433
5098,705
400,7789
7670,8115
6001,7151
3979,8833
7773,6377
4062,6805
9639,5272
7542,1257
4191,8212
2886,343
4543,9117
3208,1599
5301,100
4277,8212
1930,3811
832,8611
5585,4442
5859,4673
1467,8647
2320,8176
2023,4865
4314,7598
5624,7345
557,9707
4846,4206
2775,8740
2534,6467
9706,6193
6429,3839
7818,3079
2016,5561
7760,90
6799,4126
3761,3283
703,2121
6809,6762
4319,4621
6081,7905
7235,9026
5008,7388
4204,3626
3965,8704
7336,7902
834,8599
8853,8058
7292,7933
7841,9329
9327,1147
7822,3838
9766,9886
4369,1657
9577,4978
9721,3987
135,8912
6060,4494
6354,8945
1789,3067
763,6606
6090,6113
2930,1670
9282,3543
1247,4923
4948,8670
7311,7705
1090,5566
8966,2660
2629,7131
5955,7469
4026,324
2993,5424
377,7129
1993,1805
6982,1606
5125,3233
5728,7808
8128,4433
1271,2826
4649,4883
2092,6708
9606,8872
8976,6481
9076,6026
2638,7092
7245,5998
4676,4967
435,1797
4988,7255
6904,9381
2138,943
8432,4911
1198,5327
3598,7181
3129,824
4283,7146
6844,4023
5542,61
3387,780
9061,9812
2145,39
9193,4169
173,3182
7296,6547
9803,5820
7891,7996
5069,2569
5120,8810
8951,4994
2146,3101
9563,5317
9468,2580
2729,7036
9909,7356
7400,5939
7692,5285
8322,6183
157,2307
4953,5149
76,2990
1927,989
8238,5718
9876,6745
1624,632
4689,4845
6911,1797
4561,6389
9998,869
5255,5621
2885,1735
3449,7913
8462,8115
8932,3018
7804,2303
8298,3034
7580,7610
6503,6892
5549,7624
658,5795
5420,123
2718,853
8232,170
6127,299
1413,4673
3945,2984
5708,9012
8148,1699
8079,1841
3453,3939
1593,3569
6022,695
7076,5403
7278,6367
6357,1206
6411,6378
7618,6136
6739,2525
5571,6943
3193,1372
3862,4251
6917,8536
6972,3399
7181,5301
2258,4626
8287,7287
5002,1790
3345,4089
1319,5780
639,3017
264,6322
6099,7971
4571,2355
3315,9832
1587,8329
6276,7371
9908,9097
2525,4665
75,9363
6822,2706
1451,1116
2751,7368
6098,410
4317,8899
9082,8027
207,94
7211,8946
3839,5730
3181,1616
4883,5740
8572,2747
179,190
5252,4621
7894,5695
3052,5356
1205,5807
8335,2977
6577,6844
1509,9511
5024,9802
5856,7314
8530,2226
1570,6746
3570,9690
6156,3602
6264,4653
5153,3849
1387,966
1914,4781
9107,9918
4146,7719
2301,9792
5361,4550
6296,2037
9687,2155
3453,6834
4286,4991
283,4906
9361,2109
2768,7280
2587,3023
1780,1053
7240,2728
334,5930
3385,6235
1114,5451
9779,4567
5779,2072
8534,8128
8554,7721
267,2442
2200,8926
2071,8356
3392,8712
1357,7007
9293,5816
6863,1034
6699,4065
180,4779
5538,1260
6965,8444
3757,9288
3778,6208
4169,2796
1250,3393
3241,363
23,9271
8662,8195
1488,7414
1779,5762
7544,6117
1054,6677
8299,3622
9283,9374
7737,215
4363,433
7811,9764
3873,9243
6051,1895
5781,5376
2600,1086
9098,9904
5726,3718
9130,4100
9900,2185
6857,5483
2887,9202
6790,7452
9924,537
4446,9895
5115,3823
1307,4236
6775,5015
7162,9079
5482,5935
106,3063
6557,5290
9008,5402
5620,6572
7544,7415
1072,4161
7942,727
799,8922
746,3056
4462,7397
7089,160
3390,9320
920,8802
9828,2697
1660,6528
7674,957
8973,950
4804,1835
6001,8398
8493,6780
852,9598
6528,7378
3293,9690
7090,7906
2924,8599
2172,2943
2576,4861
9750,4709
3765,7127
6687,7198
3562,3563
3145,9588
3249,7792
9506,2612
8943,8257
8781,4651
915,7389
8654,6464
9011,6280
4213,3133
5938,146
7650,540
7695,8402
3607,4122
3366,8607
8443,6186
1129,2378
8730,7065
4346,6779
5130,3177
9887,4278
88,4076
3016,8218
4673,527
5980,4406
3405,7696
6623,2776
4837,8206
9713,8611
5941,540
3504,3005
1565,4881
941,6211
9313,3071
4108,8009
9392,1805
9221,8161
274,451
5383,6358
5179,5090
7372,1783
1580,1758
2360,171
5705,330
507,3349
5332,8766
5542,4325
7256,1734
9402,6936
1010,2618
7612,4382
1370,8182
2468,2982
368,1269
4501,2616
8960,7039
5015,8478
8840,1708
5808,9616
5137,4259
2305,6555
4520,4692
2460,8045
5425,175
372,3727
8321,3583
7053,1087
5082,6246
1378,7241
452,517
6837,3810
2390,7608
2800,9441
6259,6749
7995,7723
9489,3039
2279,4617
950,227
8455,8375
4011,3518
1566,3083
3554,5041
4083,5792
2132,7618
5585,831
5859,9528
3659,3081
5086,275
717,2835
2403,4629
2525,9663
7006,9505
9568,8531
5952,47
2409,1592
1035,536
1677,9104
6697,3076
7698,6901
1581,9182
1398,8778
4801,7857
4027,4593
158,2914
8624,473
2010,1977
5435,5488
6252,3692
2098,1789
7099,3882
5177,211
3892,7842
4501,6771
9323,5757
7871,3457
7112,8414
4804,1504
6306,5205
9114,8925
8010,522
5245,9461
3278,3900
3464,5492
3694,2550
2175,6763
3659,9002
4376,4301
427,3742
3658,3830
9882,7216
6621,9465
1306,3942
6065,8260
6891,1606
5643,290
1077,7487
3258,7837
8386,5363
6088,9005
377,7553
4588,8706
9813,8099
5708,4458
7252,9041
7151,2863
7499,6431
4704,5392
8279,8314
6767,8026
1182,2187
4178,2547
7540,8661
9593,9523
9785,65
559,7520
5728,7331
2668,948
1915,1832
839,7325
4434,6479
1577,1009
5394,3361
2221,3963
1538,7758
7523,8998
3040,9365
2068,6101
6906,3632
895,8813
7033,2858
8002,7856
5992,9950
9429,6775
2450,685
48,4667
2841,1707
8876,10000
8339,4231
9303,5022
5615,4277
17,7421
7110,6922
8532,4540
108,8852
6080,3230
9381,8851
6980,4114
4388,7511
4089,6142
4639,1223
5080,8632
558,3851
8268,5616
1379,3239
2610,9276
4803,5557
509,3121
3442,4094
2518,9452
397,7556
9456,7675
8913,4159
4601,3194
6713,5938
1789,4605
5364,3545
8533,5975
2901,1122
7900,9205
6356,9893
7314,986
130,4497
2282,9928
1737,9892
9054,4984
5234,7542
2,9782
6737,6051
4966,9228
5146,5187
453,6969
2407,3272
2506,9421
3393,9795
8978,2276
6059,8163
3948,8716
863,204
1437,6309
5008,4624
5793,5045
8974,1196
6748,1028
1480,7570
1630,1579
6428,1006
4612,1380
7418,6359
8491,9741
7271,4
1488,9631
1581,2104
867,2326
3183,1323
9610,3724
6505,7991
6034,3078
4662,8924
8416,6346
3676,8720
8229,6219
2963,3463
6255,2740
8483,7626
5469,4157
6074,2999
5115,6396
7292,1637
4155,9787
1621,8114
5701,4257
2426,8972
1125,6240
7566,2120
1058,427
5024,3074
7711,5266
5457,6209
4523,4667
308,2118
1939,2623
8415,1713
2567,8990
6333,6448
2329,5647
2261,518
2641,8664
3286,8643
7582,2151
8761,357
9016,7947
3672,939
7025,8130
4845,7922
1481,1727
1299,7470
881,6919
1705,7254
919,9177
1957,5581
8480,9448
6821,6729
7636,4646
5664,2081
7106,3694
9515,1767
4676,7774
4376,9840
2174,6112
8569,4348
7696,5619
3666,7223
2171,4794
6541,4235
1728,8417
9254,4319
1684,3896
9430,9647
7568,4590
7214,4009
9556,986
8425,4114
2635,3800
7252,4132
6026,7919
8730,5493
6579,7163
5015,8788
9686,6908
4750,5554
7270,9755
982,1114
8681,9347
7951,9246
2345,5427
1906,7312
9769,5855
295,6234
8065,3406
3424,2059
138,1204
2963,2335
8533,1308
5669,7897
9637,7201
5505,5199
8381,9193
5655,5570
3876,5343
7042,105
9765,8779
2322,1513
4499,3488
1416,9219
6650,787
6432,7354
3921,9619
8808,9631
6587,9688
3823,5819
4412,7564
3337,504
5593,8257
559,7421
7720,206
355,7572
3847,3209
2993,3305
3336,3074
241,1745
5210,1434
9592,8276
403,3183
9054,9193
3705,4453
91,5757
4944,6194
4219,5936
9165,8614
7969,7372
8953,1476
8951,2738
3746,4194
787,4339
1499,8185
4325,1368
9300,4313
5596,8494
404,4989
7993,7361
6994,7878
2572,7556
5876,8358
8010,8362
2542,2604
8992,2597
6172,4279
5313,633
3307,5128
6475,3643
4721,5337
7384,5499
7853,6947
5585,8107
1417,4993
5692,8491
5356,9471
3206,2403
8316,5310
7211,5484
2688,6647
7922,5035
5828,6873
4406,8043
5909,9697
383,8374
2493,3237
7088,4704
6681,8205
2345,1920
7605,958
9660,8043
5097,7108
6412,2318
1740,3036
322,8568
6679,8795
2442,7987
6037,4270
3978,6445
774,8111
5826,8247
5155,9137
2014,8377
6187,2233
2041,7039
2748,137
1820,8981
4270,1193
5364,9514
5369,4436
9618,7412
2470,9981
571,3632
1411,6204
3792,7267
7264,6472
1912,5475
2999,4242
8537,2747
9833,5500
4661,8671
3362,5397
1937,9532
3214,3667
7841,8779
6806,7819
4351,3250
4979,8591
6299,5318
8979,5861
7628,5906
5240,9055
2373,1213
5566,9740
386,4906
6805,7691
2050,2273
4764,1144
9054,9798
3007,7332
4311,1619
3799,9765
1326,6599
5392,1447
1949,3354
9848,397
7987,4428
9762,6425
237,2105
5658,2835
7328,3754
7204,5705
5474,524
13,980
3032,8773
9987,9090
2762,3304
8800,3237
3475,3991
386,9864
4645,8400
70,7497
9785,5733
1842,8488
980,8620
34,1642
165,495
7913,7994
7386,1105
986,9757
5987,2927
6431,2672
7646,6254
1926,1137
3921,3286
8220,1302
5863,9306
9009,8301
2289,8291
843,417
1774,9961
7383,6310
5669,2525
6266,1874
7055,5654
2197,7240
8289,9782
2711,3394
6519,4568
8732,506
9117,7752
3796,7861
4263,1134
9742,157
992,7737
7395,8105
1919,2661
3935,5483
1493,5928
9113,1174
6739,8590
5940,3577
825,3871
2079,8765
1609,314
6263,9351
6522,4385
4236,3066
8776,5040
6016,76
1241,810
6188,259
4651,3731
125,8044
4776,3124
4155,6040
2811,2638
2874,7204
6397,8766
6810,2995
24,9
8505,8826
1229,9924
6137,1031
3216,2803
5708,847
7345,2636
8474,6259
262,2215
2869,1150
6019,7364
8436,1198
8236,5993
2988,3612
2929,7703
1565,4537
7128,4744
5528,8856
4553,6647
8878,2034
4786,7819
8260,8793
3435,9041
1491,7949
1540,710
4444,1653
9482,6030
6520,11
9048,6180
3901,3974
2858,3934
5404,356
3965,8619
1207,884
6979,316
3121,4110
7634,6141
8494,5952
2508,9391
4185,1781
2281,9747
2500,164
5200,4420
9354,643
9493,7442
3057,7205
7276,1559
7371,2279
9612,7
6395,531
3886,9801
900,5647
5973,7628
5341,3893
4519,6344
6097,3952
3529,8627
3860,3232
8346,1868
9167,730
6694,8343
9276,2831
9786,8789
6141,5494
9463,8288
5143,6441
351,736
7260,2121
7517,797
8838,9263
8065,5313
5247,3184
2073,4521
5789,5196
331,232
587,2388
3854,5736
1587,6469
8761,750
1480,1013
339,8952
8383,4441
7657,1542
9837,8416
143,2371
8267,960
2062,9774
3895,1915
8427,729
245,4637
2663,8493
6850,197
2179,3400
8489,9646
3900,7412
3406,8393
7748,5941
2295,7896
5361,9151
2683,7993
8047,4994
5986,5389
1008,8163
3997,3364
8020,9560
7359,1447
9844,4063
1288,4114
6727,2587
4498,2220
2952,1197
1284,1604
9967,8699
9668,6202
3179,7903
5337,9527
3825,9647
5919,7001
1198,7572
3364,9711
4568,3545
4591,6606
7587,3842
2144,5358
7344,9942
1586,2916
3680,9579
1565,8684
1702,3885
5945,9346
1130,9098
4381,9325
8169,1757
2324,2314
1322,8085
3409,7920
9356,5745
665,9877
5755,4010
5375,877
1,7197
5198,2345
1401,1011
9103,3716
8094,2495
5562,5205
578,68
105,3233
2779,1073
5127,4753
5912,3913
1112,6796
8242,4739
5986,6561
5661,4843
2537,6195
8494,7555
6105,3184
7302,2329
1708,2592
4652,5414
6491,4791
568,2017
8497,535
6428,6990
795,2037
9533,4230
7164,6149
9039,595
2429,6757
3728,1560
2194,1428
2090,7372
7783,269
7740,2049
857,7332
3058,725
6145,6459
8832,1156
107,1937
1406,1288
7205,2488
6509,3630
8339,8961
264,9990
559,8150
1526,3847
7357,8388
8123,5340
8557,8659
4318,3391
6714,788
3734,4865
2655,902
5389,2131
6105,6852
7718,7396
408,1311
587,2167
1439,5779
1199,1487
7034,7784
8515,6939
2671,3560
5940,5336
4926,7032
6705,5079
6466,6948
9802,2829
7513,5100
1636,2976
2992,165
2249,7749
2552,1085
1772,7843
8901,3871
3338,787
5924,9935
108,8551
5868,4994
4857,1236
5886,1869
8,9037
2519,8105
9572,9517
1828,2464
7560,8721
2612,2887
1897,2272
1833,2343
1459,4087
3960,6729
2187,8021
3729,6750
3140,6432
856,4008
2654,9859
8433,6041
2056,453
9403,1270
5014,5542
9347,1943
8910,9224
6473,7710
9116,9672
767,4721
5557,8743
302,9397
4104,426
6547,3097
5728,3770
7783,4573
5239,9657
540,2638
7941,8386
8659,2271
1462,5115
4042,4260
729,9306
9714,8446
468,4193
2031,8062
5909,6279
8569,5784
7140,4357
1904,534
1700,5914
1900,2917
1448,5643
6130,6976
8242,5098
3506,6520
8710,2049
2573,3469
846,411
8565,3547
4759,6128
1676,6115
8888,2459
8174,5573
9618,3626
827,4663
8595,7778
9532,2933
7253,8172
6583,8325
9795,8623
8654,5445
6172,5947
497,8339
7024,7263
8388,681
663,8856
1675,52
7569,1159
9745,8527
1912,7054
9176,6897
3889,4454
11,1919
2274,6336
6128,7903
2973,5014
8009,4314
251,2989
1465,3661
7588,3354
5091,1741
3930,1278
3614,7284
7557,2015
8150,7452
3929,7060
1932,7975
7491,492
4845,6601
7587,6844
1056,1330
8804,2884
9544,7484
358,3132
2057,3133
8541,480
4552,9033
8546,1365
7947,2936
1927,4679
8992,6783
1464,4640
378,350
4221,9799
6373,6774
7596,3043
7291,868
6123,9499
4287,3150
7155,4731
9478,6760
5104,7109
3509,4483
4773,6993
8982,4724
7804,2962
7572,8893
2731,1735
8598,7738
4450,5163
3657,4633
9681,378
7317,2103
5047,3648
577,9299
8485,8287
2307,6194
3264,9036
2944,2846
3029,6007
8257,491
8536,7478
3894,6024
8213,4573
6517,5422
4727,8267
5275,3625
486,6452
6275,7727
9531,6407
9060,8097
8480,3963
5876,7278
6690,3339
4939,638
2760,4506
1650,7394
1150,3573
7434,9942
4474,4404
8601,7727
6559,269
48,6615
6463,4821
8360,2114
4364,2451
2682,8892
7063,931
2461,5137
2842,148
3658,840
4449,3423
4988,8205
2114,1412
5380,5449
3053,4627
3704,8001
2351,4755
2091,760
5521,8930
8872,7570
1373,8202
4856,470
9920,1436
4339,4574
1611,5836
5347,5198
2964,4265
3396,207
7433,8647
5911,8791
1428,7179
5030,4007
7866,9378
3794,3585
3870,3294
5495,6803
4531,2399
1682,1940
6158,330
8953,2202
2217,8616
5144,9606
7700,3149
1852,8509
4695,1586
9544,9107
9186,3442
5829,2182
773,1759
295,3044
6811,5774
8874,2474
6033,805
443,2043
9957,8383
5059,8345
4650,8250
1166,595
4055,3054
5834,8298
2287,6121
1995,9234
8027,9003
2523,9058
7603,3932
4719,567
8109,6277
9844,379
2348,8754
6888,9662
41,1073
5574,670
991,7239
6217,3145
1696,5312
9521,572
3141,7408
388,1446
499,5627
5307,8030
4089,1198
317,3613
5318,9128
2186,8650
4759,8760
5821,193
9486,4788
2341,3135
3998,6243
5005,8796
515,5672
9622,1397
3887,1755
5574,8900
6462,7093
778,9519
5675,2217
9719,8378
59,1050
2030,8826
6231,5980
6142,7576
4168,6747
7476,9357
7579,3554
2637,8592
676,5945
284,1001
5822,7390
7926,7425
1680,9534
2042,2953
5996,1616
5679,9315
5057,111
8326,2128
7360,6850
1775,4887
9787,2218
4055,7535
7097,7991
4030,2681
3047,3879
1863,1805
1304,5676
2760,4896
8733,8345
9905,7551
3648,9385
4346,5274
8010,3804
9013,5584
6885,4750
6227,2482
2123,982
4195,8151
7933,7608
5540,6636
80,8615
9019,5461
4657,8379
8288,5429
185,6890
1539,7638
700,887
28,2341
7644,8212
8256,2669
6570,5204
9391,110
7628,8386
3771,5930
3050,2760
6563,9020
1667,5309
2541,9653
8492,9021
1442,3044
4888,3542
8466,1345
4772,2845
8009,6935
8473,1723
3850,5436
8068,9864
8791,8462
6306,4706
1827,9867
3285,9578
8894,4605
500,2507
9680,1200
910,1240
1761,5553
8303,9696
7444,9253
6635,3473
8740,7492
2215,5238
6759,7632
1447,3678
4143,3622
6818,9099
8383,5871
1233,4035
5931,5315
6999,1527
9160,8107
2699,9470
3026,2513
7840,589
3356,4662
5845,453
8322,880
8856,5161
7995,2014
7334,5434
8939,9322
4814,3617
8820,6538
8803,7480
9756,3170
3616,4933
3625,6841
8117,2852
2009,2454
7760,8032
543,1912
135,6718
9543,2927
8962,2887
3035,4058
2742,1487
8174,3854
3371,5590
8421,8943
8239,3579
1590,958
9779,2424
4184,1391
5683,9710
6986,4182
8019,3246
607,8222
7301,9488
839,9094
103,2484
3706,4456
4026,4627
3917,1014
4893,7248
1734,5923
5991,9441
252,7612
7972,2180
8744,8497
647,8080
5944,7348
7261,2425
2306,5341
34,8991
6886,4663
9117,2164
5724,715
4470,9768
2556,5959
649,3699
3852,2666
1954,7326
4804,4958
7623,5150
3261,5475
7605,9390
904,740
6243,6184
6156,5656
2307,7615
1575,8856
4839,1244
3701,5784
3600,9380
9886,6723
8945,6386
154,2327
5874,1350
7904,8234
8496,201
9612,568
3858,9132
174,8090
5271,8892
6527,4469
459,3332
5327,3740
3961,4544
3562,2002
5577,6681
7753,3360
7290,3025
9860,3183
8443,317
8885,7155
820,7626
840,9669
66,3517
1310,3227
9375,5547
8465,9429
8671,34
4914,839
2774,3090
7150,446
6632,204
6895,1105
3321,8549
7919,6694
386,3654
3895,5213
5045,5396
325,5437
4488,5703
4588,5705
5725,3129
8341,8031
2658,6477
6548,4301
5684,4153
9525,8176
8863,4497
9461,3738
6880,641
829,8047
683,4423
4809,2237
1864,7419
215,6437
4520,7180
8251,5658
5958,8537
4768,373
8825,8616
4312,818
7846,9462
5748,2763
6722,8540
3951,6383
6276,9930
5268,8431
6569,5427
5217,6245
98,2660
7299,1505
7224,3330
1440,8177
7231,8319
5924,7276
3272,2441
1859,2587
9984,1695
6830,4724
2582,7473
9136,7813
6762,9363
4296,8970
8081,8749
5169,8315
3077,2610
7324,2116
3497,9419
6191,3394
7226,3088
4567,3671
1793,1826
6617,9595
38,8328
9639,8991
4030,2979
3934,9230
3060,10000
1899,4499
6134,2042
302,8753
2774,6106
8518,6595
433,8188
5356,3265
8717,6559
4860,3691
1627,7960
4686,1429
7932,5635
1379,7120
8495,8872
5307,2688
7768,6934
403,895
3389,943
7019,9933
7962,607
3558,306
4484,1529
3115,3234
1850,8336
1352,9276
7704,6496
2710,6527
6229,5351
6263,9354
5949,7091
8604,5038
2041,4328
8227,353
5945,126
6510,2066
115,9877
7215,9572
7397,3622
4239,7770
4103,9432
9902,4941
2540,2492
2196,2829
5799,2533
7702,8369
8939,1607
6740,7868
266,7883
384,7519
5935,7660
3065,3061
9703,8129
6789,766
6617,55
5005,2668
7015,9771
1570,3364
9692,7809
7293,7633
6421,563
4452,2875
8813,8281
5465,1214
8913,3714
6620,1803
2242,8941
2177,5912
6568,3398
9292,3812
6563,6640
6505,8523
6125,6667
2104,4418
8140,8995
7717,4272
4164,7349
9574,6538
2104,7086
1117,6777
8416,1825
4189,3129
2119,3109
9162,4513
700,1849
8713,2874
1800,9621
7718,9085
6751,1518
9925,9630
4831,6549
5952,9999
5590,3246
1455,8530
3104,3928
9061,8687
1005,2477
839,3182
113,2567
5927,9010
8037,365
719,4163
2716,41
7466,8069
1072,1240
3228,6298
730,349
1489,4081
1440,1010
5075,2233
1880,6732
9077,4598
5339,9849
7148,4414
6821,4985
4494,8641
8425,1959
8642,1747
9569,8690
583,856
4835,8732
1121,9866
5152,6318
3934,3594
790,2182
2502,6369
2389,2878
8721,4321
3310,362
850,7389
6838,8526
3249,7633
9547,5817
7591,1423
6350,6146
9330,9240
8894,1742
9288,9620
902,2907
4905,7662
1980,9837
5389,8894
362,6306
9180,4324
9193,5587
7660,4126
5721,4841
4549,7766
302,6522
2673,3531
5573,6927
1855,123
1300,6291
3334,7082
2159,1658
6918,2913
4838,3307
7771,6022
3180,9756
9915,595
7314,760
9631,4118
5074,2720
1278,2245
9224,603
5348,3835
7610,1563
4817,9011
8825,4718
5838,576
9519,2845
2139,5623
4264,3045
4388,9402
3166,9247
7554,1010
172,8830
6493,9304
5828,7605
415,3392
8684,2274
4708,6050
5426,891
7790,6646
801,8420
5428,9660
9676,8986
5274,8725
1591,8142
9308,4113
6517,6529
9237,8902
5211,9033
2508,5241
595,7181
3549,7069
8734,9331
7958,1493
6545,9219
1688,3143
1440,4264
4285,3952
8600,8835
8105,8206
6229,5883
9256,9949
7412,9173
5495,5057
6515,8427
895,5821
5029,5660
3580,6574
2145,801
8397,5912
5018,6055
9924,3371
7306,3806
7660,4544
7479,5597
170,4374
1447,7727
6171,1891
6000,1342
4877,4697
7848,7962
251,4056
139,2246
5664,4905
6379,3008
9901,8846
4274,3067
5477,9028
9619,8075
1701,8050
2286,2924
9073,2513
9746,5311
5546,1175
1564,7745
6347,993
1566,5018
2067,4781
9035,5599
6109,145
4047,6565
1738,5580
8076,5139
9617,1959
7935,8802
7069,4984
8672,1476
2484,4755
5752,5710
343,1756
6733,19
2485,9917
3465,4254
2123,5184
969,2475
2806,2987
8417,7059
7993,8102
605,9235
2202,4041
2434,632
1670,2550
6034,2328
7045,3232
606,3072
2328,8455
1591,2646
7759,3521
1613,1162
151,9831
7224,7774
9968,2665
9301,447
5437,6767
3704,6542
2565,9373
7584,7072
5542,2833
1496,3774
7097,2557
3993,5866
5584,5771
2349,8607
4764,9010
7470,4051
3500,116
8653,4300
2639,5153
335,251
6139,2732
1489,666
6566,215
2525,1070
2273,8909
3877,8489
5844,6284
6587,7791
6372,8510
6275,4562
7553,834
6528,6844
8125,9852
9643,280
3623,1525
8403,7710
9333,272
7534,9913
8816,2523
2829,3799
4201,5422
4877,1388
8090,4595
4746,6067
6119,6722
3070,9411
8210,2231
2999,3017
4398,8114
8455,3768
6540,4939
2693,1834
6273,7168
2113,8337
5545,6173
7220,5486
6052,7207
2133,9741
9070,8661
9256,2571
9933,9627
1554,5093
2403,8836
375,9535
6723,2683
4676,7630
5889,3318
4137,3363
7042,1200
6622,3700
9107,194
8374,4328
6933,4141
3009,9374
2149,2582
4571,3163
4474,2094
9154,7118
4536,1741
629,34
7025,5339
2231,2367
5131,3227
2467,5933
3053,4836
762,5015
2067,3628
5031,2040
9825,4851
3092,5844
5315,8362
214,3509
3235,3743
354,2865
5524,9926
2931,7060
4747,9637
5044,4800
7054,4172
5671,9245
6100,2383
7832,2542
6700,7761
892,7490
8490,4079
4483,5347
188,3046
8076,5935
7531,610
5240,2193
6524,5780
886,6396
726,8526
6238,9299
4990,8558
2473,5927
4862,2502
4557,1821
3124,9380
359,6027
5526,3363
545,6128
5236,4300
4723,6285
2198,5786
6053,6900
8932,5401
3058,4891
8516,6458
7417,301
910,6534
4381,269
3484,3308
3613,8408
1901,4585
5533,9718
664,1731
9635,1260
7982,8162
8638,9106
7000,4379
207,6940
6688,5643
9308,4039
8651,6748
6074,2770
4243,7559
4536,5254
5731,950
3387,9347
8924,5396
3699,5864
5493,1604
7052,1246
7647,3467
6128,7442
1798,283
3194,4558
7555,1469
8406,2595
3998,4249
8356,8533
1345,4037
6940,3331
1224,4424
443,1697
2069,5962
651,6548
2208,1866
6913,1497
2315,6555
6639,2706
2835,9964
6058,4366
2242,6275
3478,212
5346,8805
9149,1388
9212,724
734,2666
1822,7509
162,8744
6475,8045
9930,3630
4189,8984
1301,1393
3830,9958
8606,1045
211,8883
6417,2144
9665,5361
1422,4845
7146,1315
8454,90
7144,920
3906,1727
6458,3299
5492,2314
660,5987
8837,4907
8720,7060
2989,4713
739,8657
5665,6960
939,5059
2294,2424
1940,7771
6387,6579
3482,4104
501,5394
5480,2774
8397,276
1519,9491
6580,7373
5026,9183
6702,5583
6254,9567
5436,7991
6391,3022
8811,6246
350,8785
6651,4666
1871,4933
7354,6041
5142,4968
6446,4986
4865,5200
9233,6832
7921,5340
8646,7187
7306,7685
8059,5500
6154,6384
7303,1053
5894,6627
7970,8891
3808,5969
3924,4698
9221,9556
2469,5715
5970,9046
8852,9876
5415,1212
468,6164
84,7600
4256,9009
7008,8969
5486,872
9112,3449
6001,3729
3636,5203
4105,5764
8533,2086
7270,2859
7723,6603
3850,8550
4915,3431
3420,325
9118,8973
2440,6102
9708,835
6531,1275
9495,8639
3581,2455
4285,415
3055,6629
3445,4242
740,2676
6546,8821
1316,3763
3573,5598
2780,277
8172,4319
7081,3361
6601,8503
9490,9658
1582,2139
9606,6725
1652,1484
842,1180
7435,6341
9445,4318
3772,8564
6023,9872
554,8738
5763,9237
2775,417
9838,9157
6210,8529
1456,2525
8205,7870
8999,226
7709,4794
1770,5155
2716,3763
6331,4699
1224,3504
870,8096
4574,5933
4198,2667
1905,1568
839,5460
6452,3112
150,4841
7240,6754
3620,3674
5646,1511
8985,4821
5358,5
6806,2217
8576,6663
9651,4905
8392,9124
8535,8463
4751,6418
9381,4810
412,1364
5363,5173
3121,2519
8838,69
4626,1173
474,447
1632,6020
6222,244
8836,7567
1532,6907
311,4638
1237,4729
1421,8852
667,1663
9395,3909
5224,4623
6366,3378
2076,7724
3522,8659
6196,8782
7092,7503
2997,1999
7495,2795
5609,7557
6130,6365
9904,4156
8755,443
3143,6735
8877,8309
2390,7795
5837,7852
3107,5889
9019,2749
3941,1485
9579,8398
3187,8951
3810,5060
7882,1342
8518,8143
1821,1932
2927,4755
3207,7874
3562,6819
1068,48
9164,8955
8093,305
7618,6314
2699,5969
5239,8458
6642,3980
6048,5022
4647,6293
5937,3016
1757,7855
6594,1876
464,5516
5948,8068
5844,7455
6286,2168
9720,7312
828,5657
2964,3260
86,7507
7394,1381
2999,3421
5705,9101
8052,822
2003,2699
5732,2094
3601,7560
2335,6334
5141,4745
2863,8709
5596,7321
6195,3696
8350,7281
4883,3316
9982,7431
3789,8875
5645,2497
4094,8217
5339,2852
7660,74
1933,3790
8480,7739
9882,6747
4385,3761
383,6072
7867,4313
3811,5330
5647,9261
2452,9210
148,5872
1360,9575
1387,2871
8240,6504
8864,6371
3679,4293
7292,2207
5352,9296
8343,4258
9645,2430
7499,3170
7668,1676
5589,5670
5596,3535
7108,6565
1037,4620
9539,3552
845,8625
1539,1241
4991,5038
6625,2319
3382,9731
3928,1831
6936,8104
6207,8680
430,7907
3107,9331
8359,761
7967,126
5483,2148
823,3755
1021,2893
6677,7097
2490,5207
3354,1415
1023,2776
806,9168
5927,4692
2979,2488
7681,7879
4972,5457
4272,1631
523,3834
1500,20
6751,8277
2965,7733
3996,1140
7192,3169
3565,4687
5563,8894
2532,5044
5298,9753
5202,9019
9380,8314
1891,8197
4343,5715
1424,2769
3591,8358
3352,4746
6646,5088
9912,6144
8094,966
9799,546
3746,6410
9407,1381
5106,7834
9013,9588
7677,6533
2234,5092
1745,7291
5418,6962
7454,4304
2865,3323
7976,3596
3837,1047
3435,8466
3551,4403
1545,507
603,4970
7887,271
9551,8432
406,6239
8897,171
8341,3921
3264,8990
1443,8585
6860,7491
7034,65
2066,7700
6391,5061
6048,1893
9838,4781
7847,8386
9211,8200
5502,337
403,8577
5570,644
6393,9665
9755,6365
4796,7409
9034,9774
7821,3577
3679,6924
4175,330
3463,7471
3927,821
2419,7257
6211,7926
3908,672
439,4848
5826,2138
1010,7270
3835,7252
8495,8963
4808,4655
3960,7111
4043,1943
4340,991
133,2721
1265,1664
261,3825
3981,3631
1835,8677
1678,4720
1018,802
4322,5689
2123,8777
3376,5906
8622,1669
8413,6619
3196,419
1819,1369
104,4159
3548,4767
3236,1095
4436,4534
1007,2190
9436,8441
8492,4095
1715,2207
8430,8524
2463,1717
79,4258
1393,3719
5600,3930
1703,9179
3579,7359
5467,1499
7492,1463
2024,3549
8558,4881
6412,9936
6265,2361
4809,2309
1225,2106
7254,5128
259,3217
6147,841
4240,1225
2297,3148
6324,8361
8992,9113
9368,86
6362,3728
7971,1078
8060,2413
2871,5379
7117,7907
984,6519
6455,3849
7271,9098
3099,7022
4109,5910
801,9354
4339,7939
1037,610
2990,9348
8876,1943
5528,8748
7726,396
1769,1566
1070,6083
6773,8097
92,6099
5199,3564
7387,615
7563,6883
8806,566
1728,9358
1342,6874
7660,1010
9727,3807
6082,8687
4577,2938
2287,5878
2345,4004
6555,5572
4671,1810
490,3407
315,8482
7730,5115
8393,6964
790,2394
5227,7074
4465,6126
5629,6206
9279,316
7412,5463
3093,6575
1328,2471
545,3510
8033,8507
4700,9707
565,3616
4955,1105
8783,3175
5509,6761
6340,6084
8191,6673
5278,3353
1571,2026
7987,8426
4015,4132
1264,6157
3914,3224
239,5648
5137,1458
9033,5350
3616,9641
3380,1727
3612,2588
2012,4979
8477,154
1616,5323
2632,3486
6852,5005
9658,8501
8948,3826
6130,1038
6328,4677
8117,9534
178,618
2373,9628
6020,1336
9787,6111
1839,6084
2881,4226
9367,6108
1180,7649
994,1101
999,1684
1711,4386
539,3893
7763,1737
4378,6638
8462,8275
1611,2980
8828,1016
1903,3386
4632,9349
1282,5204
8891,1396
2541,1065
2482,2437
9945,8611
3150,1710
2766,7063
5588,5836
1977,9179
6676,5269
3052,7865
8535,6796
1663,2559
6370,864
3812,943
6360,5506
9496,7658
171,9905
1253,2660
5218,899
9317,148
9607,1458
2817,9995
4263,2032
4120,846
668,1273
139,9393
9000,2244
3877,5298
7383,5365
5319,6623
4327,4562
1137,2566
2244,5712
5389,8295
2188,6745
7862,9511
2113,940
3158,8772
4621,1266
4252,1744
8015,9816
2412,2236
9827,9390
7665,882
784,9563
7422,3455
3195,2698
6738,2683
8234,453
425,1638
7682,188
8639,7281
4369,4066
3327,6966
2376,1125
7226,22
2672,2536
9396,8093
6830,4654
6376,675
7169,5733
203,4337
7591,5853
8462,1550
3359,4996
7533,1126
9658,1151
2676,1270
8427,1206
9841,150
5853,7821
1637,4291
9364,2251
741,3048
7579,4137
9437,8376
7837,5800
2547,1595
8319,847
6329,3043
4090,7216
1660,2489
4934,566
9834,5801
8274,990
9744,8391
2785,3678
3313,9564
9550,1462
9651,6209
528,9922
9284,6023
6504,8025
2410,6048
8039,4757
9143,1789
5437,1071
6699,8901
5804,9910
2660,1711
5131,9036
8592,1757
3030,6621
8195,9301
5507,349
2420,7692
911,6477
1249,9857
1063,6826
6899,1764
131,3554
1949,3441
6460,2691
9438,4077
7982,1746
9526,9836
6537,9925
3493,7132
9042,1470
894,3889
4470,9060
1434,9662
8910,8031
3513,2365
7085,8768
3044,4795
679,5227
6558,1091
8380,4258
601,9477
786,271
6980,8051
7025,8813
4226,9800
2119,6884
9686,6053
5356,7743
6874,1305
2704,6988
143,9709
9488,7087
2703,6777
3639,403
1182,5318
1841,4766
3727,1633
1355,3936
8803,7209
8934,8168
3068,1749
3707,467
7311,9861
9192,1682
7416,7811
3912,8726
7848,1685
3233,2379
1945,1571
9127,9342
5842,7551
7726,9517
197,2630
8396,4297
5094,9681
6701,8618
8103,9336
1664,1280
8206,8676
7663,1473
7736,8687
3340,7443
278,603
3142,9128
5510,8523
8539,3601
4301,1650
1591,3793
2223,6374
4571,7887
1713,7745
5753,4919
8886,2260
5100,4286
598,5639
1588,4783
557,5489
2623,6615
1583,4689
6387,1098
1961,1607
9143,7711
5299,7042
7186,7967
9153,2359
4747,3493
7993,4570
4063,5219
9247,13
529,8433
8683,2274
7644,9378
5500,5374
4548,1317
4678,3004
2203,7156
6759,6938
5503,125
312,6308
6288,7739
1743,3452
7360,7744
1969,1411
3715,5313
676,9639
7669,5854
8722,5032
7723,7724
1401,8520
6449,1649
6192,9471
5235,428
1428,1576
1319,5118
1553,796
9399,3913
7980,8473
3533,2579
6717,1038
536,2679
26,5558
5483,104
8046,910
52,291
2984,8677
2265,8832
2352,8415
686,3412
9828,837
5268,7479
7441,6093
1931,6493
8637,8802
2952,1971
6913,8320
1986,6311
5092,9758
8806,4580
7859,6408
379,3001
4397,6631
2272,9701
2490,2864
273,8194
2155,3110
1032,2747
6428,2828
3007,2778
6262,4363
196,7698
18,572
4054,934
2744,2291
3468,101
7189,2857
9381,7027
6283,8692
2298,4821
3618,4357
2815,7208
764,8717
8504,9422
5590,973
6120,3430
8363,2569
533,1671
2403,5176
3576,1609
7640,8362
6448,5248
1577,6982
1078,8277
3367,4447
4379,9459
2365,4579
9277,4507
2780,7232
7416,6597
3924,291
7930,8067
1327,414
4415,131
5512,5077
1451,9874
6201,6790
1014,8695
8322,403
177,5571
9221,9404
4070,8307
941,3085
4078,1231
8047,5058
2141,1795
5001,7123
8791,9655
424,4128
5894,6988
5893,6154
7635,1238
7519,6827
6770,6065
9172,851
6778,5681
3304,2576
5553,9290
8585,1321
6519,4408
8585,1591
6089,3292
7978,6369
7910,2068
5000,898
1630,8214
9167,569
7973,6089
7758,7165
5623,3359
4163,2331
950,9891
6134,1517
7167,7595
5138,7449
7531,650
5966,8355
9297,1829
4185,3456
9273,4687
7060,7336
3819,5364
8553,6583
3621,3711
6905,720
4555,3976
1140,5102
1017,3773
7665,8665
9076,3259
9294,8161
2767,1545
6673,9419
7242,1265
5852,4213
4916,8285
1391,3670
1825,2874
6520,2599
1494,8779
5365,7017
9713,5005
5354,2849
8070,7538
7326,2551
8789,6269
3440,7783
2087,297
9847,3841
1078,6741
6758,131
4380,2528
3663,7377
6916,2589
5582,238
2717,147
4790,6570
6365,9940
7578,8728
1490,3256
4689,3835
6100,9813
9644,3532
7142,2637
308,1291
4651,148
6780,2607
8917,2077
1830,6187
6520,3136
5745,5424
4797,5626
6864,5833
179,4192
3238,9543
2448,1697
9901,7977
1174,9160
8471,1479
7120,8299
8555,2395
6443,275
2961,4205
9058,7816
3753,3242
7121,3703
6629,3904
1931,9187
9974,6713
4487,662
1828,1505
3957,2530
6520,149
4063,9625
4467,4314
8122,1093
3218,8615
6540,5669
6233,4433
1399,3156
3531,1617
9379,775
1644,6547
3370,8627
7486,9358
7805,7305
6391,6827
4309,4960
3284,4900
3587,173
4487,8874
3400,3328
603,6851
8528,6766
200,782
4409,5479
402,1940
6355,4932
8748,5549
8287,1999
2138,6940
5577,3806
8820,136
3410,9821
998,9816
9542,6103
5380,5355
6285,593
1163,865
61,8979
979,7801
2380,756
944,2087
7731,7648
2296,2177
3166,2745
8271,6279
415,3768
5229,4782
4403,3198
2818,6775
1565,75
1824,8288
2222,4522
9414,9206
9174,6807
5453,9669
2995,6014
3850,9967
8904,9234
2292,6244
8394,2662
304,2356
3732,2491
3369,2606
746,3255
715,8948
3898,462
4334,4494
2542,6880
9007,1831
6686,671
586,5399
6691,9706
708,5678
9590,4875
8517,8186
6567,7210
803,1366
2346,4860
2121,9023
1547,5756
7926,1747
9778,8851
3074,1976
6402,5143
6668,3223
1531,1246
6686,4707
1391,1549
2050,1226
258,8177
2046,982
9866,7705
5738,8608
3654,8686
3858,3443
5755,6576
8519,6824
4297,1359
6192,2147
3645,6819
3167,4089
4864,5576
5246,4749
5516,6617
359,2438
6062,8343
6931,7389
5623,7751
1098,328
5772,6406
3353,4063
2014,1961
2130,3656
8644,2613
1245,4755
3940,3383
3037,5220
8176,4210
8029,3064
8125,9171
8344,8437
9551,2018
1288,9715
6369,8311
7639,4977
961,2231
3313,1654
7383,3882
8395,533
4837,5433
9516,3564
9546,2009
4153,6137
881,9423
7215,9368
4503,5887
521,3198
8298,7013
9362,1387
9836,7023
2516,7488
1063,1301
1887,6765
8890,1382
6677,2197
7122,6832
466,5425
9892,7852
9705,4973
2022,9748
3017,4627
9949,8945
3710,3826
1985,693
9348,938
3565,8034
9751,2967
1763,6997
5846,7816
9484,675
7253,5115
3037,7822
9201,4823
5189,5075
7199,9621
2403,1940
5998,2619
7124,6765
843,2822
4554,6597
4082,9668
6632,3251
7826,3404
8986,7546
9386,714
7761,1219
4143,5755
3852,8725
431,3569
1858,7492
9984,9155
8012,3971
9698,4069
1600,8119
5443,9647
2151,2073
5601,9020
3280,1415
2346,2034
2094,3497
8607,2072
6556,8667
4935,8265
2785,8171
1792,5972
6991,6049
2976,5597
4805,7094
6073,7988
20,3074
2251,1792
3438,8742
8916,4215
8266,6003
4882,2476
8420,7189
6201,8662
722,8383
4832,7033
2722,5012
5414,5508
975,7007
1842,1350
3970,4464
3944,1933
2004,5428
279,5165
6513,8431
2495,4201
4921,7993
656,8241
2833,6866
1821,4808
5782,1363
5120,1360
7121,8387
8999,4260
1046,6834
7340,4402
3831,6134
7554,9348
69,207
1067,3978
6438,3833
2422,5845
7762,1246
2278,4290
2151,3477
8878,609
1997,6011
1257,7712
2180,9772
8646,3865
9225,4142
8512,7318
6008,9659
2731,5004
1403,5369
1258,9947
7616,1927
5022,1744
3224,6390
569,4516
6492,5889
801,1877
7418,9739
7152,5039
8542,5060
8487,7335
5900,1175
8339,2916
1865,2483
3976,1178
2377,1268
2138,2756
3938,1997
1530,2397
3056,837
4141,8444
9106,3387
1961,3482
130,1831
3656,4016
5330,7678
8559,7105
4018,7745
9192,8594
4846,6419
1036,978
3843,1621
5373,2666
8386,2896
5566,9170
557,4734
6998,3836
3967,5510
8745,8994
9481,7890
535,5703
2662,2687
2865,1004
3519,6480
6965,4370
3355,4718
4651,9703
7406,8592
3831,5199
4035,9491
2783,7024
2052,9271
3959,6778
9270,6598
6376,7393
17,2034
2655,1433
7421,2729
9585,5516
969,7815
3372,5114
1156,4889
2473,6062
9774,7609
5902,6217
4521,9051
6960,4526
6617,1043
4101,1305
4906,5792
3159,2429
9953,3241
9525,7512
2107,1443
7700,3317
241,76
1394,3789
6557,5991
3467,4123
7142,7124
4884,8123
1319,2475
8149,9022
3999,9589
6612,8269
4097,8088
7660,5383
8683,6877
8365,5754
6003,8719
1164,8922
7597,9985
6059,6048
3706,1548
5188,657
1307,9045
2830,3753
3315,9112
1042,1797
6074,3699
72,9163
9934,8144
4250,8742
5187,8480
5802,2465
2123,2353
9631,1439
5921,7452
7675,565
9839,7069
9416,4981
9456,8704
3920,1400
8464,9812
9852,2999
8255,8303
3204,1189
3252,9742
7926,5020
9134,9079
401,7731
1062,8973
1185,9897
4288,7263
2037,9650
7473,4942
2555,3243
2042,7256
1470,218
2466,8422
8006,7351
2802,2718
1886,1633
6489,5158
7634,9198
3808,9126
3943,9635
1576,5000
2564,3916
6703,3039
4974,1129
4306,2993
8978,1686
7036,915
3532,3125
1293,5839
708,7065
9254,420
9384,8066
6848,5723
6852,5504
8908,8545
7869,9589
4293,4054
462,6956
2514,1872
7514,512
2663,3260
4544,7883
4155,1667
2941,1964
2485,1701
7723,4467
5823,8405
8262,5276
9229,5009
4559,8613
3415,6348
6858,2606
9569,6281
3954,5724
5996,9334
797,5242
3813,7939
9418,1885
9931,4958
7974,6515
9486,8636
7262,1943
9795,6197
4702,2371
5764,9549
3592,7442
1156,2587
9313,5152
5648,4136
2597,9585
7617,8821
9850,3947
1950,6489
1058,9938
3695,9542
2731,4702
8268,2247
5505,9722
5235,1736
2594,2139
4041,3122
1026,6059
4423,6353
9445,3233
5558,9124
3770,5999
8118,6801
6167,1304
4823,2754
8398,3516
5355,9968
3663,6897
771,6506
5464,4623
8773,1506
1000,9768
6655,340
5121,7187
7718,5172
9115,4532
5255,5955
2981,6905
7918,8622
9142,8707
373,4867
4305,3631
2196,9344
1240,7648
5095,1098
1480,7579
7277,6599
4082,3695
268,8392
4297,6479
1298,7735
1255,1725
8615,5769
714,324
8398,8463
3612,4466
7306,2591
992,5056
2061,4602
2344,2320
5212,8890
2932,2946
9006,186
5348,5811
2339,1730
5375,5730
1218,4381
3868,9728
26,6888
5885,884
1210,1738
8012,5896
748,2859
8430,3107
6508,5010
516,1412
9318,2526
1008,7655
317,2945
3428,7576
2904,6676
4790,6865
6456,2683
207,8705
308,2775
6659,7580
8645,689
7820,8361
7357,7210
5583,5756
6562,5756
6928,3183
9465,2907
96,3791
6782,702
4852,1714
8495,9925
4482,1216
9832,9014
1413,197
7402,8311
1647,8577
7444,5018
7726,2569
2691,8496
4647,62
6821,2075
7439,6791
778,3269
4937,1134
6211,4502
7561,9813
5693,1542
759,1459
1431,3456
8848,8878
3086,4366
5638,1350
8122,8663
8151,5036
6273,3954
2699,1358
8377,4805
9318,4672
8299,1502
9694,2184
7859,3022
9527,1989
468,8093
7018,6013
5800,6926
5380,2978
1893,1504
4762,5408
2459,9725
1563,3414
8906,7411
2702,3919
7377,7420
5113,6252
6129,9837
8195,6208
1760,9160
4450,567
681,2285
5662,691
9904,3524
9879,6676
387,9264
8209,4003
8141,1824
7469,2972
1348,4471
8276,3446
2546,8150
6188,2801
6080,1811
1629,4954
5198,8985
3517,3933
5440,1659
3063,7400
9315,7926
5243,5624
7949,4594
3711,9235
8033,8852
994,6177
6978,9411
529,8455
2671,1685
6931,9953
6733,7686
5519,9964
6482,4853
6941,893
317,4746
3722,8209
4340,5047
1541,930
3205,1259
518,8979
269,7389
2831,7081
6775,4107
4186,2405
3181,5150
5921,4082
5658,9721
1453,8968
432,1823
6150,8842
1060,8159
1930,114
7911,6765
7145,5319
2912,1230
3580,6264
133,2511
4533,5160
6537,2450
3890,2982
9983,1782
7900,3639
2044,2241
6332,8354
6715,13
3868,424
6122,9261
9115,7054
9889,9019
4026,3161
9315,1519
6836,4933
989,2205
3435,4898
6267,1260
5213,1291
9562,1567
9862,692
728,9937
8942,2015
3415,242
3091,619
2145,4360
3153,2507
4886,5972
4830,3630
3472,2995
5955,2479
5255,5181
2900,2939
8289,8445
560,9851
6465,2429
9715,6493
1088,1646
5129,6259
3449,2097
6654,2184
8142,597
7009,9450
2857,1853
7623,8665
1661,8285
7611,9850
9834,9985
2195,6520
239,6842
7758,5208
569,2838
9193,7367
8298,8843
4753,6514
3637,1520
8402,5170
9238,1591
6638,2674
4158,667
5130,3934
3148,2610
3362,4090
2392,223
8877,7580
4888,8951
6379,6519
5381,8605
8378,9908
6728,3260
9944,2927
8254,4449
5891,5740
8027,7731
924,7509
6427,4656
9067,2977
4819,53
315,1474
9525,1209
9158,1802
6738,8167
7691,9707
9898,5702
6251,9338
1120,2742
8932,4927
777,3769
5637,7180
7267,1036
8176,87
4161,513
7885,4214
8804,7226
1803,3478
7542,8004
3361,2520
8144,2798
7619,8521
3132,788
7440,7164
852,4588
4552,2918
7401,3948
9771,9381
2192,8310
4653,1198
951,7986
8805,7490
2501,2502
8373,7836
527,4068
7604,1177
5862,5632
886,4693
8670,5181
2285,3758
4682,9715
7641,8935
8755,9103
1723,8635
392,8998
1415,4492
3582,4471
3255,9959
4424,7101
8909,1478
9267,8589
5153,1026
9832,4530
616,3362
7316,995
6629,6724
5877,7950
4169,8903
5146,4163
599,5907
7661,256
2386,4518
4205,2004
3767,7739
3139,9041
2887,9513
3814,9843
237,2789
6970,3032
190,1941
9764,6139
6942,9459
520,4273
7134,330
6355,9471
7171,8239
7893,2262
8851,7471
4374,7405
1705,3377
4041,8009
8296,7848
9613,9930
1659,2488
5312,229
6907,5314
9231,8906
442,8333
809,1473
7724,4307
5089,5766
9637,3925
1522,4398
8813,7996
7149,357
4560,845
3677,4966
6099,7384
1852,7430
5217,2430
462,6061
7779,6236
7659,3042
1501,9256
2331,2929
3125,3767
5801,8012
4495,7288
9082,2476
7380,1409
4727,6530
8546,8116
7333,8094
4012,2669
1494,7787
1329,7755
5225,4117
3738,7480
108,2552
5885,839
9169,2758
4431,8873
5279,1508
9094,1820
5887,1555
125,9393
5063,1206
2768,8328
7924,2532
5879,4954
6832,8780
5120,4387
3171,9856
5717,8362
949,2384
188,2478
4753,4195
4829,4078
3318,1300
9294,8213
7367,7799
5707,8289
4850,4439
5745,8415
3438,6573
2249,2292
3197,1151
770,9018
8225,2562
1975,1125
9083,9789
3840,8225
3230,8989
4244,2314
7746,8462
6907,8167
9173,9693
3234,6260
3372,231
8216,2667
9463,588
8309,6047
2530,2422
8443,4020
71,2032
132,5358
4945,6981
7930,9092
3068,5975
6150,3553
5064,6984
7793,2151
3341,6408
774,3184
1768,8315
3704,2946
8371,1590
3023,670
1234,2230
1710,3446
4505,8861
8432,3208
3020,8107
7681,1148
2815,7013
9897,6982
1788,6580
5139,9288
2882,6476
1308,7527
5066,3479
7142,8295
3589,4174
1164,9894
9778,9907
8496,435
6092,7582
8192,8041
2367,4818
9848,8523
1099,3867
6960,126
5873,2455
7046,7549
6074,3614
4295,413
1383,2895
6774,3086
3363,6152
63,4427
8565,2753
1701,2062
8466,5414
6423,7539
895,2512
2818,1143
5012,4335
8240,6172
6267,4645
9294,6076
3768,4609
1163,2344
5651,6663
8588,9036
6640,6921
7500,9712
5680,6564
5921,5469
9648,5498
6810,8490
5887,1511
836,1139
30,2962
700,3781
2416,7954
6062,7800
6272,9898
2764,2377
641,6099
5915,3987
5056,7812
4312,6954
5495,9424
9383,8852
2299,4925
5451,6835
1796,8924
4434,5747
7501,6426
8696,2269
2833,6066
8540,6086
9734,8908
7919,6327
3334,2662
5208,8217
5159,5182
9077,6909
6316,2473
6573,7253
1685,899
3200,3986
9826,6387
4175,7947
9893,9850
1944,3863
5524,8825
5130,5192
8446,9852
6759,8484
469,1926
7799,5617
5657,5482
5641,3420
8902,4755
6885,6053
3188,2513
3580,5707
3836,240
3313,9120
90,7783
881,7688
4637,2058
3197,3940
7468,9821
4217,4933
3907,4405
9724,639
6107,4012
9064,4188
3191,5985
9508,7369
5626,8074
7300,6321
2630,3127
1050,260
208,8948
4070,5412
2607,7739
5113,4956
1300,8387
3719,4046
2467,8857
4827,3767
6719,1881
4532,7632
7667,3401
1501,3204
8717,9682
9771,8185
325,8844
4591,8045
4459,2822
3131,3087
7727,2094
3137,4422
4634,6915
1159,8690
6410,3252
5799,4509
7034,1364
931,7933
6000,1933
4934,1642
9999,782
3205,5670
6749,9555
2868,3918
1535,9039
2293,9244
1665,7833
1307,4693
3618,7856
2588,5494
971,8219
517,7510
4768,4882
5608,8871
5487,355
7217,4255
8598,7314
3606,1582
513,848
4460,8027
1984,2406
4646,9183
3351,2430
7097,2829
3920,3278
4891,4877
7131,995
2537,8884
6229,9542
1096,6786
7254,1565
3075,8311
7508,4416
1523,6322
7526,8214
1661,4424
8755,6957
324,2814
1880,4994
1856,9299
5528,7026
311,156
3325,766
9591,9325
4205,4484
1141,2337
953,9920
9024,3031
4607,5103
4863,9497
4879,3131
1561,3817
2602,7512
2195,443
3062,5673
9251,2585
7998,6240
8420,6343
9798,7361
9074,3780
3773,2033
4229,8553
8635,688
2059,6049
5834,8944
5470,2373
3009,689
5988,6643
1738,8523
8069,5770
8645,935
2488,8565
1622,5435
8294,9778
2010,8623
6944,5197
167,4224
9115,2397
5713,9377
5449,7579
6024,2729
5060,203
6751,350
2932,4633
1752,9339
432,8721
1898,3024
1297,5658
9860,8183
9073,416
460,9246
7251,4844
1744,5030
5020,1555
4734,5079
4142,8424
1231,1134
3158,4334
9262,1892
8700,8110
2342,6892
8215,2642
9497,7304
1347,1228
8637,6888
9786,2933
3088,8289
3199,4806
7837,7142
4907,1212
6375,5318
6462,156
5858,8417
8855,6067
5777,1912
3455,1912
5529,1152
4079,4177
7077,9187
5314,3759
6899,2739
3092,5079
1387,2747
4378,6237
9808,9733
6124,1471
2175,5041
4477,2923
9397,9321
1867,302
4701,1614
6418,5963
422,4365
2107,8324
9202,2468
17,4391
6747,236
8164,9432
4625,7106
9158,2503
8895,7253
5763,6510
3675,1710
7822,5290
1755,3687
7415,5523
1365,1754
921,6361
4991,4807
2767,8045
4886,7377
9558,4233
3066,4597
317,1469
8597,2456
7737,3479
9004,6509
9045,1806
9646,4400
4567,9947
5354,6513
6750,7093
6286,9696
5479,9367
9946,8913
6399,8128
3874,7324
1123,7511
4482,3749
6131,3737
2492,4435
8581,2977
2653,990
8773,2034
7021,3594
810,8756
1349,3739
692,3368
1627,8083
2833,9418
2185,9823
7744,6306
3900,7947
4909,6727
1128,3997
2490,4577
2169,7077
5518,1801
7396,4559
3095,2559
7084,3233
1100,5416
3440,4279
5037,3234
273,6697
4188,9221
7778,4166
8868,503
6936,3088
8471,1884
2785,7715
2182,2009
3313,899
6346,403
6215,9553
1760,6201
1838,4265
4752,2059
399,9564
6270,3749
8644,5797
3177,5644
1687,4441
434,8755
2761,7792
2487,6314
6655,2827
588,8516
8295,7841
5851,2580
5688,602
4322,9811
2935,9639
6635,2529
1718,9435
6570,9222
2935,890
2335,3219
4318,1405
6891,5257
9652,1631
8239,6453
1752,3352
5279,8295
208,3139
3878,5934
3661,3933
3076,6259
1468,1613
7634,6878
905,6378
757,6744
990,1694
5633,606
9402,5701
5429,1790
5212,7281
164,5634
4798,7294
8596,1750
1423,8653
511,807
9161,9423
9943,7978
1521,9695
7559,2550
4732,4349
8068,7744
4894,7107
6226,9265
462,4085
9667,8102
3382,9562
8234,3587
8279,1809
2190,3396
5801,4882
74,5026
863,8275
2433,6879
7161,9011
2334,430
131,6743
2218,6818
9067,4254
9463,8737
5920,4898
873,6596
6998,6894
1876,782
693,4087
7249,4182
4481,5384
8474,7939
3349,4382
980,1220
7657,9292
8349,5689
6098,8156
891,9409
5560,1907
3668,1424
2771,1648
6635,7053
3822,9569
3608,8598
5566,3025
7633,8288
3436,7170
4900,5807
5550,5779
8055,6141
1796,2542
8118,5387
541,6225
7979,1234
4858,1494
9964,2100
2554,8673
7870,9172
5429,1382
2440,687
8885,2981
1394,4213
6494,7027
6860,1064
1453,3430
4875,8464
9358,3084
5950,8168
8488,6185
2543,4792
8340,4251
5285,7856
5899,9515
5173,6094
6845,1731
7945,3693
2589,198
9801,3050
3769,4896
9446,2820
6648,8348
150,3247
6285,5468
3161,2468
4296,8344
3354,6681
1787,5270
9825,72
1113,9938
4453,335
810,7418
6799,228
7436,5769
2857,9411
980,7630
901,405
2658,1448
7115,8398
7938,6384
5866,9524
8047,7459
5440,1991
5954,6139
9573,9537
3240,3785
9073,8811
1857,6688
8093,1081
5429,7761
5975,3875
4161,7919
6751,3569
2527,7150
8126,9027
4180,6461
3399,6778
418,9357
4101,9510
8190,141
1396,3581
812,1604
460,4869
1478,9450
6664,622
4588,9746
2325,3631
3509,8328
9414,6667
9603,9843
1204,7264
4420,3240
114,8796
3493,6891
110,5900
5714,514
8740,5426
233,3047
1581,4818
9468,7834
8836,6041
324,6737
6217,6523
8035,9421
3679,9495
9458,8555
3184,1833
9897,1315
3232,1277
8413,3136
4142,539
755,3964
5287,2019
5283,6632
3333,9701
4344,8357
1589,8829
4691,8466
4038,9514
8399,3938
3885,7530
9472,2601
2118,9316
9573,963
8789,4465
3308,6497
4970,4887
7476,80
1938,3956
478,2200
298,627
1133,3599
495,9150
4124,5479
6225,7041
2446,1547
3574,694
8033,6513
3578,2579
4204,2043
5252,2236
4551,2368
3492,3461
5226,8579
9049,3897
494,8173
1167,6640
3519,4540
1077,3408
1283,7990
3149,9187
8916,8571
3884,9649
6809,6759
8913,3610
2147,1921
7138,8002
6531,9284
402,2841
6281,5271
6576,8134
9927,8794
3929,1551
2420,5119
1772,6584
6460,1315
7438,2454
5620,184
3604,4254
6156,2208
5518,4334
1565,4072
1828,9944
2722,1615
9687,5127
852,5873
3946,8287
8045,7796
3978,613
2685,1102
6536,6696
5659,7585
344,8587
5795,9460
8914,5089
4670,8400
5541,9123
735,5300
8955,4688
7306,9589
9416,5778
1183,7589
2428,4393
9412,430
5224,8038
7057,2108
4589,7814
7428,7700
4416,2361
1748,1477
9241,7966
931,5434
9307,6365
7453,4456
2190,8688
5245,3034
4712,9423
4671,3943
7226,2711
8560,973
3990,582
2833,9708
5215,597
2715,1441
217,4578
204,8045
5647,8793
207,7778
5283,2415
7482,8010
3583,4395
7505,7027
843,2065
5128,7515
8424,7628
6069,5763
4153,4808
3908,3283
641,7737
8884,8635
3127,8747
2238,193
5190,5079
2534,3356
4769,3790
7515,2652
3956,5765
6488,1267
133,7485
5901,6740
1657,990
9511,7255
2372,1360
108,4646
1272,4230
4995,9431
9470,6503
9503,7510
7011,4138
8461,8893
4201,6333
8115,979
9375,1522
4856,4063
8171,9095
2898,4264
8579,8225
395,4539
907,900
2845,4071
6168,1601
6652,1160
2851,3052
4099,3598
5337,6184
8870,1017
6512,3442
2118,1507
4740,5863
1860,4634
320,7059
8525,3001
568,2023
5027,2995
5938,3654
3484,4155
3301,5196
3059,1474
8873,7835
2029,6510
3134,7636
710,4563
5641,4095
6538,4592
1577,5846
5631,8137
1864,740
111,2813
6957,4453
8676,4067
1710,7802
8012,614
7634,845
3644,7130
4532,4155
9361,697
100,4850
3969,1919
5640,3464
3696,6206
7392,2837
8655,7247
7639,63
9263,4070
7317,6752
4595,1456
3825,8646
8082,9020
1812,6343
5004,3763
2473,4142
5620,8533
368,9014
3740,4290
9154,2514
335,449
318,4151
2711,3760
7186,2199
2046,6297
5430,1195
8098,1086
8242,2268
8354,7537
1023,4318
6597,3890
2619,5385
9882,3349
3606,5925
7177,5759
9674,9233
8648,9789
5191,7808
2410,273
3852,7297
3747,3706
7570,7818
6454,2895
5074,5264
6559,5720
1287,614
412,3194
3134,8319
5990,5692
6762,9633
6366,5626
4932,5208
4482,5926
2207,8436
1038,1061
8473,225
7167,6749
3166,8753
2884,57
679,856
813,2839
5696,6883
1957,3279
5238,6213
348,5568
5567,4752
669,3544
6900,1133
4623,7567
1609,7224
390,337
2542,5130
8201,3270
4366,1060
7310,1904
9956,5654
1410,6849
8541,5993
6293,7174
3576,4975
7073,4371
8442,9797
9579,220
9151,3057
435,462
7307,5726
214,5112
3246,4258
5075,5673
6213,1640
1226,4151
8941,6334
1743,6537
99,2461
3502,7778
5159,7440
4905,4571
7583,8244
6813,6331
2712,411
9651,3525
8279,9132
3410,7198
573,3914
3793,9578
8441,8879
2010,9314
199,2502
5482,9732
7542,9474
9206,2584
3735,2893
9463,5434
5026,7105
8550,1592
2931,5581
2610,57
7153,2565
1774,2648
7359,6713
1848,8365
5164,31
8660,9830
5797,3103
167,5623
2858,3516
9103,1339
8141,122
9280,2853
3190,1328
2921,5688
8484,4316
3141,8447
2927,7661
5742,329
3161,6369
956,7445
3363,8027
6026,7718
9435,1744
7049,436
5954,1119
5726,1055
9036,1243
7047,4400
6881,2070
940,4765
5856,4171
9296,7273
3555,3128
902,1462
6478,5942
8880,3608
1153,4023
1410,4247
8045,3659
3717,6288
9363,9567
2056,8297
2072,3523
1937,8351
5989,789
5025,2494
5146,5535
3190,1660
8226,170
9578,1122
5394,6062
2040,6664
380,8439
9662,5196
1600,8069
3902,8799
7185,4320
47,700
7813,7510
3617,9830
7895,2755
8030,3164
6759,4348
5419,1196
4784,2712
6350,9762
7514,3755
41,762
9814,560
3348,8010
4151,4898
9129,4357
9280,4855
1433,9549
6200,7626
1676,5512
4218,9891
806,9230
5769,5509
1156,2876
8849,2612
2294,1288
9129,4913
8279,3538
8084,148
5063,9011
5910,7685
1194,613
3348,6279
1673,2271
4116,4593
6870,5323
9972,4921
7564,2773
9062,815
4469,82
2553,8612
6806,8331
9219,198
9637,9397
6394,5865
4811,750
2786,6403
8243,9333
1312,5027
5234,2470
3037,1151
6017,9170
7063,2154
7894,5063
6369,3934
4449,8465
5787,3099
8146,3244
5388,2556
1560,7925
7323,9346
3187,4812
1678,6463
6411,8952
1833,7377
6730,8119
6008,1498
4948,6080
2088,6728
8455,4503
6095,6133
2141,5036
1788,4493
7102,9009
2745,6551
6803,5494
6125,1491
8677,9363
3102,1278
5732,3009
5235,3925
8915,8917
2120,7652
625,4730
8347,6985
7683,5498
6675,1065
7516,8761
3344,5438
7358,4926
5789,4717
6858,238
3506,1712
5348,4855
3222,5476
5394,8294
9154,7009
8307,1125
1137,1313
4972,6373
4035,9759
990,179
1905,1118
8195,9882
9562,7683
3703,438
5820,9232
6227,6560
1039,6685
68,4459
2395,6261
9626,1689
7545,4794
4013,7786
4679,6294
1402,4691
8309,7040
43,1991
2749,935
917,1573
2576,7230
5995,9165
5002,8052
1248,8432
1575,8415
1065,9027
8400,964
3728,4847
3934,3957
7829,9129
4975,3735
2351,4281
7173,8255
2416,2137
5692,9929
7463,6668
2916,4421
2735,2008
5132,1774
3429,7761
8640,856
3303,420
8201,8966
1815,268
3555,1605
8495,5781
44,2488
6558,5243
6295,2032
8960,1533
5936,5480
2380,4964
8347,635
2279,2218
2117,7650
6391,5065
5548,9502
2370,1249
2507,8046
9988,2500
4333,398
9918,8386
6450,4860
3836,45
6351,8312
4383,8328
1616,7831
8937,8305
4201,8036
9064,5079
9626,3396
7305,8042
9600,468
1662,974
5080,641
6746,5339
3919,2084
6264,3685
373,5896
524,4610
7184,1561
4481,3629
957,395
6754,9879
1761,7828
7476,1316
4925,6391
6544,5161
2608,3486
3487,5024
6870,9811
4365,9557
159,3163
1952,8881
8010,4240
5954,6272
8960,9881
7642,7393
6941,680
1306,4009
1672,4255
1681,8757
8356,4560
3583,2554
16,3328
2521,138
297,6184
99,2038
1263,8152
282,8826
8884,8423
6084,3242
4961,3451
6526,3463
323,6625
645,6509
6338,1706
5793,7724
4995,4275
8411,4161
8115,2559
8720,7201
5523,3667
9277,4626
5764,8621
3450,6901
3896,3794
5299,9059
4903,7795
4961,8291
1907,6395
4808,1062
179,2024
6361,8335
3724,6419
2840,594
4574,6365
7048,2312
2426,9656
8370,732
5826,9840
8356,1414
8168,8516
8230,9505
9080,8405
9608,698
6018,8041
7031,3335
511,9516
6142,8818
8245,1365
3673,2193
9637,8592
4901,8868
5490,7789
8867,3418
9388,4004
1100,2175
4858,2098
5134,1782
2070,3701
4005,6255
8627,9921
7653,2070
3705,6172
5587,6552
8449,3740
5779,7154
1580,2683
1755,3288
6157,596
311,286
6615,3901
7270,9766
4833,1920
9058,2519
5399,1112
7517,4471
5738,1925
9830,7077
87,923
3867,6613
8196,7181
9721,6553
1078,5586
3806,4584
8113,8353
3200,8221
1527,9519
4566,8623
6370,6066
2100,4392
8124,9856
7476,7893
4667,1929
3343,9497
8699,2766
316,7502
7923,636
8479,5385
7945,1161
9075,281
2721,2298
4690,2924
5232,494
5808,8349
9648,4155
9800,621
7068,8483
3518,4013
4635,7650
3044,1798
6217,631
6216,8966
2017,9117
1306,504
6775,6548
7372,638
6577,4161
4178,173
6102,8799
504,6020
7871,704
51,3626
7802,9236
8768,852
9309,5604
5272,8272
2087,5356
8085,9714
1714,1667
6798,3624
501,9800
5326,2059
1926,7243
8963,3781
2492,6324
5171,1305
2115,4852
5656,3315
8105,5287
3212,5469
1493,1699
4448,8795
9687,5567
6710,8981
6538,8115
5806,1230
966,2360
45,565
9059,9339
1562,1496
3352,1891
4787,6223
1040,9788
8588,3180
6526,4800
279,621
7880,4466
8575,4027
2782,5798
254,3
3150,7632
735,5087
7408,9975
2174,4448
8060,5318
7099,425
428,8559
7597,4075
3387,7596
2483,9673
8941,6100
2902,3399
8648,3574
3850,4820
4352,9332
6083,4385
2481,6207
3044,6813
1957,3179
3123,1582
773,5199
9769,414
3772,7532
8341,3008
2631,2984
8720,2093
3993,7781
891,6608
5371,3682
6548,2122
2465,6926
8280,3906
3591,1204
2418,7661
1290,6072
882,7686
4691,1068
9129,2346
7086,3439
2128,1458
2665,1491
7912,9406
872,4521
4283,6715
5525,6283
9426,1088
9604,4854
3073,5115
9461,1314
6029,6003
3411,9136
6221,2873
5305,9359
8414,7104
4596,1610
7552,6470
1860,1985
9566,9454
8796,4179
8811,1708
3544,1477
8920,3932
1614,594
7250,6767
4782,9006
5000,9075
1523,616
2074,7405
9563,9276
6204,8646
4003,259
8698,5647
8284,1880
9862,386
8842,6951
989,1063
3898,4083
9688,1440
1043,3364
5295,1810
4870,2012
6247,7024
9392,6261
5195,6549
366,8473
2824,9486
9199,6668
4627,1986
1413,282
9494,1903
6533,9465
9927,4674
6239,5099
4553,6882
2935,2178
459,1401
8465,4607
7999,2976
3788,4922
870,166
7701,4856
6566,6653
8236,3563
3965,4226
5939,8332
6783,9655
5011,3629
1452,7534
1497,5726
7997,468
3006,5231
2796,5223
9764,8749
7987,934
8428,5354
6381,467
8116,9181
4521,7351
9997,4083
7118,1843
5723,9361
56,1103
7078,2312
8015,3393
7486,2163
5192,1611
9339,9503
6533,193
6098,5127
3432,517
2291,5100
2934,3553
8943,253
8774,1441
2600,713
8040,8266
4304,2590
690,1003
9715,7884
4566,5918
1793,4844
5407,4443
2819,758
9818,4650
4975,5844
6402,7778
8487,7041
9043,4659
43,9020
9904,7276
495,3503
5521,9674
4743,2999
836,239
990,5711
9379,3546
4998,205
8230,3832
954,3753
3935,8102
288,8758
7444,1906
1146,1694
3322,6238
171,4462
5852,8015
3175,5083
3083,3912
8723,8383
5583,4158
507,7108
7084,8888
9426,9612
3360,5734
5156,6491
3816,3754
7064,3585
6355,6247
161,2456
7790,6916
3699,9190
7150,333
947,6847
9212,1207
392,8939
6026,1550
3069,7935
8532,1949
8216,9035
3090,3320
7636,2927
9098,4825
795,9547
8386,7926
3008,4001
3411,8956
4664,2249
3049,906
2184,8161
1862,3244
7706,9439
8663,8657
1289,9365
159,2492
1820,2255
9295,7444
6352,6891
2695,1768
4365,3942
2309,6243
1706,5535
492,5511
7517,9994
2129,4361
2235,9572
8575,8633
7565,414
2042,8301
6947,888
5600,9737
5507,7515
412,3005
7802,6338
5460,6922
6035,390
4738,5202
8629,4229
7919,7339
8854,4047
7451,7232
2862,1740
4522,3093
5750,989
5160,4036
8591,8893
3149,9449
1839,8644
3868,1414
5047,2473
4709,8308
6656,6240
2650,9415
1219,5527
8879,252
311,6377
3482,3377
645,142
7226,7777
7000,6944
9573,4956
8705,5721
4649,9295
9446,4094
2963,4372
5466,2722
1534,6265
3608,5992
420,1301
5433,8106
960,7421
7157,7007
3923,7170
6854,4668
6261,5027
5304,5146
9492,9991
7116,8063
1048,2415
3116,6924
151,1036
1033,6947
6580,4637
7488,2002
6801,6258
4443,2048
982,7970
6979,1539
1306,4501
1683,3116
9742,6991
7160,1328
4777,154
7749,3827
2094,8446
1251,8115
3002,7440
9142,3726
2713,3989
3626,4033
72,1825
2540,1807
4885,288
3253,7658
194,7087
2673,3217
6745,3288
3166,7877
1913,2985
4192,8473
2815,864
2641,2582
9152,9317
550,9881
754,9364
5676,1498
8667,6709
2417,2122
3553,8106
3472,8759
3104,4596
6676,9502
1930,2498
5277,4031
5048,4120
6849,1574
4959,24
7065,3115
2302,5279
2460,3847
8451,6302
7418,3601
8894,8275
6702,1684
2622,5764
4039,5599
23,3592
6816,4122
1492,6466
7930,7023
6089,4586
8907,3788
5218,8874
1568,7956
711,7986
4126,6620
3457,8824
7702,409
1926,7184
7463,2468
3632,9075
670,6022
651,783
296,726
2269,59
5656,6588
3793,6165
7539,3121
4764,5178
5977,2661
6752,3922
7598,3981
7662,4725
5382,887
4214,5086
9968,3019
2939,5242
1785,816
1058,8493
9441,7719
6760,8338
2795,280
9331,1660
6621,9832
4753,4781
5976,9124
8141,1970
7345,3580
3776,954
78,5502
5299,290
8060,2958
2787,2974
3885,1424
7773,1733
7103,9986
361,2953
3351,3224
724,4866
8333,2389
1253,5719
7185,882
9153,4248
9611,5887
8665,6426
4816,9444
6337,256
6496,9682
2844,834
9917,3658
6179,9261
2726,106
3572,4887
5649,5856
1991,7469
8983,8428
604,795
6792,4534
5536,3030
8752,5529
7183,202
8978,2171
9667,44
7600,7081
7674,1067
445,9620
6326,823
9945,6162
8301,1006
6188,3379
9409,9151
5598,2289
6218,3709
4434,9314
8335,8178
2499,5678
5460,8173
2295,4055
3693,553
8528,8361
4545,9084
6993,6688
8586,6633
7550,800
9960,610
5596,3222
7765,989
3911,5673
4739,7169
5090,9131
9650,8766
5961,1762
2798,3223
5379,1933
564,7053
4740,8981
2581,7481
4542,6355
1204,6549
3863,2408
6489,3095
9317,1500
9384,1243
2646,4870
8236,6572
413,6421
9196,3327
3606,1049
5855,6605
9675,9169
8220,3979
2191,8290
4267,183
4311,2016
9559,8784
1785,8492
8580,4658
268,2890
5725,5245
2847,5710
3047,2
2886,8451
9026,1722
4574,4263
1437,1970
162,1798
4424,7318
8438,1282
7221,9353
1232,4844
1800,206
8071,1058
2238,6119
4468,7748
937,5927
3381,7780
6425,8518
3008,7210
5527,4673
565,4833
7803,8603
2892,9186
4221,3140
1645,1754
1976,4323
4414,3083
1722,9811
1511,8764
4425,7080
3233,4398
6096,1149
6205,9068
3606,3580
7554,925
7696,7513
1518,6650
8348,4859
1885,3590
3838,3831
9320,1119
2856,458
7700,6720
2482,2723
8043,4864
3754,1212
9160,5963
2693,8019
8620,7178
659,7465
9773,4577
928,8197
222,7574
3814,5142
4250,6825
9088,2244
5898,6596
1082,3682
4166,176
388,4786
5720,5313
4261,9620
5964,607
5052,8605
691,7315
6946,3648
8103,4746
8844,3867
4841,6857
380,8033
2902,6893
6438,847
1000,1677
3808,3181
6249,3887
7635,4980
2962,4675
6927,7238
1297,9840
5514,750
5209,5081
2552,997
6819,7100
1575,4510
9299,7495
2770,3487
341,1591
3173,3244
1942,8542
8096,5186
5087,4976
3236,1948
8412,6666
5226,950
587,2112
5027,8524
3744,3218
5194,5229
7766,6458
6678,1522
7119,1556
8651,8357
8956,9386
3872,8127
6920,2747
7164,4914
1982,3048
4906,2000
5980,2491
8427,1542
7503,1780
970,473
7821,1393
5738,4171
5106,4905
1788,2426
8658,2197
7101,3814
9806,1851
5036,2764
7041,9993
6986,7843
10,3306
7129,402
1476,8408
4327,2941
7328,8767
1332,4810
9972,3578
4158,5828
205,7884
6510,5083
9776,2428
1195,1910
9695,6078
7917,5271
7143,442
7052,3609
1269,9388
5719,504
3497,967
672,7964
4130,4534
6116,4164
8953,5777
5032,9179
6698,6584
4031,3466
1325,2207
8185,5930
5779,9590
7606,8307
988,4308
8776,2870
3477,6096
437,2372
8606,3483
3323,8665
3674,6861
6047,5497
9312,1210
7950,6965
2174,9249
3860,1161
77,6993
8395,693
4815,5112
7627,8726
3365,2282
5232,9649
3949,218
3049,331
9945,56
2157,4008
1883,2823
2024,9598
8892,570
2995,3093
44,9594
3473,8205
1283,1798
2645,428
9126,1608
785,9714
213,6288
426,9195
6578,2063
3559,5425
7308,9890
7352,5899
9049,7881
8356,199
5154,3251
1946,1903
8840,9688
2713,2938
8212,3059
155,1058
3564,5177
1868,1469
3890,5082
3544,522
9030,483
5523,298
6188,5630
8834,3385
3240,1271
9446,2791
8486,3659
6457,3000
6294,5343
7233,6244
2372,3418
9569,875
5414,3392
8495,2601
926,2877
8144,3522
927,4154
9423,1962
45,6462
8925,7891
5805,7508
9315,7540
9867,373
2883,9827
9083,5026
3740,943
3415,1377
5867,4940
5415,6785
3694,3723
3166,107
7269,6277
9665,3639
5250,7669
5187,2536
8975,6767
1611,8789
1870,8241
7287,9445
3963,5572
1818,5062
5230,6143
5264,4923
4989,3144
6323,255
5807,7175
1398,9114
6202,9546
9918,5935
8542,7855
8065,4143
139,4097
3014,3502
3068,6321
1100,559
9991,1872
9943,4575
3436,391
3685,27
3403,9300
4222,1503
3763,4465
3178,8189
4805,6962
8908,6278
7399,427
3164,2215
5428,4396
6931,8338
6656,890
9903,9080
3178,379
3638,6721
314,3565
2776,1240
6330,2131
2093,3973
5104,669
4221,2424
4777,1603
7230,9727
386,7407
8024,884
384,9124
1045,1926
8031,7470
7236,1090
4216,2535
5628,9791
523,7427
6557,787
3612,9993
595,6820
4778,2079
212,8463
9210,9905
5449,831
4322,2221
1561,3114
546,5006
288,8542
9917,898
6910,6899
1092,2218
6476,1773
9172,8575
1370,7073
3302,3851
1108,5745
452,2571
3123,8630
8828,9359
8959,6713
4861,1930
7634,9342
7549,6237
7176,1453
8045,2443
3763,8606
2932,6584
7306,1136
1496,7347
8769,8039
2076,3037
5173,5440
9427,9572
7134,4498
643,4385
7670,7426
4244,6459
1912,9186
4727,9317
7698,808
9476,1083
6677,6007
3259,7076
6363,6604
6044,3716
7352,9447
4178,5745
4168,1012
3819,1584
4344,6181
4115,4220
8545,6894
8205,178
3168,764
5795,8123
241,3171
3621,8887
553,7506
1933,8642
8530,4917
4259,9958
7905,6023
1789,2189
7411,4674
8414,6113
3862,9317
6079,8035
3909,9360
5452,2132
5979,7535
4117,786
1961,3585
3332,2563
9858,3012
6638,4519
7747,286
5458,8541
192,5882
271,2485
2250,3294
3027,3629
3389,4933
2365,3018
7077,2782
6292,8741
4224,2751
8577,3983
9822,6711
7622,8978
1814,1839
4674,6518
4147,7372
4557,7741
2123,517
5790,1916
3391,267
2108,5830
6878,649
8992,6038
7397,6777
7626,5145
6913,6977
4619,917
2853,7656
2687,2266
3991,7193
3485,1828
5156,5011
6007,8698
548,7002
8620,2566
8008,1774
2509,9681
6464,8549
1005,9082
1801,5768
5057,5251
8468,4967
3654,9417
9073,2826
98,9614
8842,4581
2435,1668
5660,4278
3316,4919
2688,6014
8014,5976
8185,6666
2155,354
4229,8718
4534,3003
5638,9373
7854,5145
6747,9271
6824,5486
8103,7758
8580,4865
3459,6119
5080,4570
8607,5674
5721,4042
3,6406
57,5941
4548,9669
4970,7357
5411,4166
6496,5852
9199,4349
4676,9662
9162,3187
2532,8040
3033,4043
7672,8105
5445,4995
2688,699
2911,9571
314,3798
5521,4773
5999,8562
79,1856
8605,1206
4155,6835
5631,3986
8936,9195
9320,7733
8439,449
2798,4380
8925,7811
2147,3048
374,8525
9200,2554
3442,372
8618,4958
5373,6991
8310,673
3213,6338
2072,6113
1780,4856
1303,8832
8022,1372
3709,1027
9028,6964
1754,4141
5974,8123
5608,2307
6168,5146
138,1308
7611,5826
2397,3767
5548,3928
1664,9177
1122,6621
6992,9569
1921,6553
4460,890
6187,1524
9960,1229
7894,224
4589,8704
2009,710
9436,4926
8256,9868
6611,1284
2031,3568
2841,534
6626,6292
8947,4156
6883,4774
1577,9708
3717,9226
6354,7509
5133,1382
4156,2501
3121,1722
2409,6120
7897,1482
5379,8141
5297,969
3263,7366
3200,9299
9919,4061
5491,8
2194,7486
5875,2144
6342,8741
2021,3727
4014,1668
1584,5847
2974,5296
4185,548
7427,4329
8634,6328
5376,4244
145,3380
370,9735
2724,5711
8901,353
8547,5446
6656,1587
1478,8240
9852,5935
9973,9357
6178,9003
9430,6987
6482,8994
3697,2836
6895,4488
3696,6231
3143,8839
6914,2369
8129,5867
207,2232
431,7286
2981,7876
7235,9072
6480,4746
4430,2079
5081,7255
2339,5839
8581,2213
5547,5887
5278,1437
2769,5288
5775,2185
8525,5146
7753,5684
494,8228
4323,929
3424,1664
8590,5541
606,1721
9190,3234
833,3609
4020,3168
5894,5460
7616,9786
2845,6699
3972,499
1069,7261
2428,3667
9958,9697
7610,8818
2159,8296
7926,4175
8701,4002
8466,7069
4309,2112
5131,715
4904,2690
939,9662
1341,3628
1132,3086
9293,2041
3607,3114
2376,2796
7051,3272
3221,1375
1401,7789
7782,7083
2267,7525
25,4882
9429,1104
715,9052
1811,650
360,2364
8130,4996
2766,7758
6428,4916
5839,7167
4811,7382
4724,1545
2766,2189
3022,5498
5529,9515
7064,2112
662,712
2233,1731
4970,1618
534,7662
1779,2866
8020,6844
3725,2263
6491,6139
3124,5169
4454,9952
1859,1900
4118,2359
7403,4550
4390,8404
6399,9823
3962,1723
8572,5740
4881,6232
1462,9096
4025,5852
7678,568
1425,6869
1072,1673
6777,2841
5640,2041
5302,415
9364,8030
4611,9802
5029,1670
9601,2626
3151,9869
7150,5825
2176,3909
404,6759
9709,1861
9864,5450
9368,1792
1347,3725
414,7568
7453,7132
4141,6735
5813,6993
4018,9586
589,838
4112,1651
2338,3512
5757,1145
3690,453
2550,9126
374,3186
3411,9756
4551,8891
3989,1597
3165,1159
5900,8575
362,7494
9285,3480
6996,3531
8881,235
6746,7856
9409,1438
9966,5483
4508,2535
6768,4059
9155,963
1804,2270
4732,3379
2986,8691
4314,2356
5027,550
6782,1673
5971,4078
1671,327
5066,319
7444,3853
380,8220
5066,9790
7624,5149
5682,1372
6518,1384
6217,3186
1545,9871
5835,3774
7829,6118
9226,7481
9690,9264
3944,1988
5390,1957
4260,7026
7720,4786
2816,8012
4904,8397
3345,933
7733,1363
4257,5722
1391,4463
8431,3781
5203,4681
3061,8751
3676,1705
3433,7711
7142,6023
8733,7556
3725,8241
450,8266
3973,4600
1273,413
3923,8263
6186,5351
7672,6720
7277,6903
3422,2981
6838,3169
4267,7040
5310,7659
4483,5088
5532,4619
7258,9472
8066,635
7430,6470
4180,5894
7570,4885
931,7506
2864,8095
760,4106
1926,8698
6844,6998
5945,1885
1332,3097
5879,8184
9402,6551
5934,2910
9078,6673
4314,928
9131,2111
3932,8374
7438,8120
6790,4204
2082,4305
242,5736
6927,2976
7938,8596
2112,3771
7891,7276
3211,7234
7163,9301
3420,8150
2817,9703
4715,1444
2219,4089
9420,802
2674,6712
3461,9717
9587,1955
4409,6381
2959,1990
4899,5549
897,9169
4575,6122
5007,5221
5426,5280
8538,74
8921,332
3104,6960
1535,3209
9841,8816
7305,2090
6430,8973
2043,2737
4301,1821
4109,1162
9209,8894
5880,5319
2231,5607
331,8696
9683,9532
7338,7830
6201,557
54,3997
687,7756
8807,2228
4479,105
645,8746
9555,4875
3942,911
3833,4749
7890,3308
150,9731
5619,4832
9863,3304
1304,7031
2018,1654
6233,6521
7227,9008
724,3101
2242,4159
3158,5640
3418,2071
8645,5670
165,9446
2922,2948
779,5289
4044,9383
4585,298
9047,9260
5701,3577
1564,109
2336,9638
5234,2221
5605,2121
8682,9488
5326,3022
5184,5578
2805,5248
9037,4947
6552,7873
4314,1955
8870,9331
8767,1072
7814,8134
4185,1744
1238,5231
2457,1549
1297,8977
4313,2277
1834,2154
3050,8123
2357,9836
6234,654
5557,3479
7697,9395
1984,5136
4618,6721
782,4272
8478,6873
8096,6652
6315,7488
7806,4060
5812,7387
7801,889
419,7446
2511,7272
7018,2529
5148,3806
8950,1959
109,6831
1572,92
1040,1048
8686,7234
1304,1396
1982,8696
3629,4654
7779,6112
8464,101
9473,7787
1788,5173
9747,1524
5367,679
9387,4278
4248,1927
8122,7978
8322,5054
524,8736
1758,6428
3354,5578
2408,7155
6867,1392
9840,6851
5204,7347
6305,9981
4420,4642
1182,5911
9261,5378
6055,251
8580,3630
5179,508
5290,7531
5048,5158
4363,5749
4461,7392
5955,9436
8145,9377
3856,21
4493,12
7891,1214
8164,8906
3536,2034
5491,1747
9285,5317
4034,8728
9144,2333
5034,9472
8120,5277
8737,7788
2325,1455
7601,2537
1036,8140
8744,4130
2699,5467
7704,2704
4579,7077
157,9503
891,7185
2735,9965
4528,4097
6557,8994
9770,3111
9610,5863
26,4437
2772,5013
7744,7584
3806,7546
9258,2272
5472,3050
8710,9543
3285,8896
2184,8123
7682,3136
1847,3442
5734,1482
9825,5449
9996,4381
3823,9425
5357,1078
1716,9238
9587,5011
686,2685
3753,8792
975,7562
7406,9437
2742,4923
4184,8802
4806,9189
2644,5248
9096,4441
9836,5998
7020,7474
3730,540
9611,5565
8233,816
2984,117
9298,1835
1205,1499
2260,1782
2689,3295
5317,5758
7215,9981
5605,4409
6466,950
9882,4116
2228,3274
5541,5356
1974,3199
5971,453
1282,8913
7488,8889
9276,406
998,6656
551,6476
1140,1305
1955,3250
170,867
7332,208
1280,9658
5999,5700
6085,3633
8749,7289
2565,2472
946,3781
9444,1002
4055,6992
9880,8342
243,2125
435,1384
5704,5974
3453,5476
9754,2904
5216,5790
7546,8184
4717,7896
4737,3008
9804,441
5816,1419
3264,3063
8052,6040
3465,6337
6431,3982
4355,6171
4833,7037
5772,6342
110,3644
8979,3371
1193,1877
5276,8420
502,7561
896,6808
9052,6161
8545,3217
9897,9154
5738,6588
5616,1692
8709,2796
2142,2031
7031,202
3915,203
678,4093
427,8147
6634,7379
2852,6284
5153,5833
7449,7223
4701,6973
277,7529
9528,893
4308,1924
4536,8107
4779,5508
9197,7920
1912,9320
6774,1210
1188,8106
9140,4627
4900,9597
7159,8319
6575,5522
1588,6450
6682,407
3448,1419
3951,7421
2262,7617
6572,9764
3612,3945
8056,3413
7908,2785
4832,9275
1078,8124
3520,7391
6667,202
5981,6207
5452,6099
4495,8827
7993,8881
1676,3180
1685,823
6574,7408
6526,5585
6359,8630
7019,2857
5803,3970
4207,307
2380,5598
3354,4022
8627,2638
5918,2504
1866,2254
1422,5028
1446,7210
9075,5083
1714,5993
4552,2276
3447,5239
7589,6625
4999,7118
906,4528
1929,2513
3009,1338
4750,3028
8757,491
9346,1227
1554,1343
8510,9069
8594,1014
6731,708
7302,3155
9521,7300
6118,999
1181,2342
9535,8820
9361,7121
3243,9105
1621,7843
9407,3210
7947,273
3197,2080
8208,2649
3034,3780
5278,5344
5818,7067
5967,4525
4791,1487
4077,5777
9105,3859
1428,5873
5951,944
9880,2129
3923,5008
6563,7935
9628,5942
8726,5033
5589,8056
6593,1260
7579,2091
2830,7883
6747,5162
5128,2376
4202,786
8681,2722
3118,7596
3872,6747
4138,8408
9426,292
823,4946
5815,1719
2861,9140
6645,3889
337,8840
7834,9834
6616,8504
7218,5314
1466,1924
73,5082
7890,3935
2314,3068
7090,9799
2070,1400
6547,4191
1729,6061
7993,8442
8646,3648
6709,1142
3018,9819
3189,9747
2318,3845
1318,2431
7422,4826
4121,687
2726,7
5123,9964
5429,2100
1983,7287
2329,4126
6814,4938
7818,2128
4415,9869
8563,2461
6217,9682
6042,5405
4613,3998
1825,4802
9992,1764
2485,1989
4478,7375
7476,7506
8371,4075
2555,4301
9482,8193
4493,1247
7489,2157
8624,1585
1227,1102
6594,2723
1117,3978
3897,8250
69,1147
5991,1476
787,1130
1276,7257
1819,9910
5846,2816
5075,8145
1235,7099
2008,3208
5767,4112
6941,5629
9929,6036
2227,6162
8343,5158
8404,9155
6587,5734
5224,1137
8821,6528
7195,7047
1847,3657
6550,8891
576,3188
6618,4578
2352,8498
1291,1472
1034,2036
9737,1228
4423,158
3785,3052
8663,6921
6786,6689
8467,4693
7940,241
4622,2106
9811,9085
6122,3865
1186,9887
6214,340
4521,6978
3013,3254
169,6574
2442,2304
9830,8126
6239,3153
4387,6768
7269,8098
5644,1768
2342,6779
3436,2513
6822,3413
7247,2402
6072,4957
1058,2424
8045,3682
3031,3237
3671,8475
5636,2597
1963,9176
3707,5817
4229,1251
2644,4099
7382,5298
4790,8444
1544,6045
8932,7717
1490,4902
9652,9112
5094,3354
3468,714
8600,1570
1638,31
5082,7638
2418,5690
4162,1839
3385,8880
6893,1559
8575,2168
28,7840
7923,8049
3453,5853
9713,2992
2917,6321
438,3732
3704,7442
6419,9047
3323,4281
6682,2436
321,7673
501,5808
50,7594
2327,7671
7946,2497
2554,2547
301,6558
8775,1755
8296,3425
2773,5478
2147,441
2504,170
3138,3227
9578,5558
4763,6763
5608,2248
2178,5546
5891,8443
9263,4109
4727,9713
7057,3701
1032,4521
9276,3312
3528,6526
3166,9244
9189,4075
144,6995
8079,2782
3272,2936
1175,8616
8619,4060
9475,4126
63,9532
1807,2880
3454,555
9469,1476
8518,744
877,6622
8958,6780
5095,5085
7539,322
6773,4181
4977,4643
3998,8980
3853,429
5229,787
1967,1103
5296,444
4189,931
2028,435
8946,6745
430,1666
6973,7436
9548,964
5462,7172
3690,8334
4011,5751
6985,485
809,3740
2362,6848
1942,8622
4720,827
1579,1401
3923,3012
207,6964
3872,7462
7647,9515
6590,5984
5546,9431
4011,6802
4280,5356
7365,9203
3370,7872
7541,4513
3612,7139
4870,6070
9015,63
4276,7827
6996,6573
7887,3644
43,321
3310,8351
3833,5220
4160,1506
8320,7980
1709,2281
9448,3610
8955,7073
2051,7487
9150,476
6111,6252
5239,9401
5092,8581
6909,703
7469,9376
1832,7814
7907,9088
3369,450
7301,297
6632,9692
6164,1471
8518,6367
5483,7248
9233,1740
5819,1178
4550,5611
4724,682
2592,8271
6304,3266
270,5108
7306,2854
4915,1751
6972,1428
9143,7218
2262,9005
4139,1042
5962,7124
2410,8023
6051,6002
8347,8888
1238,9828
1554,1665
8577,9474
7398,3514
7601,7996
9661,5941
4960,6755
260,9923
4874,1585
4315,8851
4624,3702
9789,4600
7782,3040
8557,2854
2711,5334
1708,8889
3368,9249
2855,866
2266,4983
7564,3888
4297,3286
7037,3510
5105,74
9086,5006
6225,8891
9833,1946
7591,4998
1665,6402
1675,7013
1219,655
3896,4782
5800,1443
3141,5797
3607,6691
5281,9311
727,9715
5245,5572
2994,3404
4595,735
4726,140
1252,5254
2085,9338
2128,5393
8284,7364
8078,41
9648,9479
8700,4494
1396,9082
5424,6660
247,9112
6140,6059
219,3368
8368,9642
9344,7434
6682,2472
7535,3537
1448,5654
4291,1815
6558,9148
4993,8225
419,8479
8072,1553
3478,6907
9267,9346
414,8787
8972,1811
9391,1954
2763,4883
2408,2269
2908,53
4648,9655
1582,1856
401,896
7399,3526
1030,2923
3957,9471
8622,2779
5231,8417
538,7545
9658,1102
3011,1668
7208,4955
2860,134
795,6296
6567,6975
8008,3952
3715,2977
470,8639
8931,9591
421,5739
3002,1714
7787,2768
355,5697
9753,4268
2493,28
1677,5076
114,7821
6513,737
4265,8716
8272,5579
8002,3782
7481,320
5055,9433
8460,560
6354,9695
4049,1464
304,1908
2168,1978
3045,7077
6842,3109
5858,1143
8079,6758
5777,8881
473,8139
2393,3864
158,6592
1932,3733
2387,1928
9022,1396
9907,5097
4161,4812
9119,3028
1563,8822
3071,2975
3769,2700
8231,4113
3021,8367
6453,698
1698,9396
4726,460
480,2589
7288,3226
7707,6512
6586,748
5910,8102
2112,604
421,7218
1059,8736
3264,8523
6613,4804
3427,4296
3314,7955
4530,5431
9442,9058
1802,11
4810,5705
5107,64
9507,4975
6545,6491
3666,4881
1450,3522
3782,8750
242,245
3777,8722
2418,4136
8909,2349
4327,3503
4496,1488
1382,2357
7594,611
4045,920
8027,6101
2693,4900
6754,8449
4419,8218
4272,3658
6062,2189
3386,6531
1419,1034
7645,2717
4917,209
7756,5054
2056,5220
7365,5146
5868,2587
5971,4001
5486,2017
4764,6821
6922,9758
313,5046
7429,9522
2822,5579
1687,5739
9216,1583
2630,6291
9755,4294
3149,3194
7830,7851
8875,3147
7782,2344
5256,9053
7838,6032
7987,2488
8544,2076
2950,3698
8494,3488
555,2166
4889,4553
600,7663
3243,8966
5861,182
1792,7856
9294,5526
5006,3672
9636,9192
2981,7947
255,1936
1185,8692
6478,627
3661,2174
5246,6083
6802,2164
7016,1881
8430,6136
741,7710
3855,2060
7613,6166
8414,9392
2477,7706
4328,7352
6519,3296
7575,6041
899,9000
4208,385
6916,1333
582,656
325,9527
6332,118
8434,545
5543,1259
8562,4492
4145,469
3650,8263
5146,5513
7822,3849
8729,993
3464,8885
2881,8534
8170,1272
2671,1306
3032,8419
4479,1573
9599,4511
7582,410
3579,7857
2809,8070
3924,5164
5557,148
6983,1678
2056,7071
9491,1720
1525,5301
5898,8749
4661,4933
8440,3062
9888,8437
1136,4479
9644,7666
9697,4690
4124,9428
8055,3150
265,4909
7790,3059
6958,6895
8338,141
8013,5655
226,699
2367,3338
9218,315
9609,266
4592,9203
346,2916
7230,8398
4320,570
7614,4930
75,5048
6220,8586
5305,6933
2100,8997
5553,9480
3749,3562
2491,3716
6494,581
8732,8354
676,6627
7663,394
2677,1110
6063,1629
5831,6773
2369,4625
5914,9908
5518,6970
3900,8027
2527,9154
3387,5013
5921,7781
8165,4151
6071,4875
9323,3851
9103,9570
1908,4025
9293,5592
1598,9233
6467,1042
8399,2023
9810,828
8297,7339
2090,494
780,6211
253,7846
7494,2584
5362,5144
2406,5562
6854,6095
3582,8785
1693,2862
2166,8353
3205,4232
204,6089
9259,1736
4409,9016
7383,4510
6160,6348
7459,3415
1696,9272
8537,7432
873,9746
5610,8582
9083,6982
2602,2612
2809,5898
7561,4922
7597,3280
7261,143
8245,2049
8427,9652
6507,2844
9748,4924
8098,9403
4428,2715
3948,4493
1142,5593
1224,5414
5434,371
9049,8352
9881,2159
8850,4411
9272,5034
7582,5256
632,8304
2972,7230
8662,6264
9239,6999
7053,9369
7827,4107
2713,3420
2579,455
4279,1295
5528,8009
4089,7475
2212,5002
4325,996
8925,4888
301,2082
4413,8831
2809,3280
2293,9668
5168,1832
6466,9054
8678,297
1400,9377
5215,2671
5451,9384
4050,3742
6476,8574
233,1562
8064,841
3316,9109
1149,1636
8221,2950
29,6840
3046,5986
7237,5126
1630,5690
6816,387
6515,8721
6356,2417
1554,5272
7094,3286
3338,1401
9128,6442
4398,9420
4097,9074
7209,5592
1958,9652
4043,1434
9748,823
7458,6843
959,2249
868,7025
6996,9772
8664,1413
2059,5486
6101,4188
9528,5107
4578,4804
9617,3857
3293,8684
1354,4168
3655,8593
220,5916
8044,433
8452,5504
1152,3614
7063,3937
8245,4337
3027,2764
6313,7239
8449,5357
7869,7117
3879,7333
4816,4819
298,3143
3177,192
8688,5007
3316,1667
6899,5919
3635,4785
9314,9848
6134,2927
818,9473
9526,2813
6753,3191
7387,3645
3019,7970
5709,3679
7061,1967
6631,9291
2487,1071
8599,235
9559,235
8786,5778
3168,210
8533,9004
6738,1233
9767,1891
9682,5582
4186,2139
3794,2337
7840,4971
7276,2128
9962,4776
7383,645
8523,7856
3884,5774
2091,4976
3075,1137
6551,2163
8662,633
4102,9319
7239,2561
2663,2573
4029,3772
7766,1277
1370,2799
4445,3620
7784,9340
4007,9035
2513,1548
352,8645
8046,8967
3816,2756
2167,8467
5798,2729
1834,2935
5513,2630
3735,5307
1594,6450
3527,4718
1565,8280
1212,8275
502,4956
7508,6345
3081,6972
9191,8454
9177,6126
3136,8015
1106,8812
4937,8711
387,2136
8558,2721
6434,6797
7764,6323
2772,901
6418,6233
308,721
1405,1811
8576,3160
9154,1901
4883,3870
8829,6345
2732,9760
7190,8842
9022,1274
6907,7935
8497,1061
4728,7771
5607,7040
5939,8701
152,2026
1764,5569
9982,3850
6961,2418
749,811
4104,8138
6506,7799
8502,2919
7068,6494
5493,444
6208,3363
9153,5889
22,8563
7099,4648
521,5555
9863,9342
2348,1270
5520,4361
7296,4792
268,4052
5778,2265
6170,2532
4097,9049
3367,1254
8189,4204
816,3768
3531,5099
865,3232
6101,9031
2588,6141
9342,8058
9334,3976
5379,6604
3099,7910
1069,3646
2977,1901
6596,4279
2826,9856
1549,2825
5284,4601
5027,3439
2939,1507
7204,5542
7086,5361
8290,6596
2302,3117
2762,2601
9010,5377
1329,8465
9544,7100
9834,8738
2230,9266
3765,425
1966,9330
4626,7947
7456,1509
2882,3754
3866,8480
9150,5623
1579,8422
817,6831
4837,3438
9504,9091
6608,3612
3787,7416
5243,3838
3131,663
5741,6341
234,1937
4490,1758
7763,2451
5281,2140
6318,114
5026,3876
2798,5156
8653,165
9638,5787
5253,2578
8117,1902
1732,8413
6483,1157
5480,4417
4547,4001
6635,4876
9208,6821
6064,919
5492,5205
9561,6804
9820,8602
2870,3139
9767,303
8215,1088
6469,3740
6963,8733
8764,2236
1761,1960
9534,4205
1187,9224
214,7011
3363,8633
3441,3625
7302,5890
9114,3477
2285,9199
2494,183
3754,6304
8334,1710
3439,7725
9618,5335
9298,4916
8602,67
7437,945
7120,9619
4353,8617
9994,6291
7739,418
6715,8880
3231,3970
2585,167
2065,7411
4057,2956
3570,6928
1846,5795
3543,815
2497,5247
9750,6475
4450,2997
5498,1757
6413,9756
6389,2310
2224,9283
7109,2203
1193,1918
5647,4541
132,7935
3080,9619
1345,3405
307,6391
4452,2116
6356,1963
5286,3080
1075,1142
809,1991
9261,1422
4297,1771
5748,4931
7646,6472
7222,9238
5198,6184
299,2580
9311,8400
855,5667
4218,6015
3120,4456
5835,1187
4234,2355
2517,135
7534,5320
9763,5917
7065,7898
8041,1332
385,9685
4056,358
3954,4440
6064,5089
3302,5006
3088,5536
9779,6184
2937,2949
813,5080
6784,8373
2461,92
9218,3520
586,1142
2579,7419
9604,1652
111,956
7584,6416
129,3297
1132,1222
8673,2606
5908,3021
5592,7777
2989,8372
1280,5619
3999,9419
9431,126
4656,8635
2034,4022
4667,2467
4957,6661
2416,3888
9776,3030
389,7656
7406,8477
6282,3075
4615,7458
8633,7158
5021,680
2940,301
7492,4558
313,3140
899,6162
8905,211
1735,381
1350,5300
1398,3823
4562,7826
8720,1927
1524,6368
5778,1518
6110,9842
5269,5697
90,3996
3043,1002
8098,2806
5562,234
9791,5528
9864,2229
762,2104
7878,969
190,3501
2146,284
6926,9327
8036,9042
8386,8157
7266,5336
6269,6026
3615,8768
9642,1796
4862,1321
4789,5299
8788,4874
1286,3835
2875,4346
2519,8030
3091,6463
2295,7969
3844,3026
1287,6105
174,5035
2818,8690
2353,1855
9098,4012
2680,1586
3949,1458
9440,8922
2471,9192
8279,4418
3760,2000
8992,6215
294,6857
3155,6147
6117,3957
5600,8787
2675,3590
1332,4183
1961,2884
1908,5222
7403,3117
950,1772
1800,7338
6864,6849
1452,8873
4680,9590
5795,9340
666,9983
4537,8174
7528,8983
7853,9021
6747,8613
8836,7353
1496,6746
6585,3895
718,1875
6210,5186
4412,3361
5662,3391
5728,290
9450,1243
4825,747
1859,1715
110,5717
7557,9919
9447,4674
2994,6397
8377,5802
9343,1494
3168,5334
4152,4686
2964,6696
6100,589
974,7077
7747,4581
9556,4192
6115,912
4208,8197
5842,4424
5551,1406
7166,8146
3637,293
3560,8200
8333,6135
1816,9009
4094,2001
4889,3183
2138,4138
3445,7268
2464,9677
1979,1858
1361,6081
9932,5854
9087,2646
9478,9472
1218,7071
9096,730
3588,2454
3652,9330
7148,7728
8722,686
3144,7439
5169,2571
9123,846
6936,42
8998,2556
5067,2392
7354,2120
8617,4120
1708,6661
6386,5503
6266,7770
4726,7803
9290,4105
7977,1329
9449,585
4002,8002
3024,9267
9443,8025
9315,1606
1843,9315
3636,4967
2406,4203
1380,8248
8238,66
3146,1651
8987,5624
1900,9652
2990,3305
8041,1441
9643,4231
7945,246
5677,9007
6140,9473
4067,1275
9791,4791
552,180
3054,6369
4160,8881
7683,1862
9486,6368
3036,342
7523,9792
6747,5841
2994,8793
9367,6274
7278,4600
1119,7483
3812,9979
815,5662
6853,3365
9979,1253
2732,1727
3096,1630
4286,8684
4394,9511
783,5287
584,7602
1008,618
172,7253
6,2013
8550,4049
471,5338
7280,7628
3534,9241
9836,2269
4990,8093
9674,7171
1650,5818
6566,7251
8787,6209
766,3245
6771,4089
1505,3098
278,8076
3970,6771
3920,8555
9676,4609
4537,719
9359,5820
2445,8509
6665,178
8561,4437
8801,4951
240,9831
1564,307
9747,5731
6066,2173
9183,8780
8954,7730
2967,5991
242,4833
4722,7446
3643,4838
9144,1323
8897,2017
2279,1003
5721,6306
5266,1570
7091,8068
5080,4156
7342,307
2114,5351
4922,7131
134,6451
7689,2830
6953,2850
6575,6482
3154,2530
1097,5125
9785,5140
9962,29
1182,6136
3040,6049
6149,23
9284,6669
127,3788
1648,4710
7205,7168
5276,7851
8045,6066
2209,9491
3007,9791
5774,777
257,8611
4105,8513
2287,7740
8477,9974
4006,3670
6545,417
6175,5561
3898,1720
8361,1020
5719,1825
4495,2724
1833,5137
1273,5037
5430,661
3214,211
883,9788
3878,1741
2622,7327
5582,4855
3374,8398
1349,2699
3042,377
4867,5564
1030,3415
474,9406
7797,9254
3652,2005
9432,9056
3548,5176
396,7015
6712,7505
9473,6413
3108,501
3358,7074
3866,3211
8562,874
9293,2794
8342,5994
7334,7043
9279,9215
533,9896
6319,4188
7689,7719
7306,9438
9834,1736
8870,1005
8499,7119
4988,5313
2510,477
3548,1342
2552,2809
4957,510
6147,3623
7889,90
762,9187
4390,6021
5983,3516
4329,4772
9872,304
5158,2510
2105,7231
1210,3868
3795,8494
873,1852
5113,1755
6060,5992
7131,6536
6034,4334
2587,8502
519,220
2117,8352
7026,1147
1916,10000
3432,629
7295,6561
126,6067
2955,2947
1227,8919
7226,4165
4716,9554
7065,6642
3058,8676
7719,6746
2502,6542
2441,8300
7996,4341
3322,7581
9557,8262
496,8375
9102,672
8202,4321
9078,786
8069,7927
7869,3218
286,4150
3160,4631
2818,534
9361,484
160,932
9676,4082
2288,4683
3348,7512
9278,5871
4675,6714
1134,2549
4592,2907
8675,1666
1939,9248
9355,8351
5412,5650
5490,5606
8722,8207
1975,9371
5055,7518
8219,6266
3848,2878
5349,1961
9443,4986
3491,4665
9393,7706
4876,3455
7955,6121
3088,6905
3032,2863
5984,9935
7892,4187
5162,1560
7373,3726
2205,230
6975,7158
9627,8495
9600,3557
3372,6377
4477,8222
8303,5041
850,9148
7644,5239
4137,2479
1205,1914
1578,3812
6106,7884
1921,6863
5035,2065
1678,2056
984,8505
1333,1679
6869,5384
7989,4173
3625,4943
1478,808
1782,7528
3051,8419
3235,8963
3720,9440
804,7288
9389,291
1051,4456
1040,5588
8008,1733
1048,2720
5292,1754
3205,1981
4523,2616
158,1608
9296,2671
3650,6493
8394,3573
8928,162
580,5750
8610,2577
5203,7352
5828,1360
6440,5033
7635,3662
1781,3335
256,2828
6492,380
115,1365
4995,7765
4508,7148
2420,2861
8453,3473
8113,5978
4276,927
1701,2980
733,6645
3589,6717
3619,1454
6853,3554
2623,4240
2999,7788
6009,3886
1278,8371
6003,7530
800,8736
1190,6267
3738,9565
3748,2550
1998,988
2556,8140
3928,4401
9435,8624
6126,4124
2864,8147
2805,1047
5528,2638
1616,2904
1784,907
1572,2771
1049,6641
6183,2864
3806,8938
5078,7572
4561,8034
806,303
4139,8510
1874,9633
2018,775
9299,4185
2252,7682
3054,6236
8674,1341
966,6766
3424,3991
371,6977
1065,8189
5163,1415
1944,2269
1500,5509
4625,8729
3723,8246
1141,9001
6375,424
5557,2957
1431,2760
253,3886
146,1941
8946,2368
2509,1635
9350,9367
7486,9807
7336,3682
7280,6634
3769,1896
3135,9172
4888,9901
1891,6294
9280,7233
9658,763
8327,1318
206,4828
9975,5677
8598,1799
8378,1660
4391,5179
2478,1149
3115,4883
7656,2741
6938,5020
372,3007
9493,7973
8683,885
6642,866
3549,8922
1008,2797
4286,711
6716,4922
7517,6993
9021,7236
8543,3395
3066,1417
4043,9854
7532,2256
2542,6409
4910,4082
62,5526
3584,1612
4684,9874
1578,7535
115,3112
5950,6738
4445,7252
8934,8421
4948,9103
1229,1250
1061,3628
1289,754
7249,9741
9686,7386
5342,6115
9102,8976
1707,6224
6628,813
7472,6250
6673,6737
6355,8783
1461,3742
4007,16
5231,7170
8655,7915
7880,3252
4737,7497
121,9722
2821,2096
1789,6149
92,3622
2769,6266
1790,403
695,45
5884,7393
794,8604
5492,3027
940,9125
2754,991
6379,1365
3139,137
1571,7070
4101,3054
9197,9812
7211,4506
1044,5429
8941,4614
3864,275
7692,8737
2043,9839
7202,2074
9769,2947
1128,6007
5318,7739
1313,5109
5839,7649
1124,8909
2594,5557
8359,431
8169,9669
6230,7966
3729,3134
4483,9752
4553,9263
9144,7344
518,5559
3608,1993
8419,6475
1779,9249
5686,8741
1368,1367
5822,4299
1812,5579
2712,3755
3497,6801
1009,5425
2283,3634
54,9589
8019,303
1863,5140
6982,8418
5994,8473
8112,8947
8123,8935
7210,8131
2081,6038
9179,2953
1644,4503
4650,9191
7850,7734
9393,7496
8778,875
5261,9160
440,797
5426,7472
3078,2996
7244,6796
1819,7993
2752,2027
8357,7308
7456,6643
6475,6497
1278,7646
5373,4969
8392,2932
6925,3864
897,2919
5254,1080
5153,8325
9866,5914
5426,9134
7691,7828
7147,8978
5311,555
5450,2213
5526,4334
2714,8227
167,8300
4165,9930
5190,8852
9330,2888
274,119
3103,1746
1852,5932
7370,5789
5522,2128
3593,9325
440,135
6425,776
7000,8852
5364,4294
7649,4272
3212,4424
2683,7867
1844,674
8506,4956
9421,7397
1664,8630
9645,2493
2813,5258
861,8660
1458,5379
3209,674
1860,1410
2298,130
8827,2294
8784,8882
2698,2999
889,8534
7641,8000
879,4873
797,4087
3565,6017
5290,7690
7889,9613
9567,9431
573,7774
6671,9559
1992,8512
3552,1337
738,8548
8380,2295
4468,9995
7253,2503
117,5313
3910,2720
8826,5075
2788,7079
2197,5310
9059,4885
5390,4310
7253,9622
8239,3087
2893,9665
1080,8060
5442,9343
6915,5954
1951,9722
6691,855
9879,7139
6581,5821
85,5072
4649,2997
8754,6208
9386,2609
8416,1565
8647,9067
3107,2621
5750,8779
2159,7076
831,9641
4237,9625
1812,8623
6471,9875
7856,9834
6450,4160
5197,3581
9660,9859
3456,4930
6827,296
15,4718
7253,1140
5842,2176
9726,1774
4023,2470
7739,9731
5104,7787
8325,5243
5303,1473
6617,4230
6001,7319
1277,9650
784,4135
3165,7597
1459,4399
7715,353
6808,8105
7605,7776
3746,9753
8424,605
9045,1315
6595,4309
7070,3095
1182,9208
1888,1674
7145,9704
6441,9090
6393,2509
4131,4142
1005,3266
1478,495
4479,9871
219,9702
902,5396
4971,460
2887,2559
6117,5992
4396,715
1631,9600
1213,2757
8180,6496
6747,1851
1964,9792
5836,1828
5273,5637
6912,7222
8797,6166
722,8360
8153,1769
2714,9652
209,8522
7503,5176
459,5207
3818,2234
4758,3147
5509,5334
6807,8949
786,5717
9870,4548
1737,8795
4999,2545
2089,4685
3916,7593
1728,5870
3976,1014
3398,6693
935,3241
5859,2412
5882,678
9040,2326
2278,1755
3819,5278
1132,2126
5556,3321
259,9043
9860,2936
8976,583
7278,5372
120,2700
4830,9013
700,4608
2365,9353
1571,8556
2295,4782
4422,871
6243,2740
9109,2261
5361,5874
855,1471
6819,3259
3054,9504
4258,1804
3753,3065
6321,886
9827,4273
14,6082
9801,7629
4597,8390
5752,3560
8079,1426
2276,2639
2183,3687
2518,5436
5037,9397
4909,3724
4,2479
1685,9263
9606,7038
4437,924
4135,3198
8466,5998
5302,5545
3649,95
2544,8430
7594,8608
5103,7294
1160,6898
6880,7091
1373,3732
1538,3821
642,1225
8202,5578
7259,3461
9012,4672
5193,4164
4292,1706
9834,5671
5882,8110
4203,9212
9459,7895
2349,7912
684,4820
4213,1252
738,2844
9294,7378
8501,9276
9353,9242
8171,4510
468,1269
5728,8983
2361,7525
4651,558
8157,7807
8956,1348
6249,1078
7986,6596
5829,3013
7993,2745
5440,2329
2256,1782
8380,2409
1209,3526
9063,3123
6025,1233
212,8964
6943,3559
1208,2995
9906,6316
1520,8842
4242,6000
3391,9490
3953,7178
7814,8267
8539,5648
5580,7637
6399,8022
1437,9629
1746,32
7279,4007
8233,8870
9951,4037
6756,7523
6250,177
1227,3193
232,8077
4640,7542
4818,2324
2595,5995
2212,1804
8516,7918
8814,9835
1795,718
180,1859
2532,3134
7350,2476
9471,1473
9962,5820
291,7232
8036,4453
7418,4970
8439,9451
3496,2265
342,6896
4573,1613
2275,2974
8842,6679
5769,3361
5888,3428
997,7647
4532,3940
223,3588
366,2998
5431,6078
5361,6770
6074,2049
1285,834
3267,8936
2048,4030
6222,202
8067,3554
8920,7141
3776,910
194,4281
7978,1003
2228,9619
9381,757
2623,9732
348,7705
4107,702
1489,268
1871,203
3039,9797
4622,4777
5211,3640
7374,7062
6073,9616
8565,1428
3227,2232
5580,8041
1156,9623
8997,7413
3483,8342
1449,401
4843,9774
3434,5969
1895,5731
2839,4229
7035,6199
9694,8626
1325,7132
2251,2456
4370,9786
2319,655
1630,5657
7212,3139
6595,1532
3085,9833
6842,6154
7298,9773
2176,3402
3592,1306
8503,2570
6999,7796
2846,8380
5414,3174
2827,1278
4105,691
3748,5076
1034,5035
5357,3637
7814,6220
6859,4798
478,6178
343,8262
8925,5693
1167,352
969,5677
598,6054
2323,2941
5195,329
4793,1753
9112,2466
3979,7005
2897,3907
9002,9003
92,2911
4972,1464
6032,6018
2077,3972
2229,8606
7519,3877
4779,8804
8354,8719
2039,9931
8638,6930
9864,6368
6509,7007
2216,1035
2790,6936
4750,9753
5284,6404
1328,9243
405,9499
629,6971
9374,5044
328,1558
4748,9737
3529,8842
2037,83
7662,685
7821,3208
3175,711
2133,4237
911,7102
669,6249
5118,4460
970,3033
4956,3887
995,1433
2047,700
3285,7061
2533,1361
2503,5436
8717,8294
4695,3406
816,7135
7491,3090
6509,993
5668,3943
450,78
805,5925
9495,6591
3265,1198
3556,6301
5194,5238
5074,5195
5254,2476
4911,3348
8996,5636
1643,7916
9645,3075
3856,4374
4757,8710
1566,8434
736,7151
724,4272
3249,1342
267,5318
782,6920
1964,8473
4031,7254
9826,1899
9622,7516
8074,7682
3032,6452
6295,577
3705,4806
3298,3989
7110,7527
7134,1038
1820,9948
8185,4408
518,4777
1151,7589
9427,90
6649,9145
7478,1452
7987,8177
2855,3177
1050,2992
3687,5935
6260,4376
6849,6188
7114,5921
1611,8216
9312,7194
5052,7135
3478,6409
7751,4666
8519,4480
1270,6456
5310,6110
7186,174
5992,5551
4990,2488
8132,9826
3572,7771
8759,7877
4103,3737
2093,254
2984,7183
2298,4888
6707,1454
8366,2696
5481,1956
8870,5292
7641,2439
5823,4655
3768,8158
8054,4603
9696,1660
3099,6699
9396,4602
6420,3868
3297,3695
3342,4160
3647,1854
2622,3214
295,1117
1893,6265
7904,8637
6034,1899
2514,955
4337,7710
315,6162
6129,6584
6543,1290
1011,1504
2458,3761
9951,641
6945,2868
7505,8906
9015,2843
8544,431
3115,8302
4079,7519
9295,2408
8157,2483
4579,1831
8247,5920
2352,6924
6893,8041
6497,245
1969,3621
2795,2628
315,7336
5389,9548
826,2016
2018,2888
1958,8783
1539,2200
3441,831
5802,6360
780,1047
9730,5119
213,4713
5914,7201
7677,6629
2312,6209
9608,445
1370,5319
7214,1270
9479,3658
2814,2072
1140,9130
9090,6818
2931,5964
974,4669
918,83
3218,8203
9409,6167
575,460
8286,1205
4694,45
1209,4323
4396,4749
9692,1022
2602,269
3701,8754
9216,3380
9314,8645
9130,3052
879,800
3626,637
2679,6843
3045,7619
3014,2772
5402,7294
9695,6332
3868,7926
697,2350
8833,9977
996,9069
5924,4291
8842,5945
4245,2345
1984,829
4479,5250
7067,7608
7754,2434
3600,7606
6455,2915
8052,442
6585,8419
5778,8666
7731,6869
9371,5015
6636,20
7095,5528
4383,2859
2265,8850
5759,7226
9553,2230
9752,8342
6459,2231
3825,5488
9637,2886
7677,1984
2462,7852
1216,4430
9242,8883
1151,3804
866,4737
7472,8819
3144,1250
4929,9209
9624,353
2532,2428
9946,1876
5096,1614
8179,6257
3123,6509
9179,3328
9803,6349
4698,5950
8420,8020
1356,634
419,4401
4548,1665
961,7146
780,1313
6812,2833
4170,5931
2455,771
5550,8922
2978,1821
3352,2491
2740,9243
4710,824
4532,4302
5147,2661
2760,4744
9931,9333
3060,7111
9475,3625
132,6380
3766,2391
3845,7912
8450,8772
9309,2866
5682,6334
3643,3687
4172,8680
7289,9214
729,4706
8878,7191
5189,4884
8752,6527
7132,8007
6406,5762
3221,6320
4828,6894
2827,5050
3840,2848
1718,4175
4121,14
5321,6066
5911,928
9812,380
9717,75
6361,4834
9835,6908
4892,9743
8304,6637
8243,8963
2301,631
4781,727
109,2484
1359,3964
9376,5695
2425,6688
4143,9739
2071,5564
2185,8301
2740,6668
2492,8934
5033,1643
7904,2753
2115,3131
5613,3878
4035,9822
6108,4408
9759,4405
5547,1985
1013,482
7642,680
3855,8283
67,4716
2098,7646
5975,9584
9984,3227
7075,6131
9662,1203
8449,3146
5536,6555
6874,7309
4912,9005
7257,1115
2350,9051
1275,7194
3697,6640
3491,8735
1068,2917
3562,7046
5228,8189
2803,5775
349,2750
2684,2101
7867,2636
8385,3196
7318,4932
971,9111
2304,7346
2326,8147
4064,1023
2224,2307
3577,9626
3196,200
36,3074
7639,1581
8089,4237
3506,8141
5629,2712
6189,9505
3381,2572
6117,634
5241,8217
9573,5527
9124,4706
6840,4100
9240,948
1822,7903
7118,1476
3452,5048
6459,9988
2750,5284
5470,8274
1048,3502
8597,5054
4938,3515
8432,2645
3153,7608
9757,206
7386,7586
194,4465
546,3122
138,7103
361,1987
5030,9218
8230,3393
6645,7618
6659,3888
4430,9280
7832,6006
2410,4179
7061,5478
687,9564
7209,3674
6166,360
4400,2604
1726,307
1530,4353
1530,6131
9862,9090
485,9176
877,2841
9830,6637
8155,7413
974,3467
3831,8553
3134,6731
9188,7447
918,118
513,1812
4296,6443
3819,2888
5355,9947
5442,8709
3788,5637
2920,4674
2750,6441
2326,451
9986,9483
8313,5558
4066,38
2505,1532
8983,5227
7163,7377
2650,9557
6076,235
3303,4649
6573,5099
9358,335
2751,7107
4788,599
7108,7589
3590,6619
5349,9779
8941,960
6417,4792
9629,5815
1058,2145
3735,758
7820,8842
6175,2222
1871,9921
5047,6088
5052,4105
2650,9665
2053,622
7478,5184
4988,7839
1776,9088
8701,5373
8171,2462
4248,718
3523,8401
6854,7406
3220,2256
5533,6819
4424,5540
8382,5244
9629,5212
1644,3030
4084,6407
4919,1146
2614,2018
6294,5109
3889,6189
3539,3973
4608,1900
3393,3085
41,919
5336,7718
1392,1182
8049,6243
633,4509
5005,3967
571,8376
4735,4021
3711,2435
9642,1275
8104,6049
6533,6235
3356,279
3372,5183
5936,1691
2688,1481
6675,5422
4926,8717
5825,8180
5212,6620
8679,4012
8880,2094
1222,3280
3051,5338
4752,1291
2866,101
7984,7633
8574,741
2134,9536
3705,7776
2736,3409
2201,966
1572,5979
5434,7224
1033,4340
2515,4819
8854,5269
7162,9981
802,9481
3923,4571
2939,6897
5523,3772
2722,2903
788,8022
2387,5981
6865,7355
1058,5090
4769,2039
5633,9488
3328,2873
6622,789
1993,2987
905,8363
2672,5056
3427,4502
3419,7226
2099,6586
305,6421
1730,6071
9931,2595
2694,9666
2983,7892
8075,4113
8539,3249
5277,7122
1462,3734
6915,3688
6194,4762
6981,7955
9206,6748
7726,3468
5944,2395
5228,3642
8031,450
852,9139
5175,3695
5075,3315
1566,847
3695,8418
715,23
9037,789
8350,6785
9051,403
9490,4721
7373,3186
9407,1667
9557,2702
285,148
4635,8613
19,7193
300,7074
1341,8479
1135,179
8299,8288
9843,4105
4198,5071
5764,9277
9213,6848
1628,6489
7870,1543
6166,8186
4193,2763
1421,1440
3118,6935
7443,9327
2175,5981
271,7669
7871,6743
4558,8952
2546,8059
2873,9483
702,7018
8423,4013
3863,1318
7337,2895
3369,9934
6851,3952
14,615
7931,3607
1919,5432
170,6971
5911,4530
7007,6882
660,8426
6243,6357
9958,1189
5543,4684
5146,7791
2201,5323
816,2535
3318,472
1575,731
3385,3528
8747,4107
3377,6198
8853,1453
673,7103
4433,7740
9249,3453
3261,749
3090,5725
3085,4049
8463,7727
1915,2688
7391,186
1083,296
3750,9977
8237,8961
2155,438
3532,3244
1589,305
3123,8936
2574,3198
8671,5920
2426,1688
16,5428
4016,8101
5321,1811
7463,4264
6871,2162
1052,7789
9950,363
3807,1397
830,8181
8446,4078
8996,2284
9897,6861
3485,7549
3525,6075
3878,5201
7820,7066
7616,9171
1377,6370
975,3951
7729,9308
8529,4280
741,1994
7483,5830
7604,1344
990,3723
7333,2820
7561,1377
1619,9742
4632,1889
3241,4795
9642,8194
9356,9300
7761,4253
7864,150
4211,233
1971,8046
8749,8887
4317,1587
8918,7052
6697,9775
1905,1270
2037,1371
4589,7565
3589,7111
6439,2472
9855,4499
3263,1305
8191,4460
6376,9670
8810,8310
7624,4021
8191,402
4239,9875
873,4749
133,6449
9746,5846
7644,7995
4690,7737
9621,7942
4101,9180
4382,2790
5210,3829
8313,4297
9511,6310
2151,8596
778,1302
9827,1608
6891,9405
2156,9023
8685,364
4746,2697
7315,8375
6242,3614
95,6192
3748,7711
6709,1633
7410,46
2943,8358
7499,2742
8778,7764
6117,9369
4749,1114
7128,2644
3289,8579
1239,7953
6044,4484
1850,5192
3376,40
3095,6706
5552,7158
9424,3917
4443,1691
1445,8309
2801,6426
7066,2725
8538,6045
2419,8073
4646,7398
4219,1743
9919,5030
4900,826
4651,937
3481,3443
3581,765
3648,8124
1787,3901
6411,7730
9066,3486
4941,9807
8693,4501
4682,7608
1853,3346
2839,1946
5050,2158
7200,5084
6128,1564
4696,6929
7645,1551
955,6732
7662,7544
7072,4384
3713,9914
1114,2531
8853,9853
2766,8767
2974,490
7790,7877
885,5801
5220,2606
2364,2373
74,9007
1471,1785
1974,5752
1142,6058
4,6825
2247,5232
2075,2609
6648,3121
161,9477
6834,8716
3082,7866
1633,5631
988,335
5752,1606
7518,2825
1521,7665
9118,9020
6962,8688
5314,7491
1227,9725
3831,9181
380,3878
5589,4516
724,2390
8308,8987
1316,3184
8919,4515
3138,679
4806,4970
5705,2028
6585,9473
3565,2116
9776,2680
5740,1781
865,7000
9168,8910
3209,8972
2529,560
8051,5597
6152,5597
7894,9593
399,7308
840,2463
2643,1621
2577,2938
7995,511
9866,5400
5811,2084
4132,5589
8769,8637
7397,313
4664,3391
2734,5738
8763,466
1560,1583
1161,3642
9916,2835
2422,8132
8081,530
8923,6047
2352,5859
7188,2084
1956,7634
4903,995
910,1273
901,2955
7908,8282
1912,3926
6697,8124
8764,831
4632,111
9962,8593
6522,4573
2287,8813
7959,3952
5836,5383
5017,4474
6615,862
8412,8037
4206,3654
5233,9575
9259,3668
5122,9265
7347,229
9360,7380
7609,5771
8072,9537
6096,7909
7956,2220
4525,2746
9149,972
5579,4146
286,5778
7703,4081
8196,7555
7612,1185
7138,4467
8345,427
8945,8784
6558,2289
6725,8
9382,1259
8250,6728
7566,6444
9165,8643
4132,9584
4311,6635
7291,9652
1604,1406
3210,8002
6082,1184
644,7368
8085,3089
2866,132
535,9195
7468,6702
829,4571
1960,3826
7988,1065
2889,3448
6138,1733
4152,4018
1050,6416
8512,4145
3391,9092
9139,9397
5449,7345
8666,79
9054,3254
122,7140
6551,920
2562,7280
123,481
3281,3876
2010,120
2580,319
8383,776
5485,9284
3033,1520
1871,4685
2723,5239
694,5260
8462,794
1572,3306
1920,2180
6341,3566
9894,5433
8452,3387
3189,3534
3382,2726
942,5192
1428,4979
5728,1183
6279,2491
9576,6719
5564,1804
659,6108
5031,7165
36,7119
163,1436
7008,993
6343,6103
5351,8066
1653,659
1373,8134
6972,1548
838,286
5389,5241
1137,4271
2602,6427
795,6336
8250,3218
4228,1061
7226,1132
2143,2659
6190,5067
4050,5040
8916,6450
2542,680
9001,2284
4760,6142
1765,6744
2054,8365
1154,693
2437,5274
3162,2374
1223,8185
3022,1715
74,1592
4675,4028
8131,6011
9606,4618
5546,789
2688,5555
9183,5087
1573,4425
9642,9705
9127,9121
1072,922
9271,9787
5601,9238
1787,3874
3583,3755
4971,9986
7689,647
2134,3601
6565,4010
4898,2636
3532,9492
3376,6063
8126,7291
1357,8560
2279,5306
1540,9352
1562,3881
2769,6527
6809,7845
7601,7027
903,8253
6070,453
7956,5976
3431,448
9544,9302
6515,7558
2523,2017
1398,1273
4592,591
4260,3491
5794,7207
8610,1027
4727,4238
5684,8581
8897,5885
4593,6204
8915,9585
8114,1214
2353,8238
7210,9148
7840,6976
3248,1693
1148,4912
2631,1366
952,7744
1278,7800
7952,3043
9891,805
2667,3852
739,9584
8349,8785
893,7249
9496,8139
9332,9698
6386,2189
5011,2282
1457,4559
1835,7827
9139,9526
6951,4377
2523,4689
7761,3857
1253,7875
8141,9795
907,6680
7747,1110
9376,9653
3802,4327
8857,4577
4592,3253
6396,2762
3382,7133
6064,8357
4920,9245
308,2358
7082,790
9964,2392
2718,3219
2837,4041
4803,6640
7578,6805
8583,9641
1375,8334
3452,6833
6907,1109
89,4860
8018,5031
4551,5273
9440,7751
12,6479
1698,9284
9829,7346
5519,6727
9883,754
1428,411
4152,7233
7308,6392
6404,5103
638,910
9640,1028
8528,2683
3523,2953
6122,2730
6666,499
3669,3960
6554,7469
5203,6548
3018,4592
7624,5410
9628,2034
9365,5547
498,9785
2581,6069
1437,3450
3681,4875
5408,3491
3326,6121
8755,3664
7222,4294
7188,2094
9364,397
5639,938
2521,3866
9422,5413
3003,2158
52,407
5453,2159
4980,3820
8042,1712
4791,7167
235,4616
5689,7410
2824,1041
7709,8119
7147,8399
311,7518
4560,1146
6199,4812
824,6874
6390,9060
9837,2479
1512,4501
5600,1818
961,879
4974,956
9525,5362
8801,1881
8104,3526
1411,5095
3108,2961
237,1497
4840,424
7533,9267
7357,7974
1766,873
564,1698
9361,1160
7611,943
1442,9073
6191,3605
2373,8686
812,1640
9159,8194
3279,9314
6753,9105
2236,9714
1903,9432
9739,1616
6991,4043
3614,7067
245,3914
4797,8801
4892,4095
7058,219
3238,7718
7201,4915
4548,4265
3359,7106
1905,8599
8404,9178
3832,5681
1402,8189
3671,9297
4725,57
9835,5351
2669,4752
171,1185
3670,6776
5632,981
9969,5035
7105,2815
6011,3532
1662,1266
2387,2103
4131,9373
1113,2883
5740,459
4130,7784
6167,8886
5704,5751
8180,1562
9598,1242
921,498
385,6424
1555,4129
1515,3589
4631,2158
6241,3380
5047,1645
8219,234
3888,8694
5668,3233
3631,4933
1127,5653
8244,4637
6201,8206
8287,6329
8262,9051
806,7313
388,1991
9416,9077
9076,2635
4124,1609
7063,7456
6275,1597
4556,9359
7149,9528
8647,6455
8727,1072
8318,4537
2977,1753
2813,4068
9006,7144
5417,7512
4741,4514
3650,3945
9844,374
9441,994
3428,8115
1969,963
183,7271
3882,5833
1790,2758
8696,5481
1831,5667
426,1112
5460,6334
6518,2090
4711,8186
2058,6725
7289,778
8270,4497
3802,935
2341,2734
4242,2000
2675,3650
3414,271
3848,7470
4071,4292
5785,8763
3012,8336
2624,5750
8287,7120
7210,3638
445,8596
9358,2214
9799,2747
7214,6051
9998,2221
5670,9027
5307,5189
545,6688
564,4088
9034,3392
5659,662
1824,8210
3264,4668
2195,9287
6007,9108
8539,2411
9924,5034
1705,5503
9251,4987
4596,7796
5444,1388
2693,6981
3571,5044
447,3345
3142,199
853,6260
6927,5888
3488,8194
9169,4795
152,5663
3872,3132
1519,6046
2801,6959
8925,7971
7681,9149
1462,7927
8721,9383
7176,9848
3150,9555
5777,6090
1535,6848
2013,8687
3495,359
988,9086
3179,8160
978,7922
3534,2990
201,1410
6663,5256
8449,8872
3188,9029
7463,9553
3560,3315
3203,3264
5103,8132
379,8303
1683,7750
1829,7427
2567,158
3530,2810
4064,6304
2454,1972
3988,3677
3404,7307
3018,3577
5575,3921
705,2263
1083,3044
9037,9636
4921,5697
5004,2941
9057,9714
8278,2286
7858,8117
2643,5704
5293,3867
5830,2782
3480,1816
407,6477
5822,7230
1407,1269
3811,4401
9756,488
2245,311
1588,9021
735,1150
2135,3009
6615,1993
7389,3036
8503,3321
9374,1659
2697,9540
7600,5696
1035,788
9163,3282
9633,8574
6681,785
4138,5901
8329,2618
635,5516
2946,2883
2136,1613
2965,6165
209,7928
8187,5747
1817,178
6557,4379
3009,1113
1155,7351
1747,9658
7908,4112
4683,144
892,9377
2576,8506
1035,1059
2752,5831
4362,8874
8745,10000
7065,6587
3748,6290
4100,2872
1627,9478
3268,6986
3419,6975
1201,1002
1397,3456
3733,1164
8223,583
1740,4456
328,266
1624,1974
7512,2412
5809,1669
693,8124
137,8169
2898,7595
4141,6015
4578,8920
1671,6589
2266,377
9648,6603
101,1640
7332,4168
9569,9688
4942,7707
342,1186
2354,5783
6807,1280
5241,1801
2753,6229
295,913
6736,9064
5288,4651
9777,635
8137,9929
1682,1788
8148,9999
1782,1447
2403,9706
4324,2533
4917,6509
1983,3190
7854,9834
8385,3479
3528,1658
2976,3903
520,3145
9058,604
587,2817
3949,4533
9632,8465
5223,491
4511,1129
3788,9057
246,4405
4462,5413
3861,2356
9287,7082
3135,5892
9098,803
5105,3051
2263,1486
1791,7572
6333,8107
1002,5716
7433,5080
5294,4729
8541,5242
4823,2958
4572,2298
8659,6685
2434,8362
7378,4690
1105,5362
8667,1687
3990,6091
5113,2081
5609,1222
3202,5046
4371,4122
2167,5242
2858,3097
455,8933
7880,8766
5647,2946
3146,3750
5068,7926
4916,8552
9441,6331
5650,273
2436,9865
7769,5424
4962,976
763,5259
4515,8532
7178,2316
4776,821
7492,1676
9505,1305
2556,3195
6523,2665
1321,3625
9511,7461
9512,8387
2021,5140
9629,7709
3663,6525
8343,4088
8978,5339
7617,1377
5831,176
9924,950
3505,1065
7322,8181
8478,346
6077,5571
5392,6310
9486,7638
3606,5356
274,8240
2291,5633
967,8104
672,8103
36,9847
5821,1207
5822,5819
514,2368
454,6619
2404,4267
2928,1320
2036,3034
9487,3484
9585,9933
572,7235
3021,9841
4422,9170
8141,2118
579,3320
7706,5963
9812,4559
3685,9271
3270,6431
6168,2583
8565,7952
9655,5231
7211,521
37,6367
646,4410
8930,9700
3912,2226
4994,7927
3160,1358
1145,22
5974,4031
5091,4861
3179,3943
8528,2561
7262,2895
6172,4233
1107,6744
3373,5545
8431,8620
4853,1916
7495,3296
1720,7213
3765,3081
4871,8098
1116,3335
7962,9686
2019,4050
4557,2641
9453,1200
1473,7639
2074,113
6435,2122
3926,4583
2186,60
3343,7797
3002,1589
6308,7506
4549,3868
3144,9962
3121,1478
8934,6930
2837,5513
5423,5158
3453,2988
4815,560
1005,7501
2733,4903
129,3902
3265,8674
1459,5997
2944,1527
6438,1006
7714,9189
9615,1335
8533,9786
3124,7896
6250,4898
6653,9604
2733,6157
470,2113
4851,219
5414,5160
9788,5974
5754,8025
359,7740
6987,4607
5477,9784
1822,5835
8517,5820
4938,4704
5567,3677
6852,4074
3356,5083
3430,5083
7458,5148
1198,5796
5710,6948
2610,812
410,4386
7650,272
3742,9834
4342,7223
9474,2954
8630,2225
7634,876
8392,5420
9130,1367
3908,7538
2305,5506
1620,2146
1650,7782
3303,2121
5684,8223
1125,7933
7532,5519
6316,5142
2841,3871
2984,345
7581,9955
642,8306
7835,9160
207,9582
8059,7068
9401,5475
2107,2330
1900,2988
256,3457
5190,4564
2698,737
4017,5534
6389,8833
8477,6639
6587,2127
2374,1337
4055,7765
741,7908
7141,9428
3730,7915
7910,400
7063,7425
2559,2408
704,1214
8992,5472
5231,9961
9394,6301
1148,2180
9098,892
5881,2975
3322,1999
4611,8698
4951,6101
9220,6410
485,2613
7366,8279
4686,7847
7554,3872
9329,5055
9319,8235
5927,8310
5414,1293
5201,4135
8937,2514
158,6179
324,1610
9353,9538
4611,1184
78,1623
1747,7736
3725,8286
8558,1733
4871,1156
8238,4068
4150,7459
8706,3336
9289,3481
6382,6291
2220,2436
5788,5549
118,2124
9297,100
8812,2253
6811,9489
1299,2815
3414,9971
8067,1188
7870,4794
9942,6269
2862,5297
736,1209
839,7081
8985,8699
3244,1679
2677,1735
3114,8169
4629,6505
3141,3506
1223,1107
3870,9727
7192,2513
7169,3869
3049,1529
7946,649
3663,948
1767,428
8516,564
233,6497
1644,9410
4788,7957
2098,2949
6614,6745
3552,5296
8356,7734
1309,6120
4736,2063
3105,2992
7383,9996
1829,772
1623,9272
1973,9295
1869,4072
4919,7385
2108,6437
5717,2704
3210,6985
2965,993
7748,2211
8971,5715
1602,7558
3812,1297
5525,5732
9347,7762
1325,3346
8681,2119
1271,5673
2957,7792
948,8105
9931,9563
1573,4473
5513,1690
81,7279
2468,2959
3577,5944
9737,3367
5139,3269
5951,5857
3410,9203
8530,4026
9543,4709
6907,4598
4593,2464
346,6348
1711,8499
2870,574
2134,3728
7179,500
6607,6012
610,100
9496,4527
2222,6352
3082,2135
6658,8445
7098,3088
8225,1979
9561,5048
5437,4693
4342,9618
625,3575
3684,4090
4122,1847
5366,9375
7264,3394
8918,2114
3346,2484
8581,6250
8287,3459
8156,1073
1825,2104
7361,78
1828,2891
3894,7440
8421,6026
2748,9475
4741,1653
4053,6786
5581,1529
2470,1178
6747,9912
619,1623
7034,3937
8420,7437
656,1217
4669,6005
1600,8710
2524,2914
2160,1308
3267,7567
3638,230
3382,5303
3291,4490
6342,9248
4977,3369
6188,7812
5073,6953
369,6014
3309,7778
778,2286
8084,6801
8465,2441
8291,3228
8462,2336
5849,4163
3204,4474
6595,6831
5144,3345
4550,6410
9805,103
8092,9290
955,5602
2229,1243
1054,9947
1630,1880
5226,9807
6047,1542
9323,2736
1855,4589
7211,1051
8690,3188
8525,7990
7922,9720
9927,5590
2331,4136
2172,7834
6752,2080
2455,7016
8252,8033
9652,2946
1443,1017
7368,5237
4647,8660
8577,7278
8566,4766
1031,6872
3680,579
5810,6534
1974,8166
629,6969
9390,7418
3944,3839
5395,16
6372,57
4297,4654
6808,7784
2815,168
5624,6659
1085,542
3765,6951
7405,2450
9543,107
5302,2436
7414,6062
5091,652
4745,2464
2546,9427
629,5098
5432,7822
6535,122
2081,8423
7101,95
9398,8058
8015,6094
6535,2938
4859,1279
2328,6942
1502,1751
1209,8283
7918,9394
5068,7022
868,4860
3227,2966
7463,2493
4530,5100
4019,8159
6776,2225
9017,8221
9995,594
4800,9578
409,9770
1049,6090
4011,9220
7760,4305
9212,6475
3070,6678
5687,5217
1852,5252
4446,3752
8434,381
7223,288
8477,475
7201,3502
7374,8053
3268,3589
1119,3338
9014,5683
2865,8621
5722,523
754,7853
7892,8394
3994,7183
3399,9016
3460,5946
3071,1390
4953,8287
3258,62
4887,2963
4192,2691
1937,8923
1044,7398
4545,1795
6083,6377
6633,2139
7722,6340
3286,6062
7236,5003
9173,2224
3664,4968
5200,9763
3937,8234
2609,198
1743,8041
5239,6027
4378,4244
6598,9091
8415,6121
5465,4361
6868,9633
7907,1783
9437,7926
3842,9209
8305,305
4533,7532
3910,3028
2196,5394
1272,8785
5678,5990
2217,2597
5760,6758
3891,6149
8385,8625
2441,6019
4955,7711
4924,5757
883,6967
4760,7330
6730,8065
1038,1633
8588,2297
6141,9089
9925,9148
890,2247
3363,3155
9630,6535
8951,873
3022,3802
2453,4586
5878,7671
1963,6858
8943,9665
4911,9711
5936,3598
6864,4940
9328,3312
2863,3050
6297,9457
5654,7349
6984,7631
7446,3361
6241,4242
8463,9064
816,1558
6088,1841
330,4522
686,6157
3090,627
2505,2241
8807,2621
2090,2619
7882,4448
2913,5172
1246,2635
9916,6753
4296,2847
713,1205
9318,8826
3372,7830
5068,6751
1388,7002
1721,2463
8071,6542
88,2694
822,7698
3011,2484
6620,9653
8113,6326
1912,8297
896,3040
2921,5875
286,8090
7745,4145
2929,244
6242,952
5095,9623
9541,3528
3431,8634
9882,3502
1590,6446
986,7527
8118,3542
4584,7308
7705,3110
5654,9343
5107,9335
5475,4207
3613,7939
130,6395
4710,2724
3158,3681
724,3844
1337,9954
3512,6544
9468,7652
3872,3182
8985,8195
5542,9400
1188,853
8261,2148
4720,376
2075,1985
3069,459
6282,8448
5791,7638
8489,2108
3083,3926
8648,8472
9946,4681
3217,3236
496,9682
2697,8668
5494,7434
4629,1677
9379,756
2042,1235
6297,3162
7053,2596
9068,8809
201,355
3694,3942
2830,8851
5669,7099
6886,1320
9949,2962
9604,1019
2650,6141
8102,6618
8902,2512
8169,3913
473,1036
6907,9945
3031,9496
3355,2611
3651,9598
9292,7298
7249,9855
4489,1994
968,3364
8243,5656
4294,1522
406,168
94,4073
922,8093
6445,6137
7492,1025
4891,114
6572,7097
5308,7270
6538,9187
214,8029
2378,4607
3917,3509
2382,7735
6649,7604
6595,1949
889,636
1083,2671
6673,1065
3961,7801
5023,2634
1580,5192
4956,697
962,7702
7741,2329
8030,8551
105,2715
9717,4047
2693,3037
5522,6269
2779,5568
6633,7416
9962,8452
9672,6005
2118,4162
3017,9138
8928,5397
8468,1890
6992,6758
8225,9702
3678,6995
172,3012
4001,4124
449,6438
7663,4105
4167,8753
2098,5307
7385,9808
2940,1006
9231,6189
3921,3239
7003,6140
7507,8272
7007,468
9003,4013
4140,6523
259,7098
7062,8973
7025,9219
867,9272
6861,7823
7778,1606
1507,6682
9192,3448
1028,3534
3493,8044
343,1485
1717,1467
1501,6318
4579,8514
6834,7489
5896,3082
8799,5665
4113,2374
4157,7765
7231,457
6260,3538
5111,6337
4705,3457
2570,7748
9078,3832
6591,6613
1787,8456
3515,7523
130,1443
7043,5359
5912,5431
5016,1255
4775,5116
8818,8660
6681,358
4952,1516
8936,3638
8538,1301
4848,7923
9714,4343
5509,9617
6799,2141
8721,4828
1217,88
6038,4723
9923,8431
9585,3811
5729,4198
9487,6127
6571,2874
3386,3529
5842,7863
3132,6080
8624,5334
4021,3654
6004,2103
7399,3468
5306,2566
6205,3372
3337,9677
6396,6290
2902,1446
7634,5417
6823,9323
4155,8638
4193,9005
6579,5635
9970,4061
7269,802
9275,8729
3538,4427
9685,7238
2686,9884
8997,6871
4020,685
842,4344
7401,5557
4610,7337
7726,8604
3661,9994
4623,8589
7433,3792
24,5351
6524,7793
4792,9154
4096,9857
4717,1161
6009,6570
8367,6279
3666,4049
8809,1490
758,3979
4801,2655
2474,1132
1641,1568
5447,1415
1326,2337
3589,9911
4398,7307
1043,840
2311,3682
3316,1715
8714,1490
3203,9669
2157,5265
7735,4011
6544,1936
4241,2411
2408,4676
4754,1218
5255,7227
3466,8886
7165,317
8939,7271
1144,1137
9900,4983
5702,8232
7321,1410
6699,1002
3848,508
2974,8044
2614,2086
7694,4523
7392,4525
5826,3256
9406,6095
1533,6191
5641,2954
2400,3925
334,6259
4666,3213
4666,6800
5979,9223
8069,2403
182,647
8075,8803
4756,45
5461,7352
9189,7430
2999,1299
7682,5071
2418,9384
1870,5073
5593,9641
6507,1645
1729,7472
5624,9092
3858,1992
3928,1828
6282,6856
5182,6859
4881,4638
52,2249
3175,3748
3691,4662
313,6226
5373,9085
274,2208
6670,4644
9902,1205
3537,3801
9354,2449
6343,3098
919,6579
5474,3681
862,4392
7495,6794
5261,8065
6130,6515
2303,3119
932,3295
1290,6814
2199,5894
8242,7483
5346,8733
4331,9283
7959,1149
9100,6170
9898,515
398,6933
4045,1732
3395,2836
7222,8170
6164,3055
8018,3903
9379,1868
5666,9652
2159,6650
884,2879
902,4286
6365,2976
149,4919
5890,7502
666,8928
9557,8674
8602,2097
9884,8383
2047,9842
8158,9741
5449,894
4071,6049
9862,6960
3931,3530
9564,6204
1559,7803
5922,8716
2131,9840
9407,8261
4099,783
9466,902
2845,5244
7040,7517
2853,3480
8661,3798
2675,2615
8481,1568
7654,2365
219,942
2258,9589
6628,5943
2005,7278
6298,7418
1336,9858
2077,9617
641,3523
6223,3153
1365,9061
1156,3068
5818,178
2664,1139
7818,446
9376,8251
4867,9224
9560,4426
732,8553
4540,1838
2354,6508
9490,3259
9665,2650
389,8415
1614,3680
4205,6980
1601,8976
6441,2369
5056,305
3598,1885
4310,7748
5769,8833
6626,6036
3456,4073
5356,9225
4871,3191
2178,1065
4207,7187
4321,3339
424,9059
9423,6650
6983,1459
9717,5378
4435,994
6779,9018
3962,8057
299,7101
4464,8792
5031,487
8263,7902
5078,3017
2954,1076
4617,7241
9491,4007
6092,2410
6461,6321
8120,6659
9235,8403
3686,6894
9623,6897
5262,2591
815,7610
7069,6239
2618,6514
4901,7956
6689,8941
14,7535
3752,4522
4778,6321
4163,9994
6055,954
6085,1405
237,2192
4420,6439
6583,1657
9049,3267
6974,3750
4995,9364
8673,2252
8731,7252
5953,1039
1154,2555
3513,8076
7030,9070
9770,9188
3971,529
8052,7473
6295,7546
1650,2550
1038,5220
988,6455
9180,7372
2783,8242
4361,9804
3530,2040
5526,8594
2975,1372
5694,5628
3402,4551
423,4946
2877,2966
9224,7935
9465,7361
2261,7101
9690,200
2933,637
7258,4907
6308,2640
7925,1654
3973,5461
764,5288
4655,6448
7459,8031
121,7795
9909,5490
5456,9515
9495,8123
9188,5689
1274,6782
3299,7355
6586,5338
2765,2743
3715,5547
7975,7683
6404,3961
9227,4468
4987,6512
1276,7009
1824,813
4615,756
4654,3698
5108,8269
2620,4903
6845,2
4777,1805
694,2278
742,1520
474,5748
9901,3256
5094,2201
5039,7820
9566,9100
9340,3156
4094,3835
7803,6569
220,9635
9834,7243
680,5627
5503,910
7829,9662
3836,162
9073,9491
513,8094
6672,8843
3500,7097
8759,8886
9115,6500
2580,2898
1570,7351
2715,8193
8360,5830
5180,6197
4828,4912
1152,2523
5749,3685
5137,546
119,3809
5993,9398
7713,6536
4675,845
1267,4192
3278,8558
7804,8262
1248,1609
7554,8318
3031,2630
5531,3434
3531,3038
424,9590
5359,960
9282,782
3430,7441
7644,3981
5074,7763
8200,7107
7463,6753
4581,9058
3758,3188
4710,5765
4278,8709
1374,6540
854,8768
9096,3897
5069,7873
339,9745
2329,7245
8458,1071
8278,3247
209,1643
3695,3294
6667,6706
5168,9752
8873,1826
9116,5806
6429,9364
3370,7323
5548,5879
9130,5601
9410,6325
2038,2450
9408,3556
5123,312
3696,7307
2183,7377
8105,2318
4244,3947
4862,7993
1954,4312
5088,837
572,9918
2580,2473
1680,4142
639,161
6922,8382
5534,1379
3546,6149
3795,900
5665,5187
3849,1686
123,2347
4200,9836
1815,2830
6836,8764
6130,8388
9504,607
1792,8777
208,2824
972,6098
7724,4190
1144,4363
4816,7640
477,8671
2208,6340
1318,6019
8201,9028
9176,5103
2835,2694
9913,2954
7506,3535
6130,3057
8284,7811
63,7683
7893,3907
99,9852
4710,8163
888,1820
2364,6503
3412,3764
3852,2681
5975,2364
4500,6586
1313,9252
1725,3939
1680,1461
7420,7142
5959,3026
5912,3462
7339,2481
7751,2320
8391,3216
1985,4740
7343,3237
7381,1892
9281,4871
8202,9047
1127,9746
4973,8778
8377,4715
9514,4469
9248,8097
6246,6086
2981,3756
137,2284
9496,277
921,4337
5917,1153
9089,8708
4400,6362
7504,8499
7513,6284
574,594
507,4297
4858,8554
246,6538
5262,4449
4012,1539
708,3649
577,5810
4434,40
59,5283
4464,284
3241,4659
8955,9177
2160,4831
5665,5784
6545,6216
6941,2621
3894,2485
9597,9085
7995,7349
3710,9098
5865,2544
2057,8173
9501,4744
6983,1711
9416,8897
9984,7188
623,570
3169,8004
7475,2072
9292,3207
5355,9966
3465,4557
1661,6938
5627,5735
8364,3678
6125,7045
5226,5882
2587,7117
7759,2131
3516,1269
1218,4770
4605,7341
500,4251
218,892
3740,6664
3925,2981
7260,3122
7177,1045
9427,3580
775,6604
8636,1356
2207,4950
5924,54
7212,6725
1881,102
7622,5949
9677,3530
6251,7163
1162,9562
1223,931
559,8277
7407,6885
2249,393
8654,1146
749,7566
3527,8753
1057,1920
3241,97
1690,3896
8432,9498
1312,1622
1272,1180
2286,860
6941,6307
7366,8058
6654,3054
9698,9521
255,2362
756,4470
3966,5456
1678,4310
4733,2056
5902,3648
766,1145
9857,2852
6621,3614
1497,5222
5511,3654
8025,5102
6616,4359
9437,4655
2546,3648
8454,4737
2009,5386
4099,398
1452,9579
2539,3766
3726,631
311,8192
962,4018
6909,5789
2613,7335
9942,1818
4069,3294
4513,2674
8624,6157
113,2397
2151,2014
8257,5770
6593,5433
6344,9156
4924,9166
2392,4276
9454,8241
1312,2642
9273,1490
3937,8649
8333,7239
173,2343
9976,3241
5243,8685
7625,9976
2727,8281
7922,3340
2439,3598
11,6153
2969,8637
2658,6717
5304,738
6960,3978
1901,8157
2376,603
4897,7819
793,7796
6897,2864
8611,8858
346,7939
6326,9740
3476,6423
1877,5277
8539,6018
6922,5583
5288,8299
3747,7246
6607,2213
5370,3686
3074,8594
6866,6497
2882,7638
5757,6657
1637,3354
9291,6519
6499,5720
3820,9421
3130,6746
9703,6166
4130,4138
9683,2864
2747,2981
5650,5699
2722,9393
3790,5433
803,2887
5291,3258
9192,207
1260,210
7007,8408
1410,4113
9417,1680
6399,4032
1087,9254
7001,6731
2703,4665
9914,9087
6389,5917
7347,1489
965,6906
609,8840
5188,3904
3368,2792
550,1339
4444,8636
4017,9854
1006,6879
2785,799
9843,4567
6150,9232
1041,5311
6727,8437
3346,8304
6537,8215
859,1003
1163,4548
8007,1973
6569,9152
7372,9103
4400,5036
5407,6625
1809,2129
7283,5763
6255,8393
3372,6968
9522,1675
2898,8327
6174,3793
7201,3479
1661,247
4845,54
4553,3474
8915,2358
3686,7979
6235,6005
6124,5063
2617,9959
5826,8724
3203,9346
9621,9362
3309,5846
2905,1243
4144,9815
3399,4304
4617,9080
4148,6658
1981,5254
7058,4842
1898,2590
559,1558
3945,7388
2443,9632
3584,3281
3816,4108
9700,1008
9034,4317
4635,6821
5021,9557
2047,1602
662,5128
7839,6728
2802,715
3824,7902
6330,3407
9424,1953
8376,2068
3819,4712
5811,7643
5190,2659
4870,9420
9353,3296
4784,5360
1434,5385
3252,9900
388,2557
7648,875
2103,8425
6714,4983
7688,1523
1415,9108
2297,5475
9493,4665
1316,5167
7816,3580
8353,5825
1698,4584
166,1191
3707,2381
8878,5318
4769,1029
5010,4828
7160,2110
164,9201
7746,7561
8315,2729
2394,1726
7353,4265
8331,2298
7784,9747
1677,5718
7874,8143
8767,5957
1392,4328
2480,8074
4922,1873
9815,2035
2286,9154
6227,662
2940,6387
4253,9366
3309,3843
7258,4466
5907,7061
3564,9658
6396,8488
3767,287
272,722
849,7686
8634,7304
8099,9001
1780,4380
8268,9962
4202,6356
789,9093
5377,2899
847,4145
6064,4518
6040,4258
7356,3885
5325,6334
898,9956
7866,8937
1262,4252
4732,496
3704,2459
7495,2543
8990,9165
5635,5775
7180,470
4033,7920
5608,4453
1164,4126
8010,9446
7723,1811
8936,2788
9106,4633
5488,3544
9384,8522
1215,2291
4980,6886
3759,869
3393,4496
7085,9175
2208,9430
9399,3595
1964,9819
4868,1597
5720,8402
4686,598
8741,2153
3339,5054
7504,5536
1274,1451
440,1476
5816,4858
157,5389
2482,3929
6596,1728
1908,9326
2727,7761
9152,9688
7081,7929
1643,3920
4663,5056
8305,155
1674,8440
5193,7967
9481,6742
3858,6031
5836,4860
1037,5941
4859,2439
3253,2203
5460,771
5065,7623
9068,7958
7930,5472
8477,7504
8335,961
1837,8861
7926,6073
6495,5444
4581,2507
1123,8847
1982,2489
7192,6359
4129,9561
1394,8587
7068,3105
3559,4301
3262,1172
9795,2905
8313,296
6395,9891
3925,6931
3054,828
1521,5635
5511,4416
7540,375
384,5248
930,9533
3393,2583
8122,6088
790,5962
6092,2189
8174,3553
2712,4331
4752,1165
4705,4052
6728,5141
5633,508
8254,3329
6470,7998
1815,3986
4538,8645
2262,428
6176,8190
1067,9745
1386,5239
1691,8331
3848,7876
6992,8629
666,7966
5319,6134
8055,392
4695,8972
2918,3840
2337,8961
3018,2013
5075,5260
2282,1995
3495,9959
2622,6705
2201,409
710,9451
6821,511
5508,2361
206,9195
4842,8275
9020,2537
5998,711
8333,3754
4010,6497
7435,5791
2383,3045
2718,9188
7978,1612
1337,5366
6767,9945
3679,1538
3090,2039
4504,3212
1172,7025
6239,3209
3498,1309
5203,1273
9818,7078
8461,4676
5839,660
6305,4592
8779,5066
9277,4604
1628,8028
4558,6109
8247,4075
3010,6866
6433,207
2345,2517
8429,2144
9221,7793
7999,6800
8592,4187
3183,5928
7644,4526
1786,3822
3637,1511
8914,7152
3827,4889
661,1584
1228,5486
7835,9259
6918,8796
1817,4855
2314,3151
2370,4745
1028,8952
7789,1601
2279,3666
6754,8003
1853,5532
254,1906
6732,7320
7975,6202
4772,4240
5305,9514
3317,2847
3854,461
1534,1795
9116,7812
3536,861
5832,9825
1441,1810
3384,9586
7516,8514
6454,9048
3013,2530
2817,1668
6666,4808
8638,2301
1782,9155
6411,7024
1727,532
9780,740
47,8157
2302,4920
9055,8580
9793,1596
2847,2259
1779,9289
5779,5472
4783,4878
7896,8468
5893,2568
9892,4506
9259,172
4122,3063
7553,6868
5309,1712
4593,7237
1004,3356
133,7625
6780,9815
4003,6205
9427,1023
692,8121
9392,783
8626,1783
1545,5142
5647,6290
7500,5043
2386,6109
4391,623
4157,2796
3138,3911
794,2355
4074,1077
2724,3930
3465,3242
8705,8137
1825,1834
4397,6086
9016,4580
3618,9544
7868,3436
3715,6422
8567,6294
5160,993
4046,8945
3268,1627
1732,590
7058,1283
8348,540
1630,1503
9227,8994
240,4564
8060,5672
7458,8788
4157,9906
2435,7908
7590,1369
7093,3081
8458,808
32,2319
1638,3888
8585,950
3494,7592
5597,2009
4327,4437
2424,3804
6039,1554
5858,7713
4520,2764
5465,7223
3380,9965
6810,8368
6075,4611
7784,4302
5799,1676
5615,3369
8241,1391
2354,8159
3068,4010
4416,3432
8574,116
7813,8357
2159,9887
8765,8965
6843,1468
3780,516
6593,1898
6169,8592
7566,8316
8625,3880
4292,1382
423,7620
4771,372
9953,7003
2090,2375
7790,565
1110,7597
5147,2638
8793,5932
9797,8260
1686,5978
3176,845
7849,7836
9190,2967
5652,7785
3332,9757
2371,1691
1470,5843
8273,2401
5803,9935
2660,4339
6107,4180
5475,964
6348,220
6199,2221
956,5105
5823,1740
777,1448
4942,8840
3733,9450
8384,2335
9077,1681
2298,7214
7512,9371
5486,4716
1972,3502
8525,3667
1355,3897
9640,3884
3053,7234
9455,5975
9368,2321
6938,5092
3419,4792
2102,6113
3336,9005
566,8800
8695,2806
3323,5427
2551,4992
4575,9191
7279,4012
2971,2138
1027,9367
5129,1083
2418,1924
6371,2317
7548,4903
6202,2503
3489,305
6771,1451
7509,3923
5980,6497
5552,6241
9820,3199
4001,9782
3192,4647
7090,4477
6305,877
2134,2194
7931,6771
4479,3574
6697,4916
4093,2569
7284,393
5425,4167
2315,1451
2351,626
547,6406
8850,935
1728,581
6633,8512
7404,9584
2911,4533
4643,8239
936,7712
1138,3626
8296,5340
3732,335
6222,8361
8891,9134
9277,3934
2928,2580
3898,4043
34,5330
1601,9675
9834,3818
6595,866
3311,6486
9851,8937
9109,4069
5614,2083
7617,9538
720,9290
6151,3330
9907,9051
916,7514
3866,6299
5288,9195
6395,4725
4907,2523
3635,6561
1616,9393
9332,2178
5062,2909
8345,5387
5515,4977
1819,5615
9004,4912
5580,8997
3192,6802
1040,4436
595,3265
1723,9553
9829,7955
3413,9282
7970,9524
9018,1997
3797,8111
1343,9506
6373,4137
5759,5393
8922,8826
1171,7754
5544,9624
8320,5152
5578,2818
1353,5592
7674,9590
1733,4724
7821,3168
8236,6262
1052,9632
7708,9859
6284,1975
6664,2054
3039,3565
1183,2830
564,1041
4522,5574
7785,2286
5647,3326
8737,9927
1859,2971
4192,4927
6269,1416
2531,7847
9925,902
7036,9781
5131,9480
9179,3933
7187,5172
6249,9119
1054,3526
1422,8380
2629,6663
4530,3766
8623,4757
1888,3428
9153,7104
8663,1407
6965,4081
1722,4619
1475,7062
8375,9205
4235,7102
3045,6774
4997,7742
1350,4689
7152,2670
9100,7231
9831,9155
9000,2068
1010,217
3069,7469
9240,6444
2995,3033
1345,4883
3304,6945
1642,6282
2705,6997
2770,6619
5902,2997
2193,9512
2955,441
3401,5944
4994,3005
8788,9788
6782,6876
9997,9612
3547,919
570,3218
5833,3378
5383,515
3248,5724
750,3893
3997,8218
2082,5314
7002,8430
1788,1000
8203,5305
1660,9305
181,6778
2689,4534
9161,9233
4883,6435
1006,5061
7437,6423
253,287
1369,3971
8421,7841
292,6028
1759,7942
8448,3479
7453,470
7032,9552
5419,7398
5246,9910
8887,6667
6752,9142
124,1705
5562,6179
4826,6012
6101,3775
3426,1986
908,6505
8989,9411
8143,5443
5772,5758
1328,9726
9386,3713
8171,3524
1870,9460
7795,5554
685,4691
8151,4000
1452,5430
2484,3247
1891,8959
3028,798
6989,9136
6868,7240
315,4486
9459,8237
2520,9958
5094,4075
4679,4674
7624,4506
4217,7623
9983,1745
5804,5542
634,9864
4189,494
2774,8187
973,771
6128,7927
2081,8413
3973,388
9843,9279
2373,335
8918,417
5925,5667
455,2141
8004,1988
9824,8851
8757,4455
7142,1785
9323,3313
2786,9539
9716,2475
3868,8891
1484,2047
626,268
242,9057
6185,1153
8295,8381
571,229
8403,2841
494,3910
7745,8102
1702,7116
8075,3209
6480,9200
3056,8608
9279,2810
1090,915
4292,7787
4972,5097
8454,2563
6256,8548
8721,5712
3503,5114
842,2373
3746,7840
4241,8210
4037,1157
9727,2837
387,921
7391,1261
3245,1033
3657,1975
3587,6183
825,8984
325,2650
8302,389
5955,831
223,8657
7089,9035
6344,5140
454,2942
5490,2453
1604,8165
1968,4708
4098,4893
6805,4582
5684,8399
1683,782
6076,8156
1135,7573
2074,1318
1153,6229
8223,9336
935,1272
8431,2195
3240,3544
2005,7687
7734,7490
7840,9946
2157,3836
11,5368
4232,3615
1595,5111
7026,3555
7185,4565
9434,3382
3055,7888
3664,8073
8935,4098
1213,7847
6447,8759
5375,5827
5185,9165
1761,5677
2863,1575
5513,6624
3748,5373
3274,1723
6197,612
2602,7002
3494,1846
5214,4032
5977,8365
2178,5283
2033,5329
1845,3220
7412,3323
1456,5962
7247,837
3815,2554
8740,5409
712,4565
6207,7187
7153,3278
4758,4987
6350,9734
4750,1907
6976,5350
4954,7665
121,9593
6591,6409
1171,6707
4691,6483
3120,9361
9235,7108
9404,3278
804,268
5615,9120
7297,3723
6527,2253
9699,8944
9747,637
7935,8144
2770,29
9224,7455
1033,2909
902,6366
5419,2503
5967,2050
2051,1052
9889,3597
4149,8077
977,6027
2914,8915
6766,1962
8618,763
6111,7303
6284,7650
5643,1841
6553,5528
8839,9244
4999,5780
3625,709
2065,2020
6156,2205
1627,9775
7484,4244
1220,4346
2113,8019
228,7571
7481,4949
389,7885
222,4163
8094,808
1431,6187
9593,1980
3225,3724
7990,2674
1950,2689
1945,8095
4990,9959
335,4414
9674,333
5694,3177
9064,3063
4842,1012
2984,1359
4915,1126
740,4280
6188,2180
8534,6896
1335,9340
7268,898
3675,2379
4935,8453
4392,6539
2170,373
1585,3773
8429,4588
9271,7935
2520,28
2887,8234
4781,3516
874,746
9494,7068
1547,9930
2974,8694
9781,4540
380,9987
6378,1699
2921,9799
3824,1453
834,27
2469,1392
8394,9077
5428,7391
3111,6486
5744,4264
8508,4864
1565,638
7783,2209
5358,8463
4497,9216
8760,8833
131,8355
8262,4141
8600,2699
6662,7880
8477,7004
817,4522
2356,2525
4119,1725
1224,712
4664,2804
9835,479
4352,2741
139,7900
3626,3509
1780,2546
7285,2430
2655,5749
4020,7439
5911,6131
1454,2688
4540,3726
4822,7329
3521,4391
2326,5790
7775,5448
8020,1313
7341,1501
2343,5316
6503,5296
3762,6129
8427,1936
3086,8264
5843,4734
9911,7004
604,5748
8509,2922
1685,4882
5450,7303
5027,6470
9555,4421
9889,2279
5016,114
5141,8959
7429,9470
5454,1938
955,710
5801,7567
7433,2354
4595,9138
4643,9031
1321,3379
853,9545
1035,8095
1537,9553
4511,1136
5668,3127
3057,9676
8246,9485
2616,9751
8272,7527
452,7734
4632,6346
1252,4433
2232,4112
6292,5172
2973,5893
6003,3123
1995,7714
6626,6151
6590,3363
9432,5465
9067,7175
8899,1641
9205,3460
1050,267
9643,7892
7133,8031
9422,5984
6814,5276
5713,3127
9128,8681
2905,4955
7997,5992
5012,8104
1007,78
2070,7570
1092,9171
734,8890
2364,5427
6279,5276
6430,1086
6714,6344
782,322
1489,8827
3180,5523
2150,8842
6214,469
3722,3195
6413,3030
3842,8159
5572,8394
5068,2800
7653,3843
3343,5923
2639,5405
2864,7769
1994,8500
3409,2888
1338,4259
9492,2401
1697,9498
2061,2942
639,7883
5861,2554
5365,9681
6043,876
3816,7181
3285,1457
5856,4350
4340,1510
2432,6812
3509,7983
5040,8066
1236,9623
8581,1654
7147,5156
435,4181
89,982
6313,1648
3501,4732
1114,3101
3969,802
2012,1756
4532,6587
793,2231
9504,9224
1219,2132
170,514
3493,9434
6647,4041
1076,4510
4187,6857
8404,585
1469,4966
5223,2117
4448,1791
8362,2982
246,9162
9758,5649
7076,8690
5062,8892
381,872
146,5062
4972,8754
8878,9827
3658,1023
1624,3157
2089,7272
6191,1523
9869,4485
2919,8296
10,745
2248,1819
6153,1436
8022,8583
2660,4979
1244,5126
3121,9277
4002,2591
3723,7756
8205,376
2203,8799
5285,2538
6,3256
4562,1024
9504,6238
9712,3627
4526,6225
9009,3830
7241,3222
9457,5504
5006,7790
5189,5259
3699,1671
6237,8528
4644,2174
9144,6989
9643,8735
8375,3805
1454,8444
4938,4066
8626,8726
6006,9569
3854,7114
7112,9497
6874,8395
1939,3026
6118,1224
7189,9887
5911,8089
1351,1871
588,3324
2308,1669
6687,726
9473,8642
599,9944
1914,780
362,2992
1022,1725
8815,8344
9008,9707
8833,1984
5871,5743
992,4579
879,2692
9122,8952
7126,2142
8647,5368
4851,6357
2714,1782
504,3772
6499,1328
2216,4802
3929,8897
6107,9765
2677,7520
9535,5997
7297,8264
4441,2828
5760,5909
1097,1248
8007,8728
9771,499
7817,1975
3098,5952
5968,2324
4607,4673
2119,456
6455,4537
7733,2844
3410,5227
2819,772
104,9046
9055,3337
3750,8717
6537,8561
6886,7911
7146,412
4413,5040
6597,7022
7533,9530
2166,7732
8699,2404
8470,6613
2235,9076
8081,758
6455,7028
8654,874
3471,3543
317,2933
7594,3495
4320,5371
6506,4396
4864,1577
3790,3914
6560,4559
9025,4408
7806,633
2159,9288
5718,3497
424,600
1841,3667
7837,8500
5482,3765
2407,7782
5633,4704
1176,1964
4233,439
2185,8339
2732,6771
1474,8037
1134,2832
2824,3933
8254,2232
208,6899
5081,3418
8178,5896
953,6775
8825,4959
4603,2745
1654,582
3295,6687
4884,4176
4472,4777
5111,8001
5266,3245
5886,4437
611,7684
3799,2589
4170,6133
8945,5463
2164,7211
8781,2601
5470,4789
7022,6329
1253,6490
6607,2796
9193,4710
3476,9241
5008,5078
8280,9897
4342,8572
6245,5438
354,3535
4035,3069
4,2963
3191,2057
8251,896
9181,5374
3987,8850
400,8534
5963,268
4214,5339
8117,1513
7897,6938
4230,945
1472,3760
9341,3348
3788,4004
6177,2806
5310,7952
7202,9383
9638,221
8690,7117
3398,2331
5181,7953
6821,1706
7523,4627
735,8152
4310,3867
1705,5319
8990,7005
7603,5705
3770,8488
3975,3163
9394,3035
5709,3227
2168,6132
4689,8232
4524,3319
924,2357
4158,8327
1550,9049
5582,9860
9006,4742
1360,7761
8360,8819
9756,8896
2277,1560
6673,445
8681,9574
5274,7860
1109,3841
8936,336
1132,6220
5806,240
3699,2543
4380,952
4050,9814
5811,1714
1495,4953
8648,2527
4745,8835
7412,3310
9994,5698
6055,4534
5478,7787
4812,148
2680,9207
1208,492
5036,7357
3692,670
5375,2045
9802,2439
1810,8215
1173,177
2990,6966
8881,3032
6641,1980
697,5561
8278,4490
6143,3481
9859,8508
30,4527
7388,9792
1787,5855
7829,3297
4090,2164
8212,3364
2717,7705
629,2110
4679,325
3671,1168
2191,1633
4068,9856
3408,3798
1982,805
2077,9608
5364,2031
8818,9369
1796,5552
6789,2011
7658,3675
9275,6502
6855,9095
7224,7890
1245,3040
158,6242
4390,427
6854,5613
212,6644
5757,8154
7268,7590
7621,359
1116,390
5197,6278
9811,8156
2795,5445
7824,6350
6469,6632
5146,1515
5567,1829
398,4961
1790,5244
4223,3308
3739,5201
5896,6316
4804,9240
5085,8033
2060,171
3872,6438
1827,5387
5503,1399
528,2416
8010,5232
8026,7647
1714,6819
230,5479
2845,6342
715,1528
3062,4503
1025,2481
2082,364
6216,6996
9597,6571
5525,1208
5331,8819
631,4634
7146,4470
7832,9650
6364,7891
3183,6189
9411,7604
4306,5836
6029,6369
5000,120
4464,9966
9132,4656
8742,9752
5918,5234
5161,2824
3636,1266
7866,337
2158,8377
6346,6236
1063,9340
1548,8189
2231,6600
818,2705
4918,6455
4771,4390
7498,2018
3663,9400
9441,9028
3785,2788
5082,1126
5683,2858
7742,3372
9976,5876
8332,923
5682,2253
1186,4901
219,5856
6840,8195
7729,9870
326,3821
8611,5483
9893,1513
440,5190
515,8670
911,5459
2992,1332
640,8663
1766,6075
9090,7232
421,3044
4134,9278
8284,5743
7200,1089
7396,1170
7397,2144
6438,4370
928,9123
6397,4705
5135,2350
4470,7125
1179,9451
676,3889
5237,1427
1008,1906
6235,6680
397,712
7385,610
7129,5503
5661,7044
8256,9049
1123,8842
7131,601
4495,3986
9990,1967
5177,5732
2735,8379
1745,862
4169,384
2756,321
3088,54
504,7458
8327,1275
9553,1646
1166,6472
1750,989
2720,1516
4061,5777
6552,551
2323,4091
195,2533
9224,9306
1008,3029
4663,4722
308,9428
1059,4965
1659,6395
4572,2032
585,98
7089,9093
382,303
9248,6880
5095,271
6441,72
9825,8112
4944,9188
7865,7641
3585,3543
8079,3510
4606,8441
4985,5827
2084,9876
4964,4084
956,936
3013,6528
6813,6619
9229,3976
542,4961
4251,3383
2473,1395
7627,3191
4876,6607
6092,9309
9081,252
3024,5379
8556,4712
5692,6449
4685,8945
4591,3271
7435,8444
7744,5608
8825,5237
8559,8390
3045,9955
2366,9959
7843,615
9977,833
2920,2641
832,503
1938,2015
7205,2256
4405,3219
2880,976
6816,9072
8945,8661
3342,8001
8621,9248
4489,2694
4905,2222
7337,5340
2597,8723
8537,2167
3903,9234
6250,1870
8600,938
5138,3540
8180,464
5036,7454
203,3829
7411,1254
8668,805
6649,5307
2849,4076
3889,2195
9998,2052
9933,4446
51,9743
3793,9128
449,8605
9142,6010
233,7787
6491,2190
5696,984
3350,5629
6271,4613
9368,1638
6102,7929
4751,5742
1505,1326
933,9311
7762,8699
9541,351
9790,9935
1198,7661
8132,7991
80,8825
9831,5804
2707,8561
6077,3804
8038,8580
8001,8915
7765,9093
1971,3253
4292,5806
6015,2603
9001,8094
7898,7944
5238,7185
3672,3607
9555,8634
331,227
3402,5151
6246,4114
9244,817
9520,8639
1249,1767
9124,6563
6477,166
5157,8399
1854,5247
4575,3208
2353,2677
5049,4751
7188,1993
582,4076
8502,2132
4666,7559
5435,3280
4218,8770
620,963
1180,7238
779,9674
8526,7657
8947,9486
8082,7673
4622,4149
2647,6616
7137,7255
5507,9171
2930,1659
2796,4784
9530,4798
6182,4452
7861,6864
5350,1967
9333,7451
709,2869
4839,7136
8209,1465
3037,5792
445,5752
9226,2467
7033,5711
3693,2377
6796,2105
9045,4027
3837,4329
4578,3597
7106,257
172,178
8735,3389
4301,8908
5584,9631
2425,7535
7442,2968
2590,5296
1403,8943
5958,3711
2282,9761
2921,5966
8441,6389
9072,445
9775,5450
5220,5108
2306,4464
5717,3852
2361,3744
4263,6090
4640,8009
2614,3321
309,2520
2266,3251
1871,7139
2101,7291
6894,8962
5833,778
2781,6794
6120,7093
6596,7927
4819,5831
6730,7222
6819,1248
1336,8541
4342,2938
7289,1191
8385,6243
9309,1151
6261,7564
1613,5704
7948,2445
2920,9318
5282,1874
3452,6301
2544,5847
3729,7333
1283,1675
9359,4342
7147,5188
3376,406
1232,6927
8351,332
6927,2609
7775,8976
3123,496
5641,8049
30,5287
8894,7794
54,7002
7563,338
8781,4870
6346,9446
7384,211
2916,262
8561,2746
4756,8001
3288,1229
4919,9645
564,3655
6704,5727
4455,6050
9864,851
1632,6494
1682,9689
1962,6996
812,1884
3970,8744
162,9584
9782,7652
5501,3607
744,8503
4217,9952
8434,1577
9780,6910
643,8249
2977,6160
5943,1926
8749,8194
8757,2246
2489,9807
1651,854
2917,9952
1956,8319
4206,4070
209,6705
687,9088
2485,8575
3123,5257
5089,2231
6874,34
4881,4347
5657,279
630,9745
1420,7409
5010,4723
3671,8680
2115,7172
3962,3522
4614,7408
2306,2028
1709,6447
9532,2675
4923,1334
6965,9647
7259,9353
6014,3630
7409,81
139,4793
8040,1718
7881,197
3947,8697
4287,5288
1631,6737
2942,7909
8669,16
5378,9190
7038,9425
4715,9589
5503,4320
3125,3015
9123,5381
5986,8117
8888,7119
2010,8569
1905,9241
969,5441
8451,8620
1750,5651
876,8657
2772,9294
4429,881
8786,6744
9416,9019
7517,6521
6596,9729
1989,7267
9069,1615
2460,9533
9193,1080
7147,3786
3861,4287
8431,8251
2990,8032
4225,8046
2156,3993
2771,864
4361,5624
9557,1254
3551,8498
2344,180
3070,1372
5962,8073
3357,3690
5088,2935
7465,9634
2322,7442
4681,2716
7087,9749
8433,9592
6289,9499
133,5756
5964,640
885,9609
2320,6789
7255,1273
4094,2906
5347,6823
6424,555
8279,1626
9408,170
2027,5759
2866,6789
7007,5795
3470,6739
560,9194
4413,5264
7353,9935
2805,3746
358,1000
1447,8248
7924,7444
358,14
581,7252
8578,8063
1951,4516
9842,4744
6724,3285
7457,7829
3868,9176
4783,6714
3966,7992
9463,9568
6686,7477
2545,826
7088,4297
9214,7715
2186,1416
5521,565
5688,4217
2493,296
953,8971
7481,6598
1719,1238
1585,4103
4916,6432
5398,2606
6831,1224
8901,2047
8694,9186
4660,8203
8262,1839
1113,250
1485,6872
7941,803
6609,7912
142,5451
6601,3972
2490,3047
2473,5063
7207,2176
1275,7214
5431,9363
2969,1292
2361,3697
3079,5099
2403,2426
5132,1072
1643,9057
1650,6345
2677,4667
4003,7782
9574,6186
659,4882
5080,6913
1421,172
9446,3763
4469,6454
1335,3916
2029,3177
695,4859
467,7715
2753,1018
7000,5310
7257,1852
5691,2734
9861,7794
9779,2711
1452,2442
4204,3993
2855,8117
6888,601
4756,4564
9367,1837
2089,7790
4161,4931
1925,8127
9344,7950
5922,7616
7803,8511
6263,6736
6941,1772
2410,7772
9925,8159
819,7136
6998,5646
2139,4234
110,4594
5315,1623
9443,4886
241,4044
2009,494
645,4243
4145,3057
7482,9792
9980,9765
9401,1839
6365,6438
311,5180
5596,4770
3246,6815
7190,452
7561,1794
6914,9755
4888,9968
7822,8694
3012,8747
2568,4078
6236,5610
250,9152
6398,3838
1996,8277
8322,3663
9261,5024
4128,759
2268,1092
4210,8027
4224,4351
5619,6546
88,9719
4439,7907
1581,2784
5540,303
7331,6743
2638,1032
5678,9230
3105,7773
6674,4419
2039,6483
2498,6687
6969,2545
666,2361
7426,408
4904,4756
5568,1773
3701,1340
1219,5253
9122,7320
8792,2492
2285,1836
8815,9841
627,9567
1479,2258
2239,6675
9388,3967
321,5110
5671,3725
4122,6100
4660,2778
2547,7063
3329,4616
3645,3260
3842,6425
2579,9171
4065,4421
3371,8163
7954,9946
3580,6071
5573,8656
4298,1017
2293,8343
6908,2362
9501,3040
9471,8379
7194,5014
2115,5547
5564,1399
5539,6077
3526,258
578,5300
4053,6895
161,9182
189,4453
4445,5371
110,1612
1349,4409
453,832
9401,7342
6320,9678
7901,9584
5130,222
2093,1796
4884,13
4268,7409
1460,102
3333,8960
6855,285
1218,4531
4050,3976
8858,1391
7638,4058
4868,7095
8594,8684
4970,5238
5314,6122
410,6265
2805,9048
4918,7655
7917,1311
1819,5853
5856,4265
4446,9690
8299,1524
1330,8516
4965,3862
3847,7478
9441,9437
4828,9015
7022,7137
9301,2519
6249,905
6727,728
4066,9815
1568,2871
5468,2145
9588,5381
653,4861
4099,1527
8165,2600
8662,3638
1676,755
5863,7668
4868,3786
9648,5820
1102,2562
4396,4692
7176,8495
8043,3058
3524,671
7425,88
4707,2823
9677,4845
8384,8903
7190,4890
250,4524
129,1901
6985,4083
864,6333
9954,9493
6181,2796
389,3235
2517,2434
5012,3551
1303,9131
4830,7572
395,8063
505,7156
5367,7113
6573,5084
5565,455
2557,7397
8457,2222
5489,7818
7701,486
8927,673
8847,1081
329,360
5795,2244
5391,9614
3666,9031
4261,9931
8548,4111
8095,8684
6953,3309
8296,1855
6955,6707
6867,5815
4751,9146
6456,6221
4635,4115
6896,2115
3953,1672
9964,4006
905,4526
2815,5807
1357,7130
5773,902
7310,2077
3003,7733
3909,3037
3445,2964
835,4881
8430,6981
8297,8616
4754,6206
5252,3415
1768,7135
8832,1853
4915,9295
6029,8085
9944,5272
3967,1624
4889,3707
9695,3996
3120,993
1599,7821
1575,8879
6411,2997
1396,3909
9035,8683
8691,7347
3173,406
8171,7112
1567,9405
962,4809
850,6508
1772,7019
2458,9252
7839,9885
6217,5520
6402,5588
4332,656
3572,2148
9270,6468
3416,6856
8200,3623
7662,9439
8866,2853
8029,883
8243,3706
9245,7591
3435,3800
6257,3164
4242,5956
5873,4272
4194,5038
8709,3780
7407,6892
3950,6632
2055,498
9631,7285
8949,3007
4008,3110
8767,6215
6659,6756
8079,9208
9367,5773
5694,7308
6170,5936
220,4475
9300,9464
9309,9257
8334,4035
1053,5683
5625,8909
7460,817
5963,6142
549,6873
9269,1644
2048,3792
3760,8846
1495,3101
1285,6047
174,716
107,4651
3468,5180
7643,9577
9518,6134
544,6389
9706,1146
859,7337
7936,4456
9779,1271
797,4087
8296,2198
3337,2421
6280,6982
5249,748
635,1457
2735,8109
7433,2465
1653,4796
1404,6200
3800,4264
704,2287
2233,3957
5478,8559
9487,6136
4440,8086
112,8574
3991,118
6735,2841
7936,2816
4014,8969
8381,4040
2917,7155
5207,3909
9339,1872
7113,1879
5009,6916
2000,6949
1150,2648
9279,2611
1365,9175
2303,7596
6691,9682
1908,770
6596,6433
3434,319
9173,8039
9182,1430
7476,5120
6217,8683
1187,6618
5879,6748
3228,3341
5270,1627
6430,6295
6186,8313
7958,2952
6893,5952
3209,408
1716,3517
1501,2160
1117,6136
3912,588
5971,1025
7968,4954
6292,697
1521,207
1578,7146
5805,2151
4374,3924
5597,3254
3163,8069
8470,5824
7158,1204
6471,1522
2171,8747
5935,1643
6650,1614
1067,5562
9729,5404
7853,7845
7307,7009
6552,195
4294,7381
600,8199
5554,2469
9230,8585
7125,9308
3257,3666
92,1709
6848,6388
5772,8000
3260,2549
6087,6583
6339,7334
3449,8955
8239,3140
1234,4856
7565,4585
8942,9969
2384,3408
1408,6002
6534,3876
2493,2625
2547,7507
853,6223
2297,2500
9516,3360
2761,6722
1734,3733
2483,1636
4146,6578
4906,1915
8125,3857
275,9191
8199,7939
571,4758
6947,2350
7128,3866
7559,5751
56,5846
3940,1981
5126,4645
4511,8192
8107,3671
9278,4876
2400,2984
8222,4662
3026,4383
3249,9137
5279,9168
613,9389
9148,7982
399,4526
9257,5601
8791,2212
7916,5247
8221,7308
2266,9387
6281,2674
8804,8791
1360,513
6974,1766
8275,4009
7883,3651
9105,6924
7380,9255
3020,8581
7127,6651
8681,7525
5164,5195
7601,7819
6627,1843
2213,9376
3833,1049
3806,5148
7674,1670
8642,3976
8976,9986
2578,5041
4921,1435
7537,9173
4119,6434
1792,5630
9312,9682
4084,3320
2886,4430
8696,2673
3617,1237
4958,3788
9656,2789
193,4609
5087,9945
2039,8885
9019,5728
1410,7777
6736,5660
8485,4322
1419,2099
6500,9212
1227,3286
2932,2779
3450,2252
7249,1816
1290,2026
1631,3909
2331,8225
5864,9957
3561,4052
6899,1179
5810,996
5926,3965
9524,1770
722,8948
1141,4896
2541,451
5308,5932
4381,9426
7069,570
4000,5302
35,7589
4857,126
3781,5330
1349,8637
8299,1305
3771,9055
9273,849
5889,6825
5402,519
2747,34
3992,4955
4287,1704
312,2343
9556,3904
7571,2380
1881,9358
3550,7163
9826,748
2683,4652
8140,7307
3624,6287
3938,9236
805,5917
1592,4698
7012,2185
8501,1774
1513,4073
8957,4765
1041,3083
700,9210
3118,4054
9759,9796
6304,7758
6877,947
3760,1555
8339,2981
7942,6903
9660,8447
2618,6330
2047,8658
6119,6308
9586,4876
8956,1070
7501,1144
476,4253
1609,7571
3285,2668
9464,8412
605,8069
702,5223
9705,5499
7628,3485
7416,5815
2829,276
1643,5261
1834,9575
2728,683
5016,290
9940,5790
7009,9052
4925,6288
912,3632
4298,2210
742,3386
1338,1585
3257,3323
3081,1576
3532,6377
7233,6723
1978,3718
4285,8475
9628,2652
4537,3058
9226,2834
4709,7341
8382,7997
8744,7465
7316,1045
7809,6459
4221,3490
1129,3336
7059,9684
4629,6254
9703,956
647,4125
6758,6043
6547,8070
2810,4244
5983,8430
7741,6432
8404,8270
4584,911
1266,4747
2425,774
671,1693
6771,4665
5888,4078
3007,7269
8720,97
5489,618
2077,4300
9957,2868
6082,4003
9976,7926
2207,9170
2867,3842
8341,2039
4146,5766
1533,9210
2820,2934
936,4426
6618,6625
7249,5398
3186,6691
1567,2676
1533,888
6919,1633
3212,8104
6782,7094
1418,1875
7067,1571
7859,3385
4011,8315
3506,8246
8766,7995
4983,2921
271,4136
3704,6432
4450,4980
4542,1618
5765,4589
6064,2376
2840,642
6734,25
8937,9811
6564,240
6217,4276
2174,3836
682,4269
8106,4980
634,3537
568,6613
9897,9385
1551,5737
5685,3725
9305,9462
5703,8014
6399,4016
8598,8883
9087,5452
2890,4893
9385,9218
5979,5017
8729,1837
6664,1810
9759,2291
2787,9329
5323,1740
1177,818
9779,3105
4560,1140
3703,1874
2009,9788
1947,1219
692,6358
7203,196
3,6346
5358,7228
807,2887
3193,9233
8630,1759
2644,2679
2558,6606
242,915
548,8247
5562,4730
5077,8125
5050,9706
3342,3020
7979,1477
374,8658
9407,9238
6312,9085
6391,5346
2207,673
9857,3756
3323,3142
9215,9780
9328,2972
9091,2717
2749,9324
8294,2681
9706,6141
4568,2372
9802,3104
2641,5018
2016,1048
1254,1414
3374,9193
3528,3464
2473,5436
374,3393
4728,252
1218,6334
5403,192
5313,9023
4873,421
7804,2739
6241,2007
9380,7074
162,4045
3794,1958
3718,3598
6140,3015
1913,1075
3284,6834
6232,6571
11,7765
3860,229
498,4281
5461,269
7329,2157
1291,2742
4016,5035
7616,848
3890,3257
6122,1879
3826,8030
2924,904
7094,6718
4428,8736
5280,1044
575,1042
2308,8460
4960,5829
3155,9754
8256,2456
5797,4634
2232,5235
6374,645
9562,5611
5879,6108
9445,3937
7669,9764
7798,2841
6855,5775
9660,3138
8912,7379
5588,3398
1125,3801
8899,7647
6185,5604
1490,436
211,619
4051,9903
385,8405
1346,2973
9142,4464
8951,3329
3518,6238
1032,2629
8195,8125
7900,8158
7800,9313
746,9434
6626,2577
7455,8009
1127,6122
4350,1381
8398,1732
8689,3104
1910,255
7886,8393
8147,8457
7558,6554
6755,271
7527,3217
1710,2125
2624,4504
8684,5748
1844,7219
2304,311
3032,662
1138,8354
503,6816
8059,920
2118,1000
4105,1400
2225,7683
7474,9930
115,6335
5494,907
9909,8272
5613,3139
9454,2228
7151,3615
2728,5540
3106,5440
2915,9305
6830,192
7827,8313
269,6220
1845,189
3998,9938
335,432
2328,9768
1300,8534
1356,630
4407,9606
7587,6210
4951,8374
4166,6278
5785,3233
7437,736
5300,8408
5535,470
1413,4866
6904,9747
9890,2353
6056,6723
3580,5347
2888,8935
8893,7793
8088,3045
5377,152
4052,4191
994,4289
501,4958
75,527
3907,5579
686,2853
1224,4089
3184,4161
1792,1171
226,8681
2941,9278
7019,5697
4327,4666
1569,1989
8240,3402
183,665
549,9246
6272,8891
1712,7705
6210,2210
9130,3476
2469,3397
8671,3598
3034,2938
4026,1950
8041,201
1231,4055
1858,9373
663,2950
6677,1639
9446,1483
3678,8334
6952,1570
3240,9703
5738,7885
2642,4572
9446,4896
3710,3788
150,1336
7510,9232
3113,9336
8058,5989
4339,1938
2788,811
2398,4527
2525,1753
527,7323
328,2762
5444,9728
555,920
7401,3725
8703,7827
9097,66
397,4638
7329,3451
7192,9383
9937,8567
7385,7297
1468,6547
3125,6720
8111,9752
7004,2432
30,9166
4058,1026
9786,4555
2736,6419
927,9261
3517,4187
2345,5071
4533,6943
8278,827
5396,8548
8743,220
3772,5905
9040,3087
5657,7311
7007,5222
7078,3536
4585,3576
1273,8472
7360,89
6937,6141
5728,2705
7200,2231
6617,3451
5483,2611
8839,7420
9086,8810
1149,3886
3796,4873
49,4585
8708,3917
5424,7501
9200,9036
7810,5757
2407,4819
6968,5355
4490,9304
4802,4317
2396,9643
5005,3929
3970,7214
8314,9027
9354,797
7673,767
247,5148
5892,3140
5082,3181
6184,5776
9645,7466
1742,274
2202,9636
8585,5080
5800,6409
23,9125
933,4252
3450,4334
5151,8804
5729,8642
460,3714
3039,9764
2953,1056
7069,4102
9871,5747
7307,6212
2130,8141
2593,8458
260,8674
6980,4770
5399,4420
3589,9022
5279,9533
3619,7310
1637,24
6768,9423
3848,3597
1697,1553
1501,9879
815,7010
328,7876
3563,1580
5347,9960
5247,552
4923,3086
1887,254
6842,1677
7422,9707
7822,434
1420,5741
6537,1568
8717,6253
7202,1616
6325,857
1544,1959
2208,6765
2583,2147
8350,4477
6019,7873
331,4674
1073,9630
4749,7007
5877,9639
486,8895
1430,1776
1210,3614
2798,4462
5930,1952
5646,9794
6398,2001
3806,5954
3138,617
9745,6501
2855,283
7287,9082
7322,6044
4780,4581
4706,2171
6157,2472
291,5729
2299,2379
2799,2133
3385,5591
3324,8572
4336,9460
9873,9948
3025,29
6522,4572
9418,9661
1083,6410
4370,3272
8336,3720
9294,5912
355,4467
2406,1699
5255,3202
3138,8245
5234,200
6125,7327
5927,1573
3324,9020
6705,1103
552,7260
4731,2777
5430,4895
9468,7773
5688,9055
9841,2331
2349,1898
4259,7758
4243,2347
1143,3687
4173,7700
7828,8505
8319,5115
1855,720
6390,7982
3586,5822
8757,1555
8795,1860
6154,6512
8576,8425
9374,2547
1409,362
8460,7168
7830,3438
9225,2278
3767,1941
7201,3004
3386,8812
611,5389
407,9520
7682,5820
648,4461
732,9558
3580,9073
1624,1987
459,5889
5240,280
499,7896
8878,8701
7200,7288
1259,4886
8587,4030
9218,3792
4217,2263
5212,7929
5476,8552
2324,2524
4792,415
2882,2249
6451,3620
2789,2237
7967,8827
7545,722
9820,8344
7497,1157
5686,4351
814,4992
9286,8216
8277,6996
9381,5692
7854,309
9482,46
7537,4914
6740,4120
2795,639
1092,977
8486,5761
2562,5640
6054,6485
3424,5856
7104,2157
5611,968
4149,2568
2301,5398
4332,9661
4736,4143
6926,5828
2621,933
1371,1937
2963,3102
8938,3870
1027,7437
4669,7283
1239,7359
9651,5957
1731,356
4294,5000
5651,247
7173,1538
3028,6108
4077,6222
3280,7878
9856,26
3585,3506
1959,5613
4966,3795
4947,6936
4787,602
431,4728
4786,4978
8242,3861
2584,2038
6625,6875
9427,4688
6433,3714
6223,8830
890,7868
8408,6387
8567,8666
7353,8199
4377,9323
2515,4140
8316,2579
1721,3630
8977,4468
6920,262
9930,3131
292,8780
180,4505
9614,6022
5550,9564
9026,3105
5945,954
2748,554
6776,4554
938,3978
9782,5262
4221,9580
6374,5505
3785,828
9029,2073
6508,4654
4701,985
7995,2184
2083,3398
6952,1133
7152,468
8992,1127
8076,76
5457,6416
5286,7452
7832,8958
9584,1947
8408,6312
8695,903
7287,1721
9441,4989
9042,3407
6095,5636
9777,6544
5314,1831
181,7899
1066,6989
158,5206
1289,1271
4266,6121
6549,133
4183,1462
8125,69
6889,6996
7475,4217
6022,1751
456,5300
4591,8765
4805,1537
826,5495
8469,6671
8170,9122
6128,8509
720,9937
9010,7982
3979,4137
4523,2121
4618,377
6735,2865
9826,4659
2573,3451
3292,6987
5597,9825
4310,7420
9427,8082
8025,1585
8640,9347
1210,6263
9319,1702
8490,1180
2461,6214
7144,9715
1769,9564
6023,7688
6428,9425
4458,7178
4666,1921
8267,8170
5622,1256
9659,4319
5372,8748
5075,8131
4775,6
1673,5725
3795,4030
7151,4347
364,4338
7526,6492
230,9154
9200,5864
3734,3468
1250,893
5629,3407
4760,8759
6613,270
6530,1690
2948,2611
1692,3983
4158,1821
8428,9657
4375,8647
4884,2195
885,7494
2920,104
5588,3583
3081,2830
5987,8563
4864,5743
5275,2345
3398,6918
9456,5846
4096,9827
5232,1835
2744,459
8425,5370
5206,6479
4631,4454
4605,7334
7611,6647
4546,6586
7879,6583
3176,9068
8933,716
8903,1301
8024,6418
4443,3259
7786,6692
8312,6732
6996,2487
8762,3193
2700,3044
843,4978
8600,5807
5758,8842
5058,4120
6601,6087
7716,4910
671,7736
2978,4699
6283,2563
3222,5136
7657,8874
151,6285
5678,8585
1667,4029
5448,8735
8859,4588
4415,6503
6110,6294
6779,3586
3757,3662
2383,6418
4974,8967
1316,1493
5149,5027
8112,2044
9996,8917
4581,1015
1594,9013
5430,1904
9218,1184
84,656
3674,5256
5895,466
9772,415
871,1650
8386,8876
5179,2864
394,5912
5768,3287
761,568
5355,7989
6556,6055
2451,1767
2969,8990
8213,2739
9508,835
1410,8641
8382,3340
6166,9014
311,9454
4343,2830
9124,5366
3006,4181
8828,7747
3506,8323
6348,6623
7119,3474
8634,9240
4166,2477
1559,927
5886,7702
3726,6843
7352,4260
7721,4891
6336,8664
3554,8647
4607,6282
2535,6529
1646,7557
7975,2718
5365,6331
9321,6987
9153,2566
7787,2669
4371,4013
4024,4601
645,6495
7635,9885
2552,4319
7568,2297
7226,4619
4690,5149
8035,4075
1903,2241
9774,9763
5247,9931
5044,1509
6323,6192
723,9958
2595,9658
766,3595
7824,8562
9743,6256
4808,4139
1064,9124
1223,2875
7206,4885
7962,3526
8294,467
5328,4840
2498,9156
6473,6463
7620,3572
5616,6323
9819,1430
8661,835
4235,9339
9555,8510
7759,6605
8016,3722
4250,2793
6995,6596
3051,8824
927,4740
78,6168
7870,4364
4990,5627
8137,270
5001,3772
6259,1175
5917,7785
2454,3788
3262,1377
3653,6527
7177,5436
9664,2318
8434,8481
3494,9496
890,3752
7669,7389
605,1837
5917,2833
9111,6813
4162,172
3926,8385
1328,7825
3771,6788
4073,3161
9866,1506
1530,4187
8273,111
6731,9723
7766,7536
7173,2444
2889,1386
8463,5827
7336,3862
5601,6970
6608,7790
9065,9885
9153,7159
1579,9188
2891,1402
5491,5038
3605,5888
5670,4742
1084,6586
3942,6181
9528,5339
4869,2884
2266,1378
8401,6203
1698,1271
9918,5387
6126,4321
4705,4533
9996,7474
4088,213
8160,6849
7847,14
9665,1697
1453,6355
2909,6642
4021,1871
1021,2004
6696,3826
5796,244
5168,2905
2673,1141
6120,3257
9491,5820
6927,1207
5708,7927
1339,5191
9662,6794
5977,5839
5970,4920
7587,9014
1544,3163
9947,5951
8889,7889
4900,2044
9240,2787
368,2913
5447,6210
51,6983
3701,5632
5926,2009
6101,4921
2456,9646
1898,124
6591,2515
6270,9529
5084,6132
5122,697
7004,743
5552,6789
3051,1878
268,6212
4468,695
3577,4516
2643,4473
295,3748
3803,2077
9114,9627
2307,4975
2199,4953
5435,6031
3047,4985
7676,1585
5662,3119
3997,9133
5253,2996
3091,3523
8771,6730
4480,2639
3514,8526
7692,9060
5966,7642
5713,921
929,7956
9920,2381
297,7942
1,9960
9251,1450
3479,623
176,9410
7090,7107
4509,3218
2590,9767
2081,6971
6073,8508
8048,4532
2994,9964
5965,7430
3741,5215
6668,1701
5715,8620
868,7078
5686,4864
3363,642
2562,4340
9260,2886
9166,6798
412,7075
3506,2615
6523,8712
7603,5140
3997,2362
9802,51
6856,3758
4370,3956
2704,9187
4400,5505
1565,9759
4781,6396
7886,5332
3183,8004
5815,3006
7222,6435
2390,8683
2226,2950
6692,888
337,810
9638,885
7526,15
6787,1748
1381,6844
5088,2499
7627,3104
2391,9874
9051,8496
3047,1779
9219,1185
6788,5231
3517,5380
9935,5055
3681,9145
7424,4797
6952,4545
4623,6535
8651,8212
7683,3100
9642,5963
5810,4199
7720,7644
2327,5606
5828,3520
1089,3398
6386,9874
3159,4396
6520,9734
3914,178
5813,6819
1603,3644
811,2462
572,6694
6061,4085
4955,3436
7028,7989
5304,9701
1164,3929
1759,2573
7819,9231
4033,8414
6001,4968
1189,602
2906,2076
1964,2136
9169,9560
3490,7400
9871,7286
4976,6084
8817,5366
6559,3190
887,638
1847,1008
2345,4347
9589,8636
1028,2723
8363,3232
8354,8169
2849,4157
296,1772
2873,9685
4024,5133
6000,2118
7719,9355
1313,7207
3993,4524
4851,1054
8984,5866
9907,8812
5988,503
5068,6758
6260,4847
8594,4385
106,6137
1039,9384
6453,5769
8821,7277
4400,8181
7153,3626
7352,6354
7873,8259
8731,6026
9676,6378
8635,6492
1727,7725
3617,6977
8089,5872
1567,8870
1548,4291
9406,4747
3171,5601
2870,9142
5539,8596
7020,309
9530,2839
453,3583
100,6842
1993,3925
8845,1404
4915,5114
9761,1752
7765,7708
2318,9806
40,5998
4779,1148
2320,8787
9538,5193
4814,9657
3160,6783
1632,7472
9022,9235
8339,8357
8000,4945
6665,9312
4314,4360
4229,9014
443,9248
5618,8028
3137,6099
8547,4169
1252,8031
5110,118
7215,5223
9410,6660
7688,4928
5328,7450
2817,6751
4758,490
3399,8765
9341,7967
1288,5908
7892,1958
7874,4472
413,6741
3014,7349
998,4668
6411,8832
6178,4791
9822,7069
182,3997
3159,7853
5520,1112
7623,6098
7776,2305
526,6017
3291,839
2890,81
260,6572
857,390
8747,3724
4383,9733
7826,8363
7715,8948
1850,394
6340,7712
9629,902
3481,3209
8804,925
8069,2190
6104,4733
3609,6465
9109,2699
5188,3318
1339,7261
9590,1837
9150,405
5378,426
4734,9754
353,7261
6417,3428
5779,3651
27,564
3201,8456
3888,5150
1694,7047
3680,3892
7916,4401
8545,9168
9546,4069
2987,7229
5835,3457
6588,6579
2242,3126
2107,1597
9881,3825
8842,4073
6449,6459
1445,4779
660,2575
1224,1982
7766,9715
460,5496
1338,3397
6017,5561
7089,2515
552,5216
989,5303
5511,1994
7300,8829
5456,2744
4687,8835
9963,4635
1890,6380
7983,863
1830,10000
3184,7489
8098,2452
6066,4351
7657,8545
1419,3162
9676,9924
3639,3642
3856,6849
8021,1567
4426,7429
6655,1967
6327,951
2823,9040
584,3097
7452,9252
315,8481
5532,9980
8037,1374
8675,1675
7643,1786
7090,3672
3807,1627
3115,4575
5495,5973
9512,5237
5610,9136
1612,2421
1444,5025
7969,5052
9513,2663
6704,5117
6966,2677
8368,9922
9587,2295
9493,6561
7252,258
538,9318
6575,7069
2665,1698
3784,5398
1318,6992
5959,7554
508,5616
6155,2949
1887,9426
7017,8890
9457,6080
4844,9920
3904,2648
928,5601
6236,5269
6362,6799
4982,3849
3599,2525
356,9161
6805,6808
3666,421
5206,1761
1746,6018
2016,6487
5924,1206
2202,8197
7872,1360
8386,5366
1952,1201
6305,1872
171,6539
127,7108
236,948
6307,8065
9217,2775
7843,1615
6319,599
2122,7327
4019,6113
3511,2412
7412,4301
2722,685
9476,5952
3193,8363
3060,82
5961,1002
1367,3799
9944,8117
9519,6363
5663,10
1476,927
3670,3855
8851,8859
2855,8928
1955,8447
1716,8679
4802,6442
8276,2902
1342,1782
8408,2803
304,7374
4556,2049
9379,6908
8793,6679
7555,4627
4424,4943
4512,5014
7265,3389
8465,372
289,2969
3653,6369
4890,204
3364,4594
6004,3187
6101,3876
5105,451
3321,473
2463,4841
9316,2816
5366,1340
9196,1376
3137,2722
3177,2289
1001,1228
7453,1782
9085,3550
8029,7979
5246,1087
2061,4168
3495,473
4266,7167
7146,5550
8161,200
7300,423
6989,6565
5283,6202
6494,260
3598,2936
8548,1058
6146,2463
90,8950
5518,2915
5936,2545
8180,1028
7345,912
32,2140
1908,75
9124,6055
4925,398
4706,4191
7683,4737
1907,2324
8189,9925
7124,7668
7381,7358
6480,2268
1870,2040
5576,2667
2978,8247
4848,9135
20,255
4515,8847
5717,3308
5830,9796
1218,3903
9338,8821
9418,9494
731,5934
2236,2055
9333,4043
8943,2089
4455,6662
6284,7070
3392,6635
7734,2385
8149,1797
3482,6744
1748,311
9761,1798
9619,7257
6082,608
9714,4348
9828,6697
6063,412
3330,4893
5160,4849
6327,5158
3482,7298
6776,2111
2520,1799
49,7506
6648,7128
6919,6224
6088,9816
8573,8205
8478,3752
6114,1764
2332,9929
3080,975
6690,3314
4528,8651
4014,3530
416,2795
3582,3842
4358,748
134,3570
2838,5408
3661,7134
2591,2698
1826,1557
5692,500
4716,7414
9351,5440
3279,5456
5672,6746
1146,8116
4699,7462
9773,3609
5759,923
5863,3900
4042,6683
1486,8321
9370,3406
1576,90
7126,3466
9990,3075
9491,177
689,2920
387,3751
1820,7556
3352,799
5593,4519
1015,7681
9031,4370
2615,3593
3065,6882
7880,5599
2690,1079
5952,4015
4989,4160
4192,2469
9049,1333
4326,5479
8801,81
5164,1246
7833,6394
9629,2577
4964,3598
2664,4496
2419,843
1853,5595
9064,954
4932,733
8248,3177
5501,4072
831,6773
2130,6494
3102,7665
856,9721
8543,9125
5092,9528
4057,3205
8907,5894
8479,8684
4210,7720
530,1926
612,4707
1607,3927
7970,3144
659,7899
7460,5502
147,6171
2958,5130
201,6233
8990,1116
3216,2600
4497,4921
2048,2282
2293,8609
301,279
8409,7645
9274,6472
2577,839
4011,8989
1446,8389
5592,7841
8602,115
4029,8728
7161,3452
2750,1489
7163,8501
2872,9502
9286,6022
3907,9101
7904,6309
6339,8451
3953,4673
6190,1156
9959,7513
3736,9793
5508,3303
9146,6622
8290,4988
5793,4655
4439,9400
6274,9022
8963,6806
2347,1436
6102,2402
6885,3842
2079,2072
8070,9266
3743,3483
8882,7119
5499,2126
5458,7797
8448,2834
5261,9607
161,1181
1906,4195
3069,2131
8376,7284
5964,4788
3628,3700
3655,4146
5402,9292
1447,9532
6023,3305
2549,5548
4555,1229
5361,3962
892,4383
4254,7931
4277,2623
2859,8314
6325,3035
8749,6816
6068,7
2359,4259
6145,300
6412,3481
4310,368
3195,2727
5021,9965
3448,4442
4236,8817
1916,8273
4059,498
7779,5237
6231,4155
7875,726
5471,8184
8412,8660
3291,1258
3371,9815
7740,4695
4936,6299
4974,849
7952,8427
698,3841
9053,312
6345,2800
3904,2583
723,1330
2177,3381
2469,2015
3053,3143
2961,4975
8111,6882
5984,4834
7897,1011
5330,3657
4945,5773
2469,5380
9113,781
3316,2441
9622,779
5895,9806
1890,8239
2072,1091
3149,1886
8486,8895
7662,8864
8642,5349
6808,1694
7223,9938
7768,3149
6246,5926
9482,8562
5727,4093
4779,6433
9341,7737
1641,9254
4792,7150
6502,5135
2830,121
4508,1268
475,7806
298,8276
68,1836
9660,3005
852,9439
4074,3208
8446,3027
3335,5006
3393,4255
4249,3019
3705,805
2200,6030
4130,8709
1151,4250
4424,3049
3248,7644
5818,8288
3076,3544
1932,2842
2608,227
8012,637
7139,871
8572,5826
6924,7319
2494,8319
5368,8143
910,9490
5608,1254
1353,694
2002,7139
1643,1029
6894,153
1878,619
2177,4689
654,914
5638,7586
1090,2383
9240,8224
6181,9609
5260,7166
5530,3457
75,5249
4094,2802
7822,9858
4687,7271
658,4063
9883,579
347,8560
483,6321
4676,8881
5150,7720
7364,7712
6106,6475
5420,69
7709,2187
5437,5033
6041,201
807,1860
3774,9163
2973,8375
7050,538
9508,7299
9404,7302
9465,3540
6262,5735
914,1261
880,5665
8140,8017
3464,802
7060,4683
4712,524
3650,4251
3280,8106
9568,9310
9138,2320
4072,872
6397,8595
8027,7681
1249,802
7934,793
2417,6352
3022,6265
4663,6207
980,2648
2545,5963
3540,8838
5497,8512
7231,3289
8194,7688
3385,2001
5358,9349
1349,3258
6365,6215
2556,5262
2751,6379
1676,9732
2123,1985
1821,7641
6424,5768
8303,9945
7368,5384
5711,554
3733,5147
3384,2710
8515,5865
8790,7347
6165,4446
8278,5760
7004,4410
9866,3326
1994,486
3849,4104
4773,4462
6226,1809
8871,1039
6352,1817
690,2557
3945,7067
5984,3857
4817,5798
568,1183
9036,4294
685,5744
2673,9182
5808,8016
2314,165
1990,8501
87,3546
2325,1562
7250,2613
8823,936
9229,507
113,4496
1511,1341
7982,8583
2078,6558
4772,8094
7631,1583
5528,621
6281,3929
7069,540
431,8678
39,9102
684,6253
8606,8426
7472,6584
9054,2551
7753,8099
5211,7827
8877,7444
5234,3712
4547,561
571,7372
9074,5538
5611,2283
7553,3748
6933,6899
5342,5623
7744,4340
442,3397
5188,6146
1329,4320
3662,7392
8887,4358
5027,5579
8062,7299
1553,9824
7317,3988
2353,1915
2394,2179
7529,1997
7647,9412
2206,7880
5786,4091
3510,8331
2503,1959
9291,6533
2633,8591
7612,9735
1885,8248
110,5659
4959,9824
5567,8011
246,7402
2907,463
2698,3334
4487,8135
5814,9004
3083,5457
4152,5637
8397,8007
7270,247
3656,9480
6683,6811
3324,9857
270,7788
2223,3800
8179,7917
4080,693
4795,423
4348,9534
6471,3423
954,4525
2618,2737
4225,7807
5228,235
2697,3292
4362,7239
6686,3791
8667,3878
3441,321
9854,758
9530,1718
4111,6768
4488,195
1272,5600
104,9609
420,3074
8868,6419
3487,597
578,9785
5849,8575
333,2991
2377,157
3618,3437
6526,7493
4177,8907
5169,6570
7571,7976
9318,139
7690,3943
2785,7897
9908,3079
8406,5170
873,5902
4553,8303
8836,4977
9027,1254
7631,2930
7206,4781
4310,9863
4824,3980
5646,4595
1931,9933
8542,5827
5501,7971
5339,2583
683,5956
8546,9258
1232,6789
9695,5728
4364,4192
7290,4028
3567,8548
8145,3339
741,6010
3952,7008
2140,2799
8445,4781
3456,9203
6240,8347
3687,76
2303,9558
7512,3575
9385,4807
8039,4509
6296,5311
9643,1726
5913,2797
2625,2477
8216,6717
5561,1048
2148,6158
8398,6162
737,957
5812,3822
8493,7843
985,2090
5226,7128
8765,2950
8122,5698
558,9264
537,1614
7868,4685
5652,9481
588,3109
3047,2236
5416,1884
3972,1490
8675,6521
2400,3864
2331,1989
5255,3376
87,1169
5360,7377
6735,6372
8491,9166
4506,3616
5206,305
3890,4448
3487,8868
7957,8096
2692,508
8853,9705
2246,2883
3167,5383
2636,4272
505,6457
2308,2677
9700,7589
8436,2613
3024,6869
2782,2752
1007,3170
8898,3580
8785,795
5758,4610
9951,8210
1265,3250
7012,4707
2589,4819
2693,4594
6282,3371
6482,1392
2503,9352
308,554
9755,9689
598,4590
7962,4011
3392,6762
4979,1076
4638,7491
2662,9574
7711,9759
5123,480
8089,4319
6989,4311
8730,8125
4526,6892
58,8430
1668,4475
8156,9091
3481,3711
2595,8610
2016,277
6737,8892
6683,155
3307,7867
3850,6916
4984,5834
1566,8028
8664,7761
5691,7763
3313,5259
2555,4247
5509,3653
8416,2658
3744,3510
3633,1213
3389,710
4134,2608
1015,6476
8303,1047
2077,6007
3310,5586
1183,7017
6501,1753
7237,8075
9226,7658
6303,8065
6087,4241
4679,1084
493,626
5715,3701
7401,822
3702,9164
6879,9792
1446,4190
1571,5003
3288,8876
6294,3842
5207,7262
3581,1131
6388,499
4430,2785
6168,8371
4004,4844
6852,8964
9506,255
2905,8950
147,8926
8916,7211
3135,2074
3409,3189
6362,139
9904,5806
6343,5449
4821,9502
7706,3206
1737,7357
7771,9227
6238,1734
1639,4958
880,3379
2176,5069
8263,8235
4628,9
3193,8005
5051,1154
1853,311
4714,3819
8713,5407
8132,6458
5036,7933
5408,8607
8584,4828
1718,4765
6376,92
163,3882
7744,9261
8221,2015
6209,2041
8128,220
4091,6830
5046,44
669,518
8341,9071
7704,3366
7586,7498
3681,3792
9731,4280
8054,9764
3954,5115
2808,3178
5678,4659
9830,3317
2060,4122
7402,3716
5818,2905
285,746
3284,7307
7509,9960
288,7676
9183,9540
3347,1245
7048,9705
6454,3831
9157,2154
1396,4393
3378,1315
7242,6896
1719,1519
1009,193
6135,576
24,5494
2482,8318
1801,5747
4923,4031
3726,7157
723,5951
9981,8918
6372,3756
1167,7151
3066,2097
5294,122
6379,6973
7308,5202
9320,9455
3792,1609
4059,9025
5836,7526
3808,302
634,890
7872,9696
1365,2685
1849,1242
2531,6554
7913,1311
2272,2371
6953,1486
2902,1650
6679,4187
6376,8190
635,2779
942,1830
5723,7659
1691,3549
7018,7708
9530,4850
2043,6463
7287,3834
3139,4394
3882,1245
3868,8309
6605,1578
5446,2084
6575,2983
5433,8368
306,5673
7589,4980
9166,6524
6794,8977
4408,9999
8484,1775
8141,6352
5821,9728
2233,2464
7430,3842
9573,6210
1601,4210
3820,6949
2598,8311
2270,91
1557,4114
5373,997
3003,5264
3957,3694
3149,1657
7561,6001
4417,7656
5448,1543
3197,9255
4959,6529
3303,7735
1080,2190
6283,873
3247,793
1467,1836
8997,8867
9616,7987
5854,9832
2527,4690
6165,8081
887,9797
1344,3557
5751,6381
8478,3788
1965,1784
8796,434
9976,9596
8311,2261
9967,2976
475,6827
1514,870
2266,8498
286,3641
3257,3957
6887,7823
5060,4616
6269,8011
6850,849
9721,3234
8499,2371
8385,3239
1589,9416
6127,1477
9622,5674
7024,7065
2884,878
9016,3162
8481,1021
1826,3926
9714,9872
9205,8186
5222,744
227,3613
9955,5736
7403,6282
6507,5583
9038,9784
8127,5062
1998,8871
1994,3234
8595,4857
3822,7302
8935,4507
4268,8872
8721,751
6668,9454
5471,7335
7341,501
1852,3712
3254,6958
6193,393
9835,6501
8056,4702
8651,3103
7323,6757
2374,5472
8811,8820
7628,2119
765,6493
1233,2390
4846,3688
5965,1089
2663,4091
6383,162
108,7512
5857,1895
6351,2211
7110,9369
6274,7775
8928,5866
5113,2004
3647,6826
2861,1998
7892,2805
284,5173
227,7084
2990,4565
1639,7327
7315,2922
943,244
56,3641
8390,6615
7081,2637
7984,6910
5632,3309
9217,5224
443,423
4600,721
6828,4715
1016,3860
1770,8966
2935,3550
1604,9866
5998,8411
6326,9654
5505,9071
5412,6215
458,6947
8435,5547
4862,5545
7383,541
1969,3054
9703,306
869,5388
3837,927
7613,6329
7881,3845
959,9039
1557,58
872,569
5507,9173
4714,7158
6435,4166
4257,2781
8289,5904
2099,590
5547,4580
2085,5585
2000,5082
3402,3149
6563,3214
4614,2151
8111,3285
2481,9796
8229,5787
3144,9245
4848,4907
7837,2351
8874,6602
4286,1643
3255,4112
9091,3008
7695,9716
1425,899
8329,690
5323,5977
3347,3900
8041,7057
1390,9963
8048,5985
9142,992
993,2619
2448,4891
8894,8475
940,8598
2150,5360
4665,6112
4354,5204
296,5986
3992,6698
2088,9247
7133,8996
6080,7516
8,1005
2668,8570
7585,2793
7887,1132
3480,3591
6119,8681
6034,7457
2973,9504
4061,2480
8619,3363
2677,3902
3017,8098
8080,3785
3568,1204
3955,6721
9935,7508
4632,9855
6348,8614
311,6961
8850,6452
5296,294
2712,1786
6699,2243
803,730
2359,6495
1794,1277
5967,3825
1239,3959
1915,2644
2277,8262
9362,4421
2036,1574
8172,5529
8289,1043
8454,301
2963,349
7695,9659
4169,7297
7327,4949
3551,1466
9736,5218
8736,5779
2580,4818
1301,8407
2494,7632
8651,7479
2060,4099
8450,8552
3482,7424
2785,8503
2114,8640
6023,8313
8231,5738
4125,4099
9778,2301
3256,2114
3955,6907
2218,9128
3177,709
184,1813
8044,4127
5350,1678
4695,4656
6477,5820
6932,7705
9983,4819
1568,9647
4370,93
6557,5799
4760,7811
3366,749
4464,8359
5149,7552
2244,5761
2224,669
1571,372
9083,3303
4425,5500
3623,9376
1483,7175
9647,9735
4639,3661
723,4190
5847,7837
8213,8342
6094,6421
5265,7001
4699,5661
5498,7604
3,3745
3328,6911
6475,8570
269,7275
3130,6951
6334,5830
1037,4061
271,3102
4373,7240
7071,7520
11,1229
1763,1595
2819,7710
1094,246
7614,8968
542,4459
2233,2605
1146,8527
9171,5897
3815,7150
9116,4467
5266,5816
3481,914
1096,9890
3845,5129
89,346
2673,9425
9338,5819
9803,4193
4826,5064
2540,2860
4764,2505
6075,408
4436,5184
3232,7766
8029,9703
5347,8643
1014,1351
3795,2922
2205,375
2898,8659
2483,3375
1453,2684
3232,9736
794,7155
2527,627
1194,7725
8682,802
9742,3574
6496,6151
6518,4197
8355,6119
6163,443
8414,7882
3070,601
2499,1729
6162,5307
5427,1749
2149,2692
7783,1592
1076,1591
827,8826
3484,6495
330,8331
2724,8652
389,119
1671,2698
3676,9251
225,3936
1087,9203
9759,1378
622,6149
3912,6900
5565,1997
3274,7979
2723,6222
1565,4145
6514,3154
4245,1877
4609,4039
1011,5997
2628,2118
3818,8921
8637,240
3919,1045
6012,3927
7225,5291
5474,9286
4264,5106
2483,9838
9667,2631
1818,398
1449,4662
3558,3807
5305,2389
2306,7289
5357,5293
2339,7573
8225,9750
2986,1873
9634,1774
3993,153
9553,1206
9330,4456
4054,6154
6203,7786
6962,906
9310,8653
380,7769
2221,5428
4013,9697
7235,407
1048,8513
1717,3467
4353,3221
8951,7673
5438,4560
1915,1678
826,3641
2436,799
7270,1071
5816,5366
6075,1625
7204,7501
7451,4687
2874,1894
1557,7599
9270,1492
1526,4717
3838,4874
1629,7226
5511,9486
2455,2095
1700,6874
6313,9158
7370,5327
1356,2325
1103,6438
6675,6585
7520,2724
6888,4123
5426,3736
5988,417
8208,2165
8109,7699
9763,7655
7961,1400
8816,1732
4465,5517
2139,8288
9010,9714
1369,5404
4717,9761
9763,5469
8893,8732
6326,2468
8904,5969
9943,2736
7871,3980
5413,5580
3568,7370
5943,9237
923,8741
564,1453
5201,9489
1873,3029
5255,9233
9236,4171
9259,3751
8440,6463
7678,8967
986,3283
8895,4214
9231,7135
9433,2372
8040,7487
1794,4787
3502,138
2612,4051
9704,5038
2457,5628
4315,5757
5839,9831
5153,9918
619,3993
9490,8002
9850,7165
6351,7508
7330,9949
7070,2396
7542,3613
6591,4848
393,6468
4172,5335
4362,6584
6687,2492
2606,2372
1022,4219
8748,4920
8722,9483
5185,1070
1542,3640
6628,1012
9706,9004
5283,4411
4886,9737
4652,2059
2204,6693
296,4112
8230,4627
4305,9638
95,2026
1925,2124
6174,3748
7538,200
9916,3701
7505,1751
2023,9494
6976,815
1007,4829
8775,6707
1261,6571
2493,5138
3764,2401
1954,9132
9903,1888
6540,6930
2170,1388
7376,7657
1149,6188
4054,8699
963,8640
32,4362
905,703
2771,5777
4577,7965
1587,1578
7158,7557
349,1397
7322,9513
6669,715
1131,9667
464,6048
2261,3974
9748,4990
5873,3190
3932,1940
3482,1729
4064,7899
7232,3192
3969,3552
2454,7742
393,8194
9526,7420
5953,4650
9108,8159
4620,6802
95,8223
881,436
9988,732
5302,7152
9181,295
3879,6105
1751,3658
7622,252
2401,5381
9117,3006
128,7798
9327,6290
7791,6276
7308,7667
4500,2184
6963,612
9982,713
8018,5762
906,6035
4232,5362
549,6323
5260,7836
140,7761
55,324
687,3306
4107,8513
3940,2552
8743,6027
3319,4017
1731,8326
1279,1481
4758,9958
5100,9173
5879,221
5549,1101
480,5816
30,6253
8638,2467
7758,8936
613,7220
6526,7450
4513,7451
3573,9448
8823,8851
5409,8966
3929,8005
3689,4661
8313,1162
7357,9478
7669,171
9071,5040
8352,8231
1179,3066
9090,10000
1728,3701
4021,7122
2819,4873
8736,4641
6201,1483
8193,4782
2962,9240
1427,6085
5109,5648
528,4007
3734,8865
4015,4287
7109,4383
8606,1874
4208,6717
6123,4328
4024,603
7180,4530
6673,6701
4879,935
6674,6435
5755,5279
9037,9322
6197,6698
9785,6014
9839,8574
3050,4186
7450,6572
7650,4702
8637,8894
8353,6540
9902,7631
5176,7295
28,6455
4540,9016
8415,5089
3829,38
104,7962
9318,4753
7282,4280
8695,5011
8106,3125
4797,9204
3338,727
6284,5313
3072,2302
2707,4553
5598,6121
2357,8787
4155,6661
1960,9118
9815,9795
2966,5847
395,548
8881,3921
3278,9619
5172,7924
1621,3744
7268,7092
2466,2421
3125,4301
4829,8550
2617,6664
5936,8266
1763,5197
8955,9072
7290,9909
2281,4640
4313,7162
5754,4880
8275,5133
9455,1055
5859,4004
8948,2434
1266,4670
6439,2920
9346,4740
8327,2059
1847,2894
6455,9766
646,6079
8370,3117
7333,9375
1065,6878
9553,2131
3288,3699
4383,3626
9318,640
9402,7318
2827,4287
411,1973
9324,6037
3495,3004
8705,688
3010,207
1544,1008
129,607
3411,3648
477,8336
204,3584
8931,1718
6536,3039
2361,5612
9753,42
7771,3408
9726,139
7155,9790
1157,5616
7671,5688
5905,458
1869,6943
615,4110
6729,4336
2433,7388
9158,1534
4597,8105
8995,8151
768,8315
7765,8614
8972,592
7211,7221
8049,8556
9855,4413
5000,1741
5944,6732
154,268
4636,4449
9510,5955
7362,5462
1794,3013
3349,491
8441,3310
3749,7179
5875,3193
4344,4381
3442,2952
3582,4842
8584,7763
6370,6709
5846,2896
3692,3980
6912,8571
1715,4906
2060,1762
4944,4966
7897,464
8909,1611
8188,7236
7389,6213
9765,397
2965,4309
3856,8212
1912,273
5368,7734
5200,8411
5798,5084
4600,9708
3223,6521
5383,813
6043,1952
1942,5298
8681,9424
6019,7812
3617,2013
2206,7225
4890,2603
4320,4865
4793,4153
7516,3312
5139,2344
6798,5427
3785,4199
4928,3297
6226,2013
2155,9855
2824,8594
9113,256
1096,8793
7881,8215
1676,6014
4429,4587
9734,7016
62,3638
9778,107
2399,7753
4510,6142
526,6608
4390,3460
7319,8685
4023,6664
6259,4948
1398,6090
4894,5155
6121,2624
5045,2203
1138,8459
5230,8607
7084,5576
9602,7144
8958,4271
389,1762
7613,5787
6391,1303
8383,5046
8114,5862
457,992
4275,8848
5289,6861
918,3726
8960,1513
2699,4226
9079,760
7909,3065
2802,2365
1568,5738
3250,2455
2962,7630
7685,6099
6874,6012
6952,6802
1621,783
9548,5113
8992,3942
7510,6799
904,8024
2193,4230
2637,3105
2766,5865
9301,334
4891,2190
108,4753
162,6455
7577,9105
4664,7947
3677,4418
358,5837
8708,2028
3028,4102
3485,8362
1,179
4710,7746
4912,9277
8209,2908
9724,7985
7363,1312
4011,940
6795,33
7841,9269
4816,9056
1324,5463
3618,3694
268,5433
9651,9537
6453,9835
895,4578
6797,4351
4006,5281
481,3026
2170,70
500,8438
4739,245
6183,9709
896,6989
2691,52
8841,1053
5283,3209
5664,1603
4767,7915
8597,5491
3955,1949
5240,5248
2495,9414
3114,9354
9207,2376
220,9524
427,2810
4985,2592
7745,1765
5376,9466
6973,4984
4089,8590
2386,2552
5480,9750
1507,6231
8639,9156
7107,7983
5230,617
794,2139
3222,1552
2344,2115
156,5177
3268,5187
2889,4133
8046,6790
5725,5771
4563,5988
7987,4566
5966,6341
2880,4923
1771,3377
2965,9290
7703,5478
1812,8576
9283,2180
3664,3350
2072,9624
8461,1163
7508,9107
2854,7593
6146,5287
9933,2758
3048,3597
9773,169
5578,918
3963,2118
8091,3244
1339,4152
8436,4068
6959,7338
7005,9811
1018,8722
2681,8746
7235,2027
5342,5583
9749,5086
657,3065
2355,1532
3040,376
5465,507
2569,5486
7213,9178
73,2014
5237,18
2894,8720
6194,5115
6509,2318
825,3592
1392,3710
7490,1936
6199,6091
6618,9978
8319,7538
8595,9460
2064,6727
7996,3152
1473,8802
2411,5004
2006,6506
5606,5420
2505,2827
5873,2534
2199,8263
9825,874
4017,8695
7375,924
258,2492
5113,8079
8289,7878
4290,9200
1068,5375
3498,8972
3764,6069
1608,3023
2216,5651
1171,8474
9290,1644
7040,8416
8702,403
9862,3309
2144,1913
2301,5572
3668,3939
3605,7443
569,616
3139,1333
8215,4580
9094,2228
968,316
5752,3640
6083,6351
4768,6289
7187,164
8628,989
2838,1894
5963,8230
5041,7097
5281,6859
9297,5063
9779,5609
9468,6284
7898,8614
5430,1914
9557,7419
1072,9386
5135,6539
3498,4208
3872,7460
6617,2969
752,9760
1012,5860
677,1880
5912,9626
7533,4198
7420,4907
4679,6390
2831,5143
620,985
8444,3125
1004,1877
2527,4835
82,6428
8242,411
3625,1238
7617,542
8296,4590
9260,2593
7992,1207
1930,1824
9175,5705
3577,3491
6517,8700
6292,7724
4092,5039
6894,8729
4268,4166
8731,5500
7220,1470
846,7268
1469,6957
2429,8360
1888,3659
8849,9296
3512,6967
377,2896
5714,7352
1085,5362
2417,8449
7088,4335
2398,2367
9807,4058
3564,9042
1159,1896
5993,6917
6899,5167
9697,2012
1394,6106
9165,2282
3463,8407
7865,2540
8698,7086
35,2134
2476,3726
862,8007
1816,8437
9158,3291
6548,2315
1167,4701
967,3660
3590,5079
4500,9264
2185,4696
5461,3305
3426,2384
1123,9273
14,5819
1473,7421
2892,5287
8297,3193
9249,2388
3870,2753
4889,8536
9505,6626
7384,6588
4783,4171
3630,6838
4326,4763
7400,1811
1048,3192
1635,113
9577,297
8396,3158
1299,2273
787,1281
2137,7704
2142,5707
2952,7368
1914,889
9529,5089
5612,4305
6386,9849
6917,6807
9661,2868
1956,8563
5313,6779
8053,2352
7116,1740
6295,2883
6594,1967
4108,1574
5711,5312
1113,9760
4248,2317
5821,4787
6768,1181
7263,6034
5030,3243
7839,5437
7404,1678
9359,7691
4578,2327
8027,4898
7121,743
2595,9781
5204,9146
8185,9435
2064,6243
6102,1128
628,4052
6231,1306
8715,4459
8132,1586
8014,660
1889,6653
9863,8703
1326,9934
2225,1359
1193,8714
3307,5116
3939,9280
6683,9190
4496,4707
5999,1478
8360,1333
4510,7346
4106,7426
3773,6477
7345,6485
9902,9945
6942,5147
6579,1018
516,7522
7985,5624
8355,1502
6943,2320
7548,8024
4029,4392
3012,5635
1809,6493
5860,9053
8156,3643
6492,6238
3803,7272
6920,2928
9514,2797
8490,3658
580,7858
6775,619
3989,6005
478,7216
9360,4247
291,5890
5852,1827
6586,2399
2697,9036
2990,4563
7281,7809
7921,4130
297,7744
8254,5
4630,3716
8634,3695
2909,3820
329,7867
3987,7786
9725,4676
9955,5429
41,1824
830,396
1892,538
9388,1254
953,2587
2272,8379
1003,9732
2362,6248
2182,2442
6102,8771
9841,6110
2530,8828
2959,4360
6606,7052
3300,4127
5019,4477
1413,56
8005,9798
3224,9609
429,4913
5979,9145
1663,1722
2752,9958
6451,4870
6774,7906
9807,7470
7059,7946
8841,2358
7885,9108
1785,2495
5816,9109
9357,5989
1321,9309
9367,8677
5673,5376
6145,959
118,5985
6977,4436
1028,8636
3431,4365
9520,10000
8947,1751
4596,7256
8867,4558
4102,4661
1258,3765
8108,2762
5085,8512
7722,7795
3686,6462
9404,4658
9820,2182
8095,775
4298,220
6713,1420
4571,7840
2921,4299
3127,7012
3241,4188
9782,7032
384,4206
8548,6180
8100,2145
3086,5809
1020,3102
8168,4372
1300,4404
640,3864
7562,1232
9101,2519
613,5848
9458,405
1509,2068
1551,8617
2021,1929
7734,392
5357,3
4907,9264
6484,639
2724,5822
5123,2322
416,6604
9717,4490
7652,7531
9050,7711
2272,1656
2299,2420
7425,4846
6983,5968
8399,8553
2092,4740
358,6194
3730,2953
7347,8940
673,1063
6916,3049
5507,4372
914,553
6483,7447
7098,8097
7573,7160
3974,7476
3807,1638
5371,1520
197,740
5980,2984
6211,433
2907,3753
483,8898
31,9788
3566,3230
9922,391
4351,3494
6769,8160
6595,8144
3607,9647
2029,4463
6003,7678
5286,4752
8277,3200
4769,1394
6408,4539
3852,4531
2393,6755
3779,7956
6821,1076
6127,9512
5089,1708
8092,4958
1379,3588
7048,6056
5710,5433
7207,5144
6459,7882
2659,8726
5986,3312
3216,864
3768,2789
2990,6047
3714,3922
8679,8689
4344,6506
2889,4841
1669,1132
5694,6399
7243,8377
8646,4661
7779,2979
8182,2887
3026,6445
7370,1262
1863,8325
934,9745
3040,3930
3738,472
157,300
5923,8959
3644,8543
4910,5668
2531,267
8392,3245
7405,6580
8018,7881
5611,7872
832,7345
1148,4778
8959,6378
5959,8803
9046,7258
4917,7839
9606,7092
2092,4483
5979,1618
3173,8361
4853,6878
7295,9565
3808,4381
8157,2776
7070,4728
6410,774
1223,5944
3645,1350
6071,1822
5335,3789
646,781
7385,7032
2500,3509
4771,5516
995,6060
1303,3067
8431,6842
5420,4758
3416,5409
9551,5609
4544,9111
659,1480
5584,5042
1577,4020
7717,8111
5371,1161
4008,5535
1442,3815
6155,847
1495,331
4718,7202
5590,1242
3522,8669
4719,2058
4261,3103
2583,5020
5820,5946
1227,6073
3743,2370
5604,9704
7309,4673
2822,9418
4736,9317
1682,9474
5196,2519
8572,4372
8433,5849
7095,7657
3889,5819
4411,172
4155,3929
537,3236
8468,8917
3285,3839
6791,1532
5890,3191
7076,9512
9740,35
2052,1970
7375,3405
7101,2849
9429,2891
400,2835
9564,4413
5024,2151
6309,6626
9229,9045
8889,9462
6190,1707
7942,7388
6334,6853
5207,7876
2541,567
3730,4906
2247,602
7595,7931
8977,8193
9446,8132
367,2806
3674,4904
9203,3638
4192,9006
6737,2550
2891,4677
1069,6417
2097,2421
2550,6751
7880,1188
7260,1411
8252,8801
876,9793
2252,2128
3580,5338
2772,8003
290,5285
725,1505
9823,1804
6721,2405
2217,7152
1139,6486
8806,2746
4715,1646
4788,8288
9223,8154
1397,528
1837,9757
1992,1067
8932,5921
979,4161
1619,763
2956,3621
5041,9722
3319,2348
9484,9899
9897,6616
5749,428
6860,3291
4856,3867
27,9290
9881,7898
1373,337
186,7186
9886,5469
233,5889
1337,6617
4838,9314
2098,9464
3939,5127
2943,1979
8820,9221
7463,5744
7701,9579
7331,680
6939,7104
1985,8131
8770,6521
4295,8987
3526,2372
8692,121
5150,1349
4290,935
7218,3258
6888,4995
9101,6764
4716,4077
7357,1653
3366,1614
9735,9672
6399,6229
6008,5121
5512,5550
2935,1018
7111,8113
4966,5879
8140,9525
5414,6736
7554,9439
1578,1640
6162,8107
244,6974
9825,1493
8748,4287
8249,2341
5231,2502
6741,6789
7524,6226
7861,5072
346,6882
8658,1608
3293,9103
2715,964
2247,486
9422,1572
9827,9681
5955,4259
8173,8641
5426,200
3173,6393
9045,8985
5586,6618
968,3117
7027,6295
9836,875
5152,2148
3851,6836
5824,7328
6837,58
884,5884
5081,6780
4112,6183
9600,8719
6602,615
260,9946
1915,902
3534,6750
8162,9127
4396,2784
1752,1363
9344,7909
5054,7013
3350,4841
7458,9630
8974,4075
2689,3685
1287,9192
6934,8719
4781,3587
1488,4214
9481,4942
4722,7306
6631,1080
8148,1137
6261,2851
7527,6332
4711,5936
6406,839
1719,4890
8968,6636
5433,1739
8689,8598
8509,3807
3112,4765
8558,9667
4660,8834
8775,5081
7055,6968
2677,4124
6397,7837
9192,602
8437,4052
8627,4754
7934,3665
3075,1787
6901,2432
1196,4447
6234,1186
6958,2707
1659,741
8407,7844
6712,4990
8754,9071
8230,7142
9325,3260
8591,8686
3480,7816
6486,528
8217,6990
1224,5220
9565,9154
9070,9724
9609,6682
1535,5389
2798,9129
6803,7818
1355,9768
2322,5534
5804,931
2282,918
3904,8110
8383,2249
8921,4866
5661,6981
3981,440
7130,3047
9225,2769
6247,8341
6292,1487
8980,7004
8113,8868
1619,7522
9951,8869
7780,5239
4171,7210
8784,2365
9509,677
3874,1953
7552,2812
3423,5189
9314,5029
5302,7051
7611,957
6611,1456
6499,9732
925,6834
2124,3177
3519,3151
8087,798
7044,8556
3538,9704
7323,6655
847,4789
634,5674
4080,9097
4703,2405
8909,8487
5042,5990
1512,9369
1126,1487
2216,5245
9662,212
7922,6172
6940,4647
4727,3255
3780,4802
8790,528
9104,4432
7105,4082
5373,4361
8157,9358
7794,6025
6915,436
7520,4043
2787,6586
4245,5623
2601,3868
6219,2133
2215,8448
590,3868
3714,8900
5578,6108
2569,2695
4098,9412
3648,6704
6269,2721
2459,8239
5707,2292
8437,7631
6614,8367
641,8580
6484,76
5095,3670
3224,7001
7072,1434
5544,9540
669,2106
4969,1854
4481,9520
4502,6575
8016,196
1936,6247
6255,9151
3759,1116
4458,8684
4631,7685
1316,3178
3270,7602
8121,2848
9065,1157
4544,5246
6014,9089
3132,7979
6389,6813
5922,5760
1727,8053
3812,3217
5416,5582
7484,1155
2626,2212
84,2783
422,9026
818,6913
2015,5516
6210,2429
1650,9196
9771,9167
2037,3800
627,7933
5233,8477
4126,6763
9826,2442
8898,4747
3035,3835
4102,7487
1398,1951
3513,1276
6857,1977
9518,7405
1813,9808
4005,193
4279,1187
8725,98
2817,7213
7030,227
275,3504
3867,5701
7043,865
1596,2710
6524,3808
1921,4038
5170,3299
1979,4327
7027,8382
2493,8129
1353,6913
9063,3984
6653,3677
8899,7275
2117,3060
4616,8001
7230,6188
8236,4225
1781,2816
1895,6550
8238,8180
898,3949
8840,1858
2878,437
9000,8486
8226,6834
3121,9826
9868,5422
7046,783
3944,4141
7958,2113
6894,4043
5558,501
9782,4852
2364,8745
9030,6527
4935,5128
6156,7560
5580,2433
7416,9145
1884,3588
2097,9172
3921,9176
1831,6527
8679,9883
5592,13
6935,5735
6636,1285
9374,7806
6267,2305
2973,6082
4879,5078
3946,7730
1924,4954
2467,5221
6715,247
7859,5964
5406,3146
3692,6744
3790,4040
3732,4696
4120,8894
8509,108
7286,6388
9580,3691
9489,1053
4188,5645
7380,7597
7787,7990
2908,2920
6993,8864
3980,9843
7280,7187
5662,4313
7703,4884
9907,7596
4129,9303
6218,5510
139,8226
7807,1754
1043,3040
8715,860
6188,8655
5306,4474
2925,5447
4122,2614
873,7735
7359,5729
4217,1821
8755,6261
1622,4753
4779,1007
9155,4159
2101,6471
6038,5151
8077,1581
4775,3411
8942,7714
81,7100
7397,8896
1702,9609
1794,7175
6496,4318
7096,1253
9777,9517
9572,1025
9275,5971
1114,7525
9836,4801
8378,1493
8658,1973
5954,8096
9500,1237
6605,6418
2961,4440
4041,5779
4633,7777
2598,9104
9721,8392
6090,6756
2092,8967
9202,7490
7501,4014
739,5250
1922,787
2879,7989
8258,4921
5842,3719
9286,3516
9980,7489
957,3447
7657,247
4106,1282
9516,6644
7208,7803
5562,6896
6798,9183
9523,540
2990,118
3595,4890
4807,6392
5110,987
6154,4944
5155,8822
5977,555
8111,434
1435,4381
9274,9937
221,5360
5191,6409
99,2378
2364,3551
5243,2762
9914,3730
7170,9726
6406,1314
6224,581
8790,7499
639,8780
4279,2706
5801,5143
651,4042
2495,1117
3936,8611
7206,3664
7195,4881
7627,4840
3284,5540
3064,7292
7691,7305
6478,9804
4744,6380
7474,1581
5424,1624
3748,4162
676,2877
7258,2659
9875,2925
5004,5037
4879,9139
1033,7478
2685,3456
7095,3115
2758,8643
2839,632
7035,7844
7270,7522
2197,6638
9007,3301
906,5863
6239,1094
124,7549
3057,7732
3739,2142
4775,5791
6667,356
2074,4852
6848,1547
3768,437
9333,9489
9005,9746
9868,5017
5181,1334
1856,2171
1021,7424
7623,7755
4353,6315
7635,9269
752,7245
2743,7954
2804,6313
1559,8954
5437,1873
7912,390
9973,6987
7430,5264
6846,1646
7813,1034
760,8010
2207,7735
6286,5458
1467,3674
1024,1959
6335,6105
956,834
8908,2189
933,6461
1192,2425
806,9246
5129,9509
6688,6497
8797,3782
4558,2353
807,6139
5210,9363
2756,1270
6104,3632
1659,645
752,3869
3298,1389
1545,8552
6669,5442
9361,4560
674,4197
5497,6433
488,6587
1629,2619
6430,8293
2225,6207
2216,9633
519,3990
9347,1997
6734,3405
8986,6147
2692,464
1601,4661
379,7906
351,246
1322,2166
9753,9139
1482,2046
5288,8237
913,9325
76,4547
9276,9547
4123,3280
6052,5045
3810,5070
8947,109
6988,2406
817,4789
1088,6582
4839,6308
5572,3069
2324,4835
4512,2886
9277,4487
7742,4990
1535,1067
7853,3539
6145,3801
6532,1068
5171,9343
8877,5445
9669,9619
2410,881
8995,451
4591,1827
2514,2634
3044,9771
3564,7073
391,8994
844,9075
2972,2505
8499,3674
9829,5774
1223,8776
7965,8729
9675,8163
6703,2697
3098,8957
1876,4134
9293,5935
7400,3123
4060,5314
2990,4066
8289,5690
5690,1955
7624,3712
1484,571
2451,6042
7293,9917
6809,9769
9793,3447
2366,5854
9213,7564
2590,1913
9106,3289
4595,6704
871,390
2279,2249
1477,1580
1219,1797
3275,9053
3957,1416
706,6228
1792,8041
8299,7930
5741,5186
6501,6290
304,3716
6554,8066
6485,7547
6937,4654
3257,9321
7358,7251
4118,9890
6797,9596
7654,3604
382,2580
2408,8544
2243,7626
1727,2937
9621,7514
3336,4008
1803,9565
7220,6298
7580,8303
5636,663
2092,5113
4323,5103
5635,8235
4749,5922
683,344
4349,4572
328,4205
3635,604
8082,1999
933,8720
557,1280
2524,1167
7130,5406
4400,6114
1014,3992
5710,4240
6288,6558
5909,5124
8424,7220
6352,3197
1091,5122
9805,8274
1595,8795
1532,4624
3827,7208
3428,4529
6185,225
495,7290
9732,9975
3942,6882
8044,7265
2503,4554
3528,865
2498,7246
467,1457
7251,9862
3928,3296
4202,8217
6557,3827
2279,1471
6460,138
8384,2032
971,9120
6597,1087
781,9246
3658,2621
2498,5133
5603,5147
2841,7237
5423,2639
5030,5607
1211,3986
5679,4708
2824,1493
2336,5128
1718,8877
3038,5671
3343,9794
8361,5650
4832,7007
2570,5205
2594,9607
6092,6272
6823,8069
9223,2800
8736,5277
5543,7721
1419,4245
9691,4387
2778,8330
361,2799
9359,3472
4752,1716
4419,8809
7077,4169
6678,961
1103,3633
5344,9732
446,8767
9686,4797
21,9204
4745,9035
264,9004
5704,4290
4177,5953
8613,2764
1709,5354
693,9866
5555,9141
1681,4811
1509,2268
378,4951
6847,2310
6185,4952
3100,4285
980,9014
1159,8839
5629,7886
3839,8099
9957,6830
8468,1090
8525,31
5726,2160
8845,2399
9806,8829
7997,8091
4348,1005
8672,7062
5470,5256
8353,3960
6778,6046
7958,3653
3522,4347
1201,3576
9183,1859
7382,8556
2745,9482
6758,7912
8914,5970
2777,3941
3538,7298
8459,2797
6013,5376
4893,8609
8497,1179
2188,886
5356,391
2063,6974
4586,7749
4633,47
3547,5358
7839,6674
6963,1165
8356,9257
2620,6342
9295,8286
2982,5655
4094,9157
9038,8329
1956,8269
428,3362
9374,3528
9430,4971
195,4788
1970,7337
3257,5461
7625,8267
1940,4513
4199,3934
8346,3064
6399,1520
7138,5022
6716,895
9931,9767
6530,413
7961,8094
9298,931
7802,897
4940,8655
7910,8076
6015,1595
3813,9904
6940,9515
2666,5920
7657,7635
573,6728
5601,9299
7575,699
6824,5008
9110,7047
2892,1343
4689,2855
2760,737
1717,165
5042,758
157,7689
8612,4415
6416,3523
1000,8452
7140,2369
3980,9983
3537,9549
8389,7187
8849,5287
6399,4652
3107,4634
3090,3428
4462,7501
5969,8863
595,3064
5980,4820
9483,5265
9430,7337
9199,3042
17,6058
4983,4393
6580,3733
6954,7420
6862,5317
9012,9414
757,3112
838,9123
9703,5967
2742,9012
1218,3571
3303,4383
1615,7934
4356,6758
3800,4973
38,6834
8570,9808
4117,3851
678,4442
5323,6055
9506,6764
5316,8654
5693,8361
226,4806
4879,8933
3549,3535
5726,6911
1943,6268
1005,8392
1437,8540
2463,158
6121,5781
2249,9674
452,7805
9302,6050
1146,6356
4900,7916
1990,6945
3227,6097
8524,9703
8190,7497
3317,3459
9418,3320
3669,2741
4779,9700
8904,7881
2158,402
9659,1633
3121,4125
6776,8640
1943,5170
8921,886
1480,1658
8221,2355
9796,5253
1576,9050
8568,3135
9476,580
7209,1474
3142,141
8078,7512
6316,8815
9834,9595
3330,3976
2646,6188
4707,2283
5933,5900
9741,3553
2081,5193
3581,5625
5580,7528
6425,2915
8497,4764
3805,3797
7632,2993
125,2248
3224,4680
8346,6866
6886,8319
9152,112
7068,5995
6683,2528
7774,645
5593,6761
9941,4334
3659,3063
9926,1280
1797,3975
9453,9027
517,7499
3266,8057
8784,7690
6270,3815
2360,1863
5943,5632
1562,7196
9431,5279
4643,8996
6235,2400
4387,7986
551,7836
8665,1025
2375,9440
8398,5640
8784,3449
9934,1641
1972,5294
9297,3911
7733,6217
4329,2434
1457,531
2163,5521
3947,4571
639,9322
4602,3043
1037,4896
6603,1848
6717,6762
3554,2604
4393,9660
8782,8737
671,6293
3706,3859
6581,1540
4623,8179
465,9415
9191,5708
4081,289
6172,1540
3204,6855
9151,6609
8332,712
9861,1701
91,9911
6140,1687
1514,2998
1659,8415
105,6801
8951,5326
5104,3555
9250,8248
5316,5529
6685,3679
1638,7362
9998,6493
4693,6239
3117,5997
6563,813
6937,7463
4389,9403
4744,2103
9988,3370
4011,6792
3233,6257
8143,8706
7974,2970
4848,108
3815,333
9096,5344
6119,8438
9638,907
742,8021
2441,2781
4824,3363
1051,8595
5153,3724
459,4798
6941,5821
7186,9663
6300,5882
6487,7858
3066,7196
687,9124
7085,1430
5068,7139
3895,7379
6534,4065
3532,1278
5111,3139
7421,110
7823,6012
5619,5771
8920,9633
775,4305
3492,3353
5149,9872
2339,1347
9777,3629
6705,2612
9370,6361
7036,1563
2652,6908
2211,8003
7978,9726
2281,2437
3719,6738
7865,2438
3805,127
196,7508
6327,9852
198,7433
2009,7351
5702,6314
2815,7330
3164,2015
4259,9946
8861,5486
2680,8342
6049,3526
9028,4088
4886,6741
6746,691
7053,38
5093,8442
4082,9419
3297,1840
1130,3891
8754,546
1925,7625
264,8157
7938,9753
5675,8653
4242,4398
2496,8867
756,3453
942,3362
2832,3928
762,2070
9951,9168
2494,1953
7223,1434
8152,3155
1477,8220
4958,5606
1043,2805
2336,948
585,2438
6278,2997
4351,1873
6952,7384
8305,1532
7805,6925
5227,5378
2058,6717
5508,7927
5116,6583
8343,4837
2961,4808
2075,3303
8897,5862
1509,2242
4394,5017
1476,3355
2520,2631
7066,8489
5076,6010
2618,8584
1299,3664
4956,5495
2368,2254
5902,2015
1492,4225
1653,2192
7696,1732
7841,8873
4157,4215
4846,1652
7835,9538
9462,1308
6166,2982
1764,9611
5815,2028
2724,4309
5255,6524
4279,4395
94,6300
2130,7276
7577,2147
5669,2222
6761,7097
9209,6469
9208,5261
7523,5102
9959,946
8133,1435
5171,935
6804,2764
2694,4562
9012,3621
6634,1384
319,7601
1320,9531
8276,5939
1375,3985
1148,2373
9808,7805
3257,5376
9861,5468
103,2182
8866,2574
1668,7935
5620,1246
3244,2782
7189,8048
3596,415
4930,406
5096,799
2420,3632
1577,4856
8586,6974
5246,3832
552,1330
1475,5133
4697,8759
911,7615
7343,2664
7399,4025
315,5518
1376,1157
8312,7722
1090,2324
1778,3355
8279,7815
4196,5837
4819,6494
3119,9135
334,714
3398,9966
8989,3360
678,1779
5086,6780
9075,6501
4322,2191
5598,157
4453,8695
5507,4613
1592,7258
7086,8811
8944,5551
2093,264
5479,2745
4033,7975
1745,5232
2654,2772
5017,6638
2546,1043
5449,1795
194,4090
1961,3429
3056,5116
8734,471
6809,3491
3268,7541
6331,5225
3702,9433
771,6771
8010,7021
6404,7387
2874,8782
7796,6936
9245,2234
6176,6124
6996,3622
4096,9242
5183,285
8646,1506
2624,5865
7615,6682
5256,8391
8956,5530
5726,4875
7450,8244
7454,1871
2397,6063
3806,89
251,7535
507,9928
2885,2834
8610,3802
3361,1641
7610,3630
1986,9169
9423,4672
5529,2589
4762,6727
517,8754
5547,1959
2325,4718
8105,7587
5183,2342
1760,4675
4601,3179
4905,3053
7700,5272
4759,9379
9528,3707
3549,8617
5898,6765
7278,6402
9595,1968
6236,2662
9706,4372
5458,3426
8698,4038
1597,7276
7662,7749
1541,4912
1168,2770
4345,3276
1409,1395
8056,4869
2682,1508
5948,7908
6113,5356
3697,113
7368,3511
9332,2026
1824,21
5686,1424
5579,9230
8160,222
9566,7904
2272,7878
1269,839
5585,4474
5504,2983
5449,8244
5243,9529
1931,6915
7580,8256
1853,8514
4485,2455
5301,7111
6186,56
5116,6485
12,779
2020,9822
4772,7658
7782,6488
1147,8590
4164,4938
8326,6423
8925,7604
7455,2188
2463,4537
2702,2509
8614,9770
8551,5922
9458,7615
9036,7603
8375,2692
7411,2786
2543,2511
4163,3480
5978,8442
4792,2587
8837,6913
9510,7769
1608,2809
4249,4755
8778,1210
6299,3929
9903,6267
7279,1294
7505,2409
523,968
44,8595
8770,7670
7763,2341
7071,9246
7409,8447
7454,9138
7258,818
3748,8734
256,6854
8399,9937
3761,6219
2375,5510
5085,3930
2724,8478
8853,7958
698,7195
9007,3493
5087,9355
8246,69
1789,4687
926,2717
2514,9975
9446,8561
7444,6973
8550,9505
4227,3994
9272,8671
8551,4008
2195,8363
9880,3446
2866,9340
9581,9169
2627,8525
9468,6757
9563,5058
6415,5488
8534,7814
2568,3631
6157,595
219,6216
7745,9724
9242,6770
7475,2202
1486,1781
8678,8961
6784,1210
5756,4271
6376,4318
5532,3953
1037,8457
3461,7361
1739,9557
5581,8943
2227,4461
451,6779
2828,3
7154,4013
6455,5582
6230,5233
5248,9359
7433,9730
6160,8990
518,5250
736,8630
111,547
8424,505
234,8021
3253,1425
8246,7052
8664,4661
6043,861
3579,5156
2000,9078
8272,448
4966,4951
2690,7066
7553,8065
8684,8007
9974,953
7896,1580
8912,1512
1263,8123
7069,4834
863,1881
7318,1986
4812,2987
619,4174
6701,1533
2988,7580
9175,5070
2725,2257
1399,8187
7537,9425
4152,55
2159,457
7620,9764
4162,404
3175,4049
5026,8349
2207,5728
9264,7842
1248,7411
8630,8482
965,8018
413,3619
9985,2539
6696,7730
2787,3878
4142,6328
8727,6228
9765,2933
2424,3332
954,9579
7348,6321
9037,8730
2713,188
9944,3571
1563,4481
4592,6284
2967,1960
4581,607
2801,9755
3860,3151
4810,7999
6539,6744
9278,9601
2620,7473
6905,8542
2267,177
1706,4590
3009,27
3039,6015
2915,1304
4640,4378
2221,144
8904,8483
9000,3220
221,7394
8523,2155
529,8025
445,9654
4609,9122
8936,274
4586,3815
6585,1562
332,5741
3492,2743
2199,205
9429,7909
8658,4560
8529,3122
58,8791
3419,2678
6999,7637
4866,90
7595,7769
8632,950
2963,7467
2301,4651
1280,4738
4650,5130
9071,3584
1017,5551
9940,8587
321,7245
9190,5465
8352,2007
4083,2807
2449,8937
3284,6630
6190,1249
9932,7123
5055,1773
1834,97
5551,1937
5021,7156
8927,5813
1847,7853
1892,6137
2106,6477
540,1862
9952,6552
4782,6931
9047,3512
6751,6080
9480,1883
1057,9763
3992,6314
1590,9212
5800,982
3218,7223
7111,977
207,9582
344,790
8617,7672
7022,3687
5433,802
8595,3585
2736,265
3272,9390
6969,4753
6199,9926
9793,2468
3556,3539
4866,6618
5042,1424
1674,4914
674,3820
7979,9723
2517,5057
8860,8049
387,8540
4397,631
564,729
8424,13
9836,3852
7650,4014
5844,1613
8688,6377
2755,7105
8407,7210
8924,946
8796,7365
1136,9163
3354,5454
8116,5457
3057,4631
2957,6241
7099,679
8936,4818
7371,7075
4966,2903
5679,2124
5764,4036
3748,8934
345,1897
1224,2704
6729,336
378,1572
5175,5135
222,6492
3975,5627
4348,9183
9440,4361
7880,8807
2321,802
9277,7952
3803,1538
1395,9584
2907,2781
1199,1117
3147,9407
4425,6191
1710,5006
6201,5172
7114,3231
2731,8201
2675,9489
7826,9132
8417,7401
9336,2203
4163,3947
6962,248
6541,8387
578,4492
9229,2701
8487,6980
9788,2087
8864,8269
2159,4144
1773,5208
7309,6029
1830,1866
6379,1320
5893,1714
6179,101
1118,5175
1044,1331
8383,9278
9106,3675
7362,9477
6718,3481
143,2383
5504,4916
3502,2700
4976,3707
4315,1492
2581,5517
818,4481
8629,8693
4826,3638
5243,8065
3454,8335
6966,7389
4614,7350
557,3553
708,8111
3169,9252
490,9217
3467,4939
7530,8290
8021,2625
901,9213
5925,3269
6452,5554
8611,5915
4485,2683
4891,9024
7773,5591
174,9694
4556,7797
7859,5975
879,1134
4059,8417
8654,6126
7298,719
5077,1921
3201,1912
2480,9783
7329,391
2576,1667
1498,7646
3946,3878
169,8583
9215,1714
2432,552
8310,9918
8199,2002
7700,2982
1392,2935
3918,6603
2808,3413
1798,6046
7402,6851
7473,7156
1165,23
7545,5207
8558,2882
7582,314
5480,3081
839,422
5295,721
7270,9493
3261,8661
6938,3658
9588,4279
1502,3451
6338,465
7694,2877
6850,5862
2058,763
1038,683
4179,3698
626,5595
1523,5019
3117,3163
8777,9381
737,699
6545,335
3753,5461
355,8208
9290,6038
6114,7923
7858,2806
5460,5602
7565,5158
8289,6477
3911,6740
7972,1415
5948,4798
9630,5582
1802,3649
1914,8437
6872,1436
7740,7631
2240,582
2931,5050
1863,5081
4029,6294
3246,5497
3306,5489
3713,5477
7944,3392
3580,441
6189,652
7598,4909
5380,7942
981,8702
2382,9352
8985,1671
8521,570
821,7068
3775,4750
7215,1106
5653,2744
6041,3758
9524,3309
4864,2857
7861,4040
1538,3068
3220,1747
1757,8254
6903,9416
1730,2231
5176,5123
2952,3872
9982,5939
3468,7882
4186,3054
5014,5719
1197,6030
6488,1496
1671,8412
6575,9588
1002,6759
4476,6706
1405,4529
5564,1508
6060,9943
9507,7360
477,7162
9368,3980
3358,9935
1322,5429
3065,2607
2064,7179
6841,8123
8173,5229
3831,9409
7986,6508
9005,8004
9182,3263
5531,3930
2049,627
664,4327
7310,1132
7664,4753
3726,685
6428,3777
8177,6288
5824,8805
3888,2786
8477,3684
4782,1438
8375,8863
1917,7364
1408,3824
5020,2326
9859,4306
1246,7023
7213,1885
4310,4512
5814,6972
1886,3113
7518,6589
2583,6896
642,8100
3419,8833
5117,1628
798,1090
4171,5948
8339,8977
9881,5201
4619,5340
3528,7117
9080,8573
9361,1548
9360,2336
2242,6879
6060,3443
1750,2088
944,4313
9171,2208
245,3594
3533,7528
3138,3115
2808,2282
3050,3477
6555,7835
8622,6853
255,4479
7027,8223
8774,5321
2814,319
105,9934
7980,4286
1386,9829
9118,7934
5400,173
6962,7891
6081,8922
2269,2221
322,4670
1476,1878
1817,5776
409,2900
4524,1484
3314,2027
9026,8135
9446,9186
6062,9277
5281,1009
5709,6616
1383,7364
1797,2815
7029,6926
2589,1593
7907,7566
716,2092
5109,6886
2569,9655
9345,9294
433,2760
3835,2884
7288,4170
3451,5981
2406,9823
1425,7037
8515,6118
7887,8271
3613,4905
7844,8753
4485,2262
9608,336
8507,4056
9299,7995
878,9553
3305,1510
1381,374
5536,7358
7291,3223
9954,1555
8181,5450
2477,471
9743,5811
3112,9122
341,5265
849,8479
3934,4151
5585,2071
1298,7670
4608,2296
9452,5188
9477,1777
1578,5980
5062,3741
7265,2722
9422,8889
6782,4176
3788,1796
3895,4145
4600,2258
8160,937
2272,6525
9674,5312
9121,3784
9493,5386
8722,961
8454,8036
9161,6003
6644,780
3393,4005
1965,6013
6003,2051
7013,2918
8113,9239
3406,7622
4562,2067
483,8343
7255,3437
9758,9812
9692,9463
5226,3096
9898,8059
6306,6292
6250,7776
3208,2316
1268,1595
9682,2782
4181,2468
7919,5392
799,6307
1512,1734
8106,3976
305,5805
4600,1461
46,4407
9671,1320
3827,8899
6639,4904
1011,5304
1467,8683
2170,5550
5204,9457
4166,3849
2873,7601
6128,3490
6555,495
7369,7348
2469,1494
5247,352
6809,5495
543,4414
6805,2942
6276,9649
9716,3102
6413,5429
2176,2057
8269,775
5925,2973
6108,801
8914,2334
3323,7216
1385,1324
3493,9076
2982,8529
3456,2244
5196,4329
1139,4252
2282,6078
5266,740
6764,3247
2500,9950
7950,1149
1430,4747
2107,5010
4136,4730
8804,9246
5413,7966
8813,5231
4384,2731
7217,2460
7737,1885
1237,9502
8719,8005
3498,7212
3872,5569
1948,3009
1580,3943
1704,2620
3592,8894
1946,2228
8078,5897
3492,6070
8993,6848
6810,7901
7598,4764
8570,8028
1358,9999
3002,1738
3800,8302
7130,347
7027,7293
72,3831
4041,3333
7410,5274
2727,6036
9093,5271
3490,4513
6004,4730
451,2698
2533,9656
3171,1740
5446,5621
3026,1134
6861,4066
8528,5211
5965,8768
6542,8490
9411,534
5391,299
8912,5178
6809,9585
7362,208
9400,1510
6586,8509
3313,6895
1538,326
3731,3550
1512,3898
4489,3950
2531,5208
7740,8990
9559,3950
6102,1245
8867,5888
3698,9694
3559,8609
6975,3272
9794,6689
5555,4893
9866,9988
8220,6117
1973,5274
2146,8550
6276,8704
6360,9426
3392,6962
4209,30
8780,4267
9935,3370
4906,1739
8438,2881
4106,2323
2288,527
9212,7232
1001,2554
3990,2386
4683,9182
6898,1720
5956,553
9311,4554
5619,4096
7304,3731
6001,6284
1473,2729
7676,6805
9053,3337
3391,7049
9085,3540
973,7896
3123,6048
5805,7839
9092,860
6527,1712
9820,6357
4189,1386
332,526
6877,5658
2830,2271
1682,7086
7289,3580
2098,402
1648,8336
2578,1001
6036,8071
7981,3785
3754,8053
7764,6179
2312,1798
2639,8653
120,2307
2593,7198
9279,1421
730,5510
5015,74
1271,679
4712,6985
324,1236
6966,2643
9553,1013
3204,6400
8770,1108
3398,7299
2256,1751
1204,5588
6941,9082
6282,5496
9493,2088
5900,4286
1279,4470
8327,3016
8563,1900
6307,2692
8726,8417
1909,6470
4209,9522
5856,613
1424,8910
283,5839
6134,7921
9118,2921
5421,7115
9830,3190
7355,892
9336,4787
4512,1903
3746,701
8524,8048
1565,1664
3197,8251
5231,2526
3750,7523
5660,6568
5820,2491
2461,9995
1242,7716
8137,8218
5108,500
1791,7363
4856,5775
4374,705
8432,7093
9372,5662
4020,3960
5274,7635
4861,3672
9272,61
8597,3452
8333,2333
4761,607
1407,4365
4544,7125
5753,1050
7509,5321
4203,1986
1264,85
2426,4347
4996,6588
712,5662
3169,9047
4430,7566
6697,1370
8710,6345
3280,242
3398,3754
6764,4958
3510,6056
5180,5735
8163,3870
7397,2030
1564,1624
4712,4128
3641,1255
3919,7704
9771,9041
3318,2465
6078,1096
7366,7782
8156,6821
9564,5337
9515,4385
1625,140
5046,3824
2851,3023
4714,9498
9016,2182
6390,7479
5618,6582
5494,3238
7222,3277
7593,6683
2807,5787
6397,1587
9591,1840
9485,9045
7262,9699
3681,7158
4115,8845
2211,1097
6519,7264
6018,4913
4801,8263
127,3925
8596,4043
8053,1359
5644,686
8310,1616
439,5688
848,5348
8449,6572
9774,6125
9160,8023
5178,2175
7630,9284
5585,4839
8221,8334
1583,5752
2341,2323
2745,5188
3024,1618
9370,1348
4166,6033
2053,2532
5308,3069
8137,574
2456,1118
9090,8657
5408,4278
3404,2702
7856,1383
3299,9246
1785,3262
1110,6163
455,3376
6762,3338
4939,2735
3770,8154
1031,9624
3963,4940
9865,7725
3486,6214
7262,5242
4303,1446
1064,3878
315,7175
5434,9912
7694,8803
992,2707
4234,7606
4203,2528
5475,4794
9354,8103
8632,6580
468,2969
8412,5291
9698,1340
306,7984
266,3316
9911,3310
5942,5771
2281,351
8658,8973
9862,9001
2900,5858
5007,3828
7255,9576
9147,6120
8479,3757
8536,4567
801,2742
5676,2740
1963,7791
9290,527
654,8096
5967,4511
2076,4791
5756,6938
9756,8952
255,2772
3195,718
2938,9377
1420,3820
3637,8473
2144,1221
3310,9047
6129,5188
175,1181
6056,5289
9560,2264
9422,8561
2891,4428
7136,7601
4919,8716
9307,4830
6364,2696
5751,8219
1470,2531
6257,9040
628,4031
4112,2036
1679,2552
7176,6551
9400,2554
8349,5151
9122,6383
239,7421
5263,505
9108,1450
6783,7912
5204,9667
7410,7161
8942,3614
9503,5276
295,9864
3021,5552
3426,1693
5166,3341
2875,1363
5228,4077
8222,4980
8187,5335
5813,5510
2511,1098
1518,5848
5702,1363
7034,3083
4213,2299
8738,747
6577,7840
1525,4184
148,2623
8828,773
6656,6282
9358,3932
8751,6635
47,2124
6392,7957
5923,3153
6686,2291
7089,4223
7922,5393
9474,6682
3369,4227
1257,4548
2041,149
4092,2500
5325,2671
3601,5359
8391,2661
9684,7686
5605,1801
5524,7084
9244,9149
5550,5586
9969,7801
176,6593
9175,4181
4880,8244
6610,7060
6821,5471
6122,9709
2243,479
4171,3271
5508,6544
9097,8976
9090,5957
1169,5418
4673,8008
5755,290
2905,3582
3724,3663
9537,2373
5143,6276
8407,9084
819,3937
2396,8496
4040,1964
2492,1151
4451,5672
2443,9211
9593,1967
2859,8733
8152,9698
9066,7026
4361,2345
8376,2727
7282,2361
2439,3228
8504,817
1387,1128
7825,4768
9184,1370
5672,4120
7499,5846
201,4103
9513,8020
4012,2504
3363,6385
3102,2949
1827,5792
971,2278
7025,5073
7465,923
9238,6892
7069,961
4657,9035
9312,629
3319,2017
3660,739
885,7482
5617,7113
6562,9152
325,8525
1488,6535
711,5927
3521,1094
7060,5932
3877,1330
1347,1977
7409,3865
3099,2680
8252,2856
7044,290
7812,3289
4378,8225
2926,2589
9582,4801
2409,7362
4712,7794
4515,721
1639,9468
3046,9671
5432,2336
8187,1773
4357,7959
6990,8710
2644,5098
1873,1284
4561,700
9611,9592
9222,2840
713,7444
5366,1746
7764,4207
7001,3229
9347,5972
2721,4153
7943,9463
8732,7174
2244,2294
6210,5577
9120,4119
7134,5386
1844,9891
1354,3240
6031,2735
3218,298
138,5779
7435,2995
5798,8058
4541,3568
290,6180
4218,6785
4424,4523
9139,6865
5639,5392
6640,8708
459,9697
2284,605
7896,7258
9588,9337
7238,4260
3028,4443
4230,8702
610,1269
451,9751
3494,5679
3124,9318
5926,7959
8446,3782
129,4390
3126,3729
9905,3563
3539,3511
2643,9638
4562,5275
4115,7395
9859,8618
8736,8448
8721,6201
2686,6301
8751,3675
4923,9504
5630,2572
4793,8209
9339,4300
7402,1385
8757,6731
42,402
4748,8237
4662,6538
9813,7211
6794,7194
6650,7542
7736,1309
5726,8152
3173,8096
5454,3545
8285,7333
1555,6154
2343,1715
8132,2018
3763,2669
5513,6115
3951,9277
1898,2904
4329,1261
2645,5485
1535,9250
1071,7979
8642,8758
1138,3263
4425,7840
9812,3749
7026,3970
3752,9494
9955,4815
9246,6987
5055,7175
7669,2701
628,1504
2129,2875
6976,50
9928,8023
8100,9888
4950,4734
2001,6766
10000,1169
9839,8163
6549,8900
5229,4748
8177,3395
1250,9514
651,5164
2626,8602
5710,6605
4716,2336
1285,843
4480,9439
3007,8092
4750,1142
3075,450
9145,6762
8429,5172
8219,9148
1669,2602
818,7255
1521,3637
2328,8953
3633,4808
624,6939
4104,6967
668,3135
1738,9707
2620,7317
8993,3535
9777,154
2634,1115
6911,605
6220,9066
3184,1119
1528,4426
4422,4567
4172,7023
9929,4223
6546,2020
6174,7006
9862,2351
280,1923
8036,9168
1496,5739
1919,8550
7280,2447
399,7150
2374,5517
7762,3673
5236,5761
8627,7992
315,8415
5991,7798
4872,3280
7236,2771
607,4215
7484,8793
3668,8831
7480,6093
9625,8083
3056,2275
2656,5513
5830,9070
4274,4299
9170,2051
2505,9540
4184,5369
9256,4932
4710,2991
1530,2832
7689,7721
3703,9241
2927,4873
1731,8295
3800,3062
8385,6065
2854,4268
4342,5468
1795,5087
5527,798
4545,4285
1332,2766
5804,2576
2574,8442
5260,4476
691,3395
4519,6235
9931,5321
9363,914
8411,7791
3193,5280
150,3003
5813,5155
9603,1308
8506,2470
9466,5368
1282,267
5656,1761
3555,9649
8163,6884
2670,4434
1287,1790
864,5884
270,7162
4795,9674
9966,5195
5215,9310
6764,7859
7810,4989
6718,9406
4255,3415
6478,5454
9914,7329
9755,3155
9378,6273
4890,6231
4943,1301
4569,451
4122,9393
7108,8833
5932,1155
8513,4576
1439,8292
8053,9069
9984,6782
4841,3845
5590,212
7896,1715
2061,9523
2623,1159
4091,211
6327,1126
1395,8041
9855,1480
5912,9773
4593,2450
8377,7026
2583,6832
5451,5463
8935,8335
3332,2330
5546,8884
2531,6820
9338,4669
206,3637
4761,6146
7603,1308
6431,6278
2736,7394
3659,9264
9758,8308
3002,6657
2391,4828
182,4305
488,379
1957,4187
8786,8629
9603,6193
8763,536
8730,3229
6529,9562
3773,9862
4015,991
68,427
6600,8500
9458,671
9247,2619
7746,9553
6601,7059
624,3878
3947,6274
9252,9989
8253,6578
6120,7983
384,9142
2699,250
5323,1048
7087,9113
49,48
3612,1065
2127,7795
5431,41
129,3925
4974,7895
5524,1820
7114,403
8582,7427
1943,7251
8186,4871
7871,7619
3287,7330
6834,1590
10000,5265
4306,8909
14,7444
7675,7267
7290,338
4592,5523
4775,6151
1936,8726
5035,2235
8104,4973
4238,2927
6130,5127
588,8870
8154,591
1925,4942
673,5958
8147,5595
9387,440
3275,9166
4499,8685
9724,7175
191,7375
2469,1524
4766,6467
8947,7172
5613,2566
8152,5180
8089,4421
2903,7381
8318,5801
9276,6273
5614,7341
7529,7688
7038,9325
6490,6227
5610,7117
8554,1492
8105,8563
5583,9904
5611,8914
6240,5338
703,84
118,8462
5232,2243
7104,1702
5055,8020
8337,2108
8493,9968
6613,1581
2591,1520
4593,1062
8708,709
1607,8798
2610,9202
6169,3664
828,3974
7509,8099
4016,8217
2846,7479
1692,2915
1435,4335
9169,7139
7513,3781
3488,9635
3212,7902
4209,2214
6658,2012
227,2506
8904,8730
3725,3168
2087,9815
8531,3556
7734,4594
8885,1947
7987,9774
4257,6969
5691,4690
9656,8477
1046,1728
8893,137
1297,5535
458,481
1331,792
9981,2575
4369,4522
3360,6801
845,5114
1670,5488
712,2874
1393,8525
872,5412
8337,1802
229,8788
9255,8099
4430,8752
3959,7015
3225,8100
9260,7063
9031,8990
389,9881
2997,1283
4909,713
3791,2060
9640,2589
2767,8880
7466,4900
6595,3103
9698,3930
4861,553
4371,154
9315,633
7779,2881
4727,1761
9516,5066
65,5667
7919,5036
584,4761
9769,3692
849,9505
2718,2480
5294,6841
7042,8162
4663,1027
7287,6685
3237,1813
6464,3687
6107,6847
1203,1690
5184,7258
4109,6496
1287,458
5472,2795
5392,2559
8248,6879
4663,2526
7611,4541
4697,215
5150,8140
7703,435
8052,1270
3476,7291
5105,7932
4296,392
2429,2967
791,5282
37,9133
2300,6711
2379,27
1550,3019
1037,6517
3397,5958
4195,1255
470,415
3714,7607
6985,195
8269,554
1564,4785
5212,3327
480,1365
2917,7548
8417,3119
7350,4515
339,3903
1700,6944
5096,3840
6845,6978
3071,4366
9594,4003
4054,8901
4033,5446
3872,583
2519,1628
3841,5866
531,2883
4934,3436
3453,1516
4113,2051
7797,6407
3634,6438
3376,285
3762,5793
7068,8586
9369,2153
8037,5941
2335,7869
5281,4733
3376,2612
805,8402
7544,3401
5771,7516
1405,2992
9483,7196
5148,2388
8758,5774
1676,7950
4673,8823
2911,4164
6494,6785
9927,6460
6295,3792
7445,2427
5556,3904
6476,9182
4268,1197
5956,3380
3223,6207
3707,8470
354,3968
8454,2772
8636,3403
1269,9422
7309,5282
3476,7163
1047,8812
7853,7369
2068,1449
8235,4322
7199,819
1834,5544
8223,7204
8922,9901
2621,2814
4451,7905
4998,859
6242,5480
6604,9297
5841,2791
1992,8001
8740,315
6282,4285
2208,7383
3489,6004
4678,1496
1829,6395
1677,3350
17,2521
4318,2585
1711,6911
4361,2069
716,4370
3444,7636
2986,9462
3236,8255
7748,6185
9476,9577
908,5322
7826,8199
6977,1940
7449,9184
7884,1131
7081,2125
4345,5057
6643,8092
3842,6677
2784,1239
2855,6185
4210,8540
5754,9582
4066,3545
4087,8542
9815,4071
241,7734
3864,6639
2568,8702
9497,2509
5174,262
4722,5392
7832,2671
8462,8650
3434,2164
5950,6731
1243,707
6573,8324
4960,2443
2191,8650
772,1859
1346,266
7389,4453
8167,8003
4074,1013
5626,372
3704,50
5724,451
8388,7576
5314,2807
3995,3328
4790,7827
6701,4373
2539,5424
7743,6723
7519,3461
3136,8509
777,6710
4372,5579
1169,4918
1996,7039
3935,8250
9510,5266
3275,4699
7472,6928
2532,6839
6728,1261
1324,9829
7823,1010
1744,916
5053,584
3766,863
4878,5648
9471,7502
8265,2412
7515,4444
4097,9294
2700,1345
292,779
2339,1003
9824,6971
6471,4862
7094,1359
9076,8437
2439,1807
5119,5187
700,2864
4760,7211
8418,7807
72,792
3633,2701
9914,7146
9677,2582
9926,6654
6181,8671
6248,6920
7065,5132
6703,2992
201,6043
8530,8902
9337,1328
381,659
9296,2718
2185,5677
6256,2255
7833,7895
6336,7984
2464,6179
5028,2796
3745,9029
3950,2292
9166,4853
7806,6615
866,1520
9557,6836
2970,9628
1015,8953
1037,5894
303,2390
8221,3210
8940,8563
9974,6494
6329,6747
1763,108
8123,5444
1024,6970
5411,5836
8009,7687
1635,3538
2226,7492
6542,3037
4768,8780
4951,9197
4516,9409
955,2908
4088,8597
523,7297
7730,1763
3730,3313
181,9512
7189,2338
4119,4432
8440,2621
6718,4673
7853,7487
7203,9630
7703,6365
2056,9929
6701,9217
2997,3929
8825,197
4430,1443
8736,3851
3041,7912
5629,8902
8684,8139
3110,9897
3947,3997
7600,1722
5391,6311
8895,3939
8314,3923
6421,7461
4086,9640
9755,8840
2421,4928
8797,9652
4083,359
1712,7765
6856,4018
3471,191
5595,6906
179,78
4848,6996
913,8583
3537,302
397,2673
8954,5079
7932,9322
5086,2460
3591,8727
6776,5979
3323,60
8668,1254
1309,4484
3963,1221
1180,6510
3829,8920
7967,5620
5769,1480
6477,9657
4664,6745
8651,46
8072,399
479,1777
1396,1369
4820,2818
9873,3790
2503,8819
1339,5650
6637,4348
8493,9605
6551,2665
8672,4521
9790,3456
4187,6079
5929,7234
3096,8748
1998,1038
7624,9645
4292,5452
3452,2932
4774,2557
6868,9229
4740,1084
9717,994
7700,2273
9603,3750
694,8498
7791,9234
4052,5142
3641,8171
5992,8312
9430,2284
1368,1140
7212,8149
7757,577
1051,6144
66,9995
6790,5211
3575,6444
8847,2743
3012,6422
6064,5260
8027,5151
8837,9847
9478,858
232,5249
4160,126
9972,5229
2064,9093
5979,3213
5887,7027
2515,3154
7003,8081
3179,2462
9684,3301
9995,6695
1811,7696
905,3019
8795,1587
1304,1643
5927,2319
155,4933
3411,5000
6712,114
7511,277
5447,1032
1390,8262
2681,2861
9797,7122
2902,2137
9870,5244
4414,3094
6580,6194
4145,423
4969,4162
3131,7410
2748,3721
5255,8427
1878,6586
1268,4175
9539,1895
8549,5978
6269,1102
2897,1797
2628,8435
3083,1727
7707,1478
1181,4487
9356,2273
9229,3987
6779,9297
4274,8416
7303,3486
6783,3447
3437,3528
8429,9592
2519,6112
6088,8646
9682,2096
8896,7887
3741,6872
4447,5126
4685,4774
6346,94
9165,8225
3905,6229
6275,3650
6096,7290
2798,6736
4600,5053
6891,743
3672,8322
3207,3091
9380,4370
2671,4319
8104,5134
7859,6884
9942,9616
2201,4304
7115,144
6893,5365
8320,8975
4230,2811
8411,6388
5332,2228
3638,8785
2310,9321
263,5105
7976,3878
6559,6848
921,9822
1055,8487
7114,6652
6259,3378
3106,1528
5442,9552
8575,2691
5934,8246
3256,8559
3414,3601
6734,9069
2027,3462
6208,8388
8592,3431
8445,4939
8010,5077
9923,4275
5879,5981
167,6564
2395,864
3150,2723
7605,6034
712,2828
8816,4975
8716,3570
5381,9061
1086,592
7566,7234
926,4635
8598,9691
9226,790
6172,9861
7219,81
6085,8228
781,2111
4753,6798
6575,8211
5078,7563
1179,6727
8457,5532
2216,9288
7260,3876
3386,1793
4897,4231
8387,2178
1852,2846
9347,4636
7286,916
9755,7100
8590,7201
4720,6674
8346,1696
5258,1886
8555,7086
7692,230
158,1746
3822,4069
7615,4228
133,3795
89,3403
5349,6317
9320,9718
2141,2497
1167,6262
2912,4553
2324,8583
6788,4129
5481,6138
3763,4726
6919,2816
7279,3982
3747,597
7811,3422
6226,6678
8404,4587
8633,6320
5734,4912
5244,1207
8123,9001
8328,8559
7350,5114
6285,2475
7262,1344
2435,4544
8878,369
4893,4964
601,9682
2459,1769
7962,8757
4633,608
4970,6909
9077,9867
1755,1904
4830,9524
6081,1255
664,3859
225,9253
1676,6032
4817,498
8891,533
6014,9267
115,751
4573,615
1803,8401
1913,3776
744,1861
8491,9580
3730,3184
3880,5616
4401,7313
932,7088
4769,1638
9764,4461
4436,3386
9665,7643
5494,6383
4552,7598
6172,5860
1599,1233
5638,9347
1410,3826
2980,9050
4587,6925
9460,1507
7824,8387
2777,2370
2487,5015
823,5611
436,7558
9163,6558
1427,5680
7816,4880
8288,4775
9660,6871
8995,1139
8593,977
6090,2895
7535,3650
4671,4340
1102,6968
3097,991
2169,1420
2750,6690
5887,6648
1605,6356
2468,2015
5449,5333
3844,3518
7530,7587
375,3789
8542,5170
8527,5089
7877,875
3422,6529
2378,196
3077,6163
9509,1896
423,2323
605,2962
6269,5519
3131,2507
5970,1746
7385,5134
9646,2843
8186,1861
2000,8137
3651,6242
1557,3653
3239,1163
501,9084
6464,3890
5500,2920
9705,9680
3718,1690
5849,9726
5380,1526
7977,7488
7787,1738
1751,5758
2331,9036
5075,1840
7693,5616
4774,3350
5366,2243
5251,5825
2712,3638
5766,2802
3912,4314
7897,8284
3322,9861
4261,1832
4184,3535
2837,2470
4466,1452
5093,8778
8351,9701
8714,6138
8865,3509
540,1395
6023,5965
6350,5699
6060,5620
2511,7415
796,4463
5560,2833
2679,1545
2021,2325
9966,6079
1985,9440
7083,2459
7609,1654
45,234
4563,2215
3456,9820
7256,8861
8491,6648
3468,5220
6259,5001
6751,2518
9773,2505
4155,7346
6913,6393
5757,3272
8506,570
4689,8916
9417,2667
4087,3493
1178,1647
7378,2969
3758,9050
8606,1911
1591,6184
209,3128
8562,8698
4682,1154
6175,3902
3990,6547
4428,1593
4642,9334
3631,3332
2203,9973
2178,4177
2225,1516
5177,9784
7210,2806
79,3346
67,4582
5710,1249
2480,6147
7118,1290
4309,2769
2996,9440
4573,5224
796,5342
3527,4691
2194,8881
3713,2152
249,368
1229,1119
9790,585
640,272
3959,5705
2697,669
4965,9463
4687,6649
5689,1165
531,8692
3235,5796
5700,3317
3109,571
9073,6227
7110,3541
4713,1567
6802,6748
2366,2049
7967,7685
7992,173
4522,8546
5174,82
6704,2461
4784,8831
5081,6872
9464,3714
302,5694
7326,7743
4731,6725
5154,2089
5952,5251
6901,784
9617,7258
3448,1831
1501,8770
7670,7792
9788,8929
7086,407
866,8649
24,8744
4752,4430
1112,7565
3065,1250
8288,9944
4978,9087
8432,5433
3011,8305
6985,4525
9674,5277
9744,1652
3743,9666
2014,7053
5713,5499
4115,7536
3983,973
3322,9319
6548,2835
4104,1674
1673,5284
8398,998
5678,6286
495,6377
6916,497
7019,8460
1953,90
6105,8557
5878,5434
2035,9032
189,9235
9899,7858
5740,9791
8428,1954
8967,4300
8779,9485
8818,1224
6684,7164
1715,9685
2993,1835
6310,8169
8093,6400
5802,2644
8359,2934
5929,5551
9082,2518
6533,8894
3417,2209
1117,3585
8544,7548
8143,9981
5989,8393
7447,8145
8414,1918
214,8376
9228,740
4606,8939
3812,5165
3865,2176
8495,2179
3210,8787
3623,4106
3819,6351
2114,6929
7797,1128
7403,4234
6526,7608
5067,3363
8253,4533
23,3024
2889,5116
6019,1863
1167,444
3476,568
9634,4833
1939,8839
2669,5835
3662,2103
9412,4058
1624,6549
5513,1369
2721,6318
5706,1908
3040,1342
4551,2583
4844,4326
5153,6916
7562,1481
494,7024
8689,6595
9097,2347
3097,4935
3879,1627
2162,1731
1044,644
5569,3714
1596,2182
7765,4382
4102,3394
6664,6415
2602,282
8369,4341
2034,228
7686,8110
8783,4043
9678,3828
4531,6227
5813,1574
1659,3639
3976,5201
4736,5664
3840,2491
4819,5908
7885,3068
6085,6184
7463,2106
4473,2275
5257,5919
5441,6321
6794,857
373,2865
448,9166
2514,3884
6553,281
5006,6114
3668,5670
5914,6403
6490,7029
8145,5510
3387,6382
8685,7834
7826,1714
121,1206
7770,7306
2704,8415
1802,5663
2388,886
8235,3157
5851,8523
8875,6916
8596,7698
7434,7956
3671,48
7874,1028
2475,8466
8324,9735
7953,8314
924,1213
8493,552
1350,4265
9301,4417
2650,9748
2097,8446
2739,7565
7826,2595
9790,4474
4352,8506
382,2192
9036,9675
4508,6076
5780,3979
9147,1260
9269,9951
1818,5708
5834,6171
690,8064
6370,4379
3439,3947
2336,9036
3180,2426
6844,6088
7287,7665
7479,2493
8851,8831
155,3033
6012,9040
4049,4404
6694,2703
1772,5674
494,9286
1251,3812
2130,8308
1596,4241
268,5017
8836,38
7961,9697
5163,5679
824,2714
6076,3856
798,5636
8666,6894
2471,6437
3029,4339
5207,9590
5916,9185
1502,3005
5021,3574
1001,5143
3944,4296
8293,7714
9265,9454
1215,36
2612,347
8263,7068
6291,3064
6755,8739
5675,8668
7584,686
4613,2282
5635,8131
5144,6008
8349,4518
5915,3031
8013,9023
808,9604
5359,4953
2285,3178
9250,5241
1564,2577
1304,3497
1874,3527
5078,2160
1764,9129
939,4160
7669,5375
8670,4236
1508,1169
2608,9364
322,5546
8944,910
8210,5816
6733,1523
5609,1900
1990,1107
2421,7780
1949,5861
3722,8722
2491,3024
2951,6985
7021,9711
2440,6580
5707,84
948,2243
7785,4828
8630,4418
2183,6266
569,8840
9123,211
1388,4905
2558,3238
4021,5656
9244,6582
2209,5357
6901,9013
554,7135
2520,5342
466,6958
1440,5631
7100,8063
8846,7362
2458,4117
6181,9478
8112,1800
1333,2559
6935,7157
2800,5990
7246,7074
3384,2110
2075,636
6585,8821
9840,8207
3779,8066
1720,1201
4239,6737
6400,7403
2850,8921
98,7333
5568,1255
1165,6653
3128,1080
2785,9620
7758,3416
6262,4645
1046,2818
2924,4755
3403,114
4460,8238
5487,4735
5246,3665
61,9039
7380,6971
4298,9446
8211,5479
8938,7279
4770,7691
8159,1525
9739,170
4332,1582
6607,8950
792,2773
5814,8310
5086,8866
372,9631
338,984
9031,2258
5085,1276
7484,3010
2537,2973
9969,4064
6376,8067
6549,2405
7806,1192
8652,443
5248,9246
5503,7384
3348,9340
992,1288
2504,1609
4843,502
3582,2691
7031,4711
6341,4363
9612,6692
8467,9889
1215,6098
6638,8200
4889,8831
5306,2694
3798,2330
844,1659
7128,5136
190,8075
6300,9807
1403,8921
9412,7064
3946,6481
6116,5286
2951,2626
2536,406
6828,1751
3074,4034
7840,529
1314,2013
2806,5667
2621,5949
5238,9209
7408,5136
2280,7573
6606,653
8316,6567
3349,6041
2279,57
9471,3042
4424,2532
4564,667
6025,6963
813,5140
6865,5986
8595,6949
5878,9330
3542,7255
2191,9068
4714,7311
6440,9487
5803,1000
7167,6920
2001,4475
7387,9549
1694,2430
2268,8182
6741,39
1773,8888
1861,6347
8630,4719
7634,2536
958,6648
3909,651
2526,3560
2777,7870
4433,5788
9815,9442
4759,607
236,1461
9593,9649
8453,735
535,9834
4573,2847
2748,1307
77,7005
419,3900
82,4716
6595,3800
8589,6782
4070,1538
5875,8723
6983,386
6773,4912
2250,463
2538,9016
7957,8891
7015,4314
5100,2710
3889,7318
7355,3471
9994,5821
9724,6734
9607,7780
9512,9623
6946,9908
8554,9180
2571,2338
3343,2451
8073,5286
8330,6526
8191,3946
3220,2157
9465,5329
4576,6124
757,4225
8845,7098
8383,990
804,7192
8213,1349
6241,2937
6937,1282
2815,8396
9029,5902
1068,451
6728,5496
8396,8736
1359,3439
57,235
7727,1753
1847,9250
1758,1011
3446,7550
6609,54
8400,2429
128,6466
9571,7137
982,346
3417,5461
5477,4587
7826,1543
4710,1690
9891,4455
9773,9881
4936,6602
7627,3398
5349,7339
1150,7825
4954,4127
6659,1991
2869,9987
1692,9935
1505,3621
972,1937
987,9147
3054,3982
3414,851
7590,6912
117,2633
9391,9294
3285,2190
2068,268
8269,7147
8394,7277
4094,82
8906,3638
7876,9837
7053,3313
9151,7878
8704,3066
9739,3682
8406,810
3802,2331
7357,8109
7380,9256
7528,1810
7797,6315
5932,3295
5733,5527
9735,4350
9061,3499
842,1992
2356,8640
2439,8380
7249,7259
9781,6651
4939,4719
1360,3764
9860,4114
1454,8311
2853,5802
2909,7528
3211,8548
9159,3746
719,2881
6615,3542
4355,4382
8358,4351
3127,6958
9198,9026
3500,7622
5904,6711
6512,1076
8592,734
2696,7325
2830,9313
9420,9794
1488,4420
7771,2974
746,3259
5264,479
8160,761
6204,7886
3538,7184
5427,5037
694,7737
7827,6252
1444,4033
7758,5975
378,6159
2856,3840
800,3998
2988,7540
950,3499
5754,2445
5369,5245
4987,1812
6708,6107
9109,240
5939,9182
4105,7887
4323,2261
3626,2848
9222,8847
2088,2971
5906,9353
2378,8462
6441,2819
1739,6276
1107,497
7355,5348
4583,8683
5254,2404
7545,1393
1681,8103
9309,9391
32,7178
3865,7689
6469,295
7177,2067
8532,9620
44,5664
1634,2748
9740,8149
1483,4711
955,2104
8962,8600
2537,5178
9715,9891
6273,3151
2660,7785
163,3174
8923,2433
8717,9673
5737,4453
9394,9091
7956,6790
4076,1320
4562,6893
462,902
8017,7695
6354,2374
787,4220
9778,8399
6839,7269
2018,5655
6227,9783
6266,8662
7261,8904
7105,2106
5593,1021
3684,7569
8061,2998
1415,8390
9520,7862
6994,5035
7472,9170
3421,4623
9219,8358
1702,2188
7062,6286
5695,7807
4785,3192
8725,7397
9707,5828
4298,4175
3353,484
7172,434
8146,4262
1999,8030
3103,43
4445,3496
7182,6531
9710,4309
2197,247
1322,1062
4275,1299
4107,27
8338,4478
472,6517
3593,6759
3980,7293
7198,1070
9126,8442
889,1820
6137,4658
2291,3087
723,9217
7373,5158
3946,9311
4717,8342
5858,7617
6995,1511
5340,6638
6747,8014
121,6780
8555,2055
972,7750
5867,2494
5693,5133
7540,2651
4201,2073
9569,3224
7271,3913
9730,8831
7190,4814
1824,4357
9537,8673
1163,846
4693,6636
3982,4507
3961,9420
8660,9783
5228,4785
404,5017
8109,3199
8248,1382
7779,4260
7308,3511
3325,5702
7601,4899
3364,3720
6321,3673
4556,6441
1676,9980
2729,5354
3633,6714
7119,6266
5209,9851
2721,7888
8830,4691
5515,6915
3097,5140
3852,6137
1480,2163
5642,4395
6846,4388
9465,9905
9508,949
2967,5727
157,6821
6574,2619
744,4943
9069,6682
1086,4551
6656,2359
3675,4863
427,7743
5562,582
9478,1819
6393,8862
9042,9259
1852,5112
6074,7932
9213,1150
2132,2630
2385,8205
8855,7348
437,7822
3847,3296
1191,5151
4619,2218
7985,8466
6928,9637
337,8481
5046,7407
4292,9149
7960,9995
9488,6882
2009,5501
7329,7544
6522,1857
1835,5577
1656,1336
8414,1226
4626,7392
5368,8551
1608,2302
4180,6432
5167,5771
6272,3194
6145,3881
7740,5987
5985,3696
7406,9846
3884,7881
3699,647
5899,5541
9376,1883
5413,8539
6214,9639
4737,9310
2004,9860
6153,6775
438,9724
6811,6723
5452,6964
9529,2875
1461,4677
992,1500
7450,6696
9797,611
8567,9678
667,9031
8116,4217
4578,8146
8610,6619
361,3917
5888,7993
8804,8712
7245,8443
3976,7379
4808,9123
1235,1499
6020,1431
5562,8404
2471,2461
1578,9471
3265,4706
9023,6169
9818,1318
4707,5840
6452,2280
1550,403
3088,4234
8171,4213
508,6176
1004,7997
9146,1883
8916,5565
7308,7180
162,1948
2971,6535
6573,5202
3926,3318
5979,6144
2007,5062
7132,2506
4482,3410
6675,6066
8328,3003
6628,4882
5784,4385
7000,4934
3188,7504
7134,2803
9761,5737
9981,5816
3368,3932
2580,1840
6265,8927
1362,5360
2048,8574
5057,7475
944,6143
6028,3488
4795,7472
3570,2132
6371,4608
8403,5538
7739,8278
535,8020
6199,146
2510,2316
7154,654
1378,6155
6911,6177
4152,4397
1911,1024
9126,5568
1216,5841
7214,1823
94,909
1032,4319
627,4353
9727,805
7571,7074
9153,4705
3283,3258
2554,716
2751,4771
9994,2473
394,8927
514,2827
3568,5538
6175,3267
3384,5773
4157,5940
1925,3815
8764,9478
4092,3641
560,4098
3423,7991
4178,3056
2648,9206
6100,3515
4465,8654
2338,5070
928,1822
4388,878
1425,951
7456,1395
1211,9478
8716,7923
5316,7729
6113,7117
4480,508
8987,5871
3029,3800
5981,9045
4954,1930
7969,5871
7806,692
9501,7709
7956,8898
17,8953
8076,5730
45,1377
4717,1921
9696,880
527,2126
1611,4793
8789,2830
2195,9727
9895,8219
9765,4483
9614,3657
4804,5658
9080,7351
7727,7930
2843,6590
7982,7650
3590,3178
9610,1795
1811,4209
9868,8767
9801,1508
7485,2797
1374,4386
1629,965
2874,5780
7264,7070
1894,8552
7122,4929
3811,5405
3163,1434
1224,8503
3038,2923
3395,2304
3531,7581
5504,8172
2149,4996
6551,4759
8349,9981
4144,8189
6269,1063
1730,8293
5921,8859
6776,7259
6831,2825
9445,8280
6167,9200
1903,9041
182,7162
9814,9993
917,3010
9608,8964
270,4227
9741,1993
1982,7694
1501,530
7750,855
1602,2691
6827,7405
6408,9445
5566,8116
1456,6222
7798,2945
5060,1503
2393,9057
1269,7082
4730,1126
960,1181
7532,5647
7183,3551
644,2147
9035,8518
1724,2490
3599,7219
2164,3448
4312,2523
9443,6855
2809,5042
2220,6960
6060,2342
7548,4917
6882,8421
8111,2366
7291,8413
4770,1326
3904,4846
8259,9489
6141,2925
244,7380
7805,9816
8431,6817
622,1201
1924,6006
6820,569
1421,9233
3161,3530
658,7706
6178,3216
1048,5021
1629,9125
7221,1458
7670,1337
703,5531
6984,8171
9442,5497
2416,5926
6608,7915
2046,506
6610,3941
661,741
7469,3417
8130,7438
1632,7652
2169,1102
7466,3143
7882,3164
6952,225
3219,436
6556,4661
1615,5859
5401,5389
7180,2017
2571,6491
282,459
4643,9752
8623,3403
8976,4667
7912,2535
8361,7879
6954,3220
6439,9937
9303,6468
1488,2061
1771,4355
5550,6116
2854,4377
3694,9060
5668,2173
2676,6932
8696,6103
139,3890
8728,1744
1578,3628
2049,4425
8978,1479
6122,660
9237,3055
1655,9106
5297,3131
5732,6234
2889,2140
4145,5827
6980,9458
3613,8638
2302,1787
6619,8243
3053,1273
7330,3671
6959,6047
4800,2039
6735,5496
8366,739
2246,7267
7630,586
174,5103
5824,989
7617,799
469,6307
2624,5531
8907,8137
4975,4515
5559,7779
6318,3951
5185,2356
7907,1480
1929,2134
4867,3645
7543,6054
4911,6339
7600,1311
7547,7645
4373,3777
6042,7043
229,5166
2149,8002
2130,3905
7274,7632
5617,1563
8641,7066
5163,7195
5434,4924
9633,2457
6914,5948
9964,1360
8021,3091
5394,2950
6157,1465
8309,601
8136,1116
197,4215
9640,141
8742,5386
1491,8455
1228,1038
7115,3548
3298,7696
984,2942
2715,4982
2433,6151
2351,8773
6186,9606
2167,4258
6936,1015
84,5593
2767,3453
8730,243
3868,5470
42,2696
5967,7403
7116,6865
767,218
555,6840
2722,6371
2891,8878
4516,1475
2198,4313
1492,7520
4355,2040
7039,3146
4792,6789
2260,9642
4742,7622
3958,5066
1203,3343
7632,2017
742,4567
4994,7225
6042,6549
3002,1166
4709,9784
6350,2981
691,4656
4982,6566
8907,7564
3782,4488
4115,4929
5657,7272
4015,4211
2297,6389
1717,1827
2363,1899
9548,9814
8696,635
9171,749
5589,9475
1470,6102
7828,1903
8026,3343
4851,491
7058,7298
2195,307
2970,753
3331,3786
3145,9935
3818,7108
5620,6089
9300,1008
244,1887
8644,6613
7865,8771
8519,1559
7945,7133
1065,1894
3057,968
9649,6644
9980,5325
8951,1153
273,3562
1926,7173
6230,4318
5229,2217
9667,9539
9199,7346
9106,3273
5610,3338
6530,6219
5765,6989
9450,6352
2450,9246
858,4705
8307,7524
7438,7506
8040,980
4028,6382
775,9420
6508,6563
6965,9928
8455,3591
6064,6357
9848,3782
6911,6144
1952,7257
7377,6826
3942,1925
9010,3483
2746,2749
6812,7887
5738,8132
9162,4817
8094,6051
408,7395
8014,5539
4150,5319
5732,6712
923,9837
9820,2555
5175,5114
1672,2466
4656,7649
3423,6141
4958,401
6101,8096
2786,6394
5862,1976
8801,5340
316,8140
8894,5551
8417,8658
3925,4505
2654,8442
3349,9487
1873,7307
1765,2251
9341,9880
7575,2102
7307,1967
5257,195
4751,7246
9400,7400
6294,6130
1327,7913
7866,7613
5806,6051
1192,3363
1910,6706
7641,1826
6064,7871
2796,7931
5485,4633
4437,8081
4392,1294
6030,3101
2072,5207
2811,2827
1666,3774
8860,5349
7243,9132
2188,6219
3882,1667
5191,347
3020,4949
8712,9858
5537,4832
9183,9103
4996,3606
7074,9632
5417,1821
6619,5740
5662,8159
7327,5612
308,9727
1982,8262
6039,6665
8326,1960
7512,5156
8962,5598
6956,3720
2832,7648
2013,1318
1760,5354
5694,5384
9065,8457
1660,2069
5813,7375
8848,6497
6125,2340
705,4671
2335,8713
4439,5172
2091,4362
2554,8698
9886,6063
7225,781
3141,1294
7286,1493
2547,7985
8414,7681
5485,5680
2103,8428
8787,7419
3346,5327
8121,1047
8607,6275
2164,3506
80,2705
5264,3699
1094,9816
2525,8739
1063,7705
2379,3426
5570,5778
6826,7144
7193,4102
596,2233
6924,2662
9878,6628
6023,1870
9785,440
6193,9950
5823,3524
7861,1299
4985,489
8478,6418
7206,4189
3836,1872
8661,3567
5747,4065
8907,6563
3314,4571
7232,7097
161,1078
3524,6462
4195,2290
8511,7726
7739,9301
9398,3827
5387,1824
2938,6239
8936,1964
9690,4435
2569,7174
9336,7994
5903,4325
3625,885
6654,9044
2998,547
6440,9328
32,1964
971,4495
1344,6698
1169,4891
2125,8197
2022,4650
7910,6345
3479,1643
143,5271
325,8895
2600,7941
5464,1522
5161,9170
5200,4437
3706,6682
1863,4409
6830,3506
8691,7785
3312,4417
8135,7620
5478,764
6089,1062
3554,5068
5438,9491
2376,8493
4162,4591
9897,2838
6916,9085
7133,8288
797,1185
9152,4484
4241,9716
2803,6646
9582,5892
9219,856
4577,8533
551,204
1097,6840
9522,9946
8291,7463
361,7482
9476,2794
2559,1887
9717,1625
955,1665
488,6798
475,6516
3017,4469
6338,1786
2880,1332
7885,8882
5347,5121
1075,1147
9289,5637
506,2889
3001,1803
9751,9170
640,420
8157,9734
2033,1162
2631,3209
4902,1615
7280,9679
6789,1601
9167,8306
8095,5852
3361,6403
4722,5821
7566,9899
5981,6415
6894,3404
4004,9604
6660,3017
1657,7056
3928,3182
7242,821
643,366
2235,743
6339,2663
376,1084
271,1204
268,7730
6020,2367
9088,1948
5357,96
7579,7850
2385,2967
7287,8069
390,9890
2180,788
852,6587
3798,7693
9461,5041
2106,9963
4520,5586
1382,649
6388,5842
7742,568
3194,7754
4706,2419
915,2672
9556,1388
3224,2606
9128,4786
833,1730
9893,9010
1029,2898
4456,3991
7904,1785
2183,5104
4243,9842
899,1132
4612,5216
7318,4356
1574,9480
1292,2133
5700,3981
4351,5848
4391,5141
5034,3664
2520,9228
5679,2544
4894,9589
6020,7238
2056,3960
8327,3624
2343,1085
3571,4617
4163,5332
4763,9912
110,4702
7842,9622
7493,3659
4749,7042
3762,6049
3809,8914
3359,2997
8550,3920
3621,378
1293,767
9522,9747
3854,3192
6745,7014
1929,8149
3891,6736
8926,9241
1828,3567
2521,5659
5481,639
4485,3405
5116,52
9249,3885
826,993
4431,6263
3932,3588
6009,5012
4577,1678
2447,1652
5725,6402
5499,6596
1802,3224
4982,3739
7229,479
5731,999
244,3485
9737,4879
8987,3508
3182,4420
5677,4836
5646,7161
9048,6294
8907,5340
5481,6940
1822,2096
6871,3875
8636,3784
2875,8594
9397,6546
941,2050
3605,4270
1018,6057
1485,5098
5185,8868
1676,9515
2173,6033
2246,4074
5820,6071
9495,4568
6463,6626
1169,2160
2154,6878
7856,3736
9035,5024
2127,6402
1015,8972
5492,6293
7856,3974
7830,9539
6819,1288
7999,407
3117,5693
3356,4734
6926,7560
1793,8127
2677,7508
2041,5591
3643,5560
7771,6517
5533,6806
4329,7407
7840,4577
9282,9007
4841,8169
9991,9678
3156,3797
3339,476
7762,5899
7523,9081
2896,6654
1037,7682
9842,2885
7501,4395
1678,7668
9217,9605
6773,3001
1398,8525
1916,1910
613,9073
9833,182
5445,399
9514,1773
7924,3580
8990,7280
9440,5374
279,6798
5551,4695
1431,6778
8478,7022
2871,6374
1527,348
2199,3677
1531,5343
6911,9245
847,7838
8100,2656
4740,714
2343,3286
3422,6861
3495,3776
9318,5827
7623,5595
3467,3265
3257,1782
1907,7958
7738,6626
639,156
9735,358
9612,6987
509,8716
1766,5163
6127,2524
1927,9491
4048,7794
5869,5619
288,9950
5930,3834
2179,8136
4485,7493
4669,2030
669,6869
8154,7260
9470,8988
6714,3831
9324,3523
537,7030
9724,7723
8365,4925
4898,1790
3944,8951
8933,5361
3022,6319
2303,9785
5504,1451
1073,8134
2663,4406
8963,2112
6332,5289
472,7901
2691,3461
8832,4877
9961,111
3127,3874
3218,6040
3931,9391
8949,360
5818,6875
772,3703
4138,8466
3170,1208
5651,4713
4377,6754
8535,4620
1732,411
3281,3669
1767,84
4683,1995
6079,2667
1945,3125
3859,9489
9315,6265
7577,4361
2577,1174
8038,6409
2766,5050
8093,4129
9919,1393
8857,2325
7629,9659
5030,3592
1725,7000
3961,4183
6449,2354
8591,7087
3256,3799
979,7052
9776,3906
4745,255
4396,5573
4968,3626
704,4437
6085,7003
6521,3842
842,6884
4458,5458
8133,4915
7809,921
5148,8467
6072,2182
9295,7261
9895,9085
6726,2956
5510,2412
4345,140
3424,5309
2335,6814
4580,5655
7725,8011
9205,4321
2064,1922
2433,4292
310,8208
6815,8316
3479,1259
7937,9371
9569,8091
4057,330
3281,9782
5656,4141
1677,3126
4162,3329
4845,7192
8893,1380
2587,5460
6263,3297
2688,1476
871,4903
4141,483
6684,6789
2331,1460
6243,2293
1386,1804
2260,5074
854,3341
5803,2295
9192,4576
2964,213
8393,3821
5135,3328
4113,5066
3412,1991
7549,5998
2864,8190
4750,9905
7693,7274
1774,7154
1455,7416
4350,3476
9835,9626
6683,2006
8162,1007
9264,6430
4299,638
7396,9761
6463,3839
8867,8545
6174,9558
5243,7939
3215,4492
7917,7628
3444,1852
8195,3897
9468,5527
4241,2551
1250,837
1556,4885
2594,6025
391,8788
2060,655
4196,6375
5841,1444
903,9677
5482,1330
254,6281
8137,4839
5245,3706
5127,2497
6207,3948
7020,7704
5142,858
7260,6200
6515,1741
7727,5817
1249,4582
8441,9756
5020,2756
7032,4389
2255,6147
5485,1568
9691,5473
6641,4721
7139,9566
6136,3612
1428,3423
8051,1773
1059,8255
6127,6662
1566,1891
1851,7875
5476,9976
9768,6586
8000,5180
8121,4612
7744,8165
1737,9155
6709,8738
5707,5616
259,6316
8893,5490
1768,2968
102,4748
3818,1388
7070,5059
3736,1067
2157,26
642,8671
6235,2013
1285,9106
1527,9559
9550,5449
2675,8752
432,3070
9852,662
6305,7864
2152,1574
3486,121
2328,7639
6127,7236
3197,5508
1606,3608
5623,2356
2560,5710
6712,8680
2382,3659
4791,3632
5965,3682
7696,4762
2433,5082
2456,920
2577,9862
2399,9340
5499,1559
1806,4483
1608,587
5856,2876
5546,2751
2717,484
2834,4249
7585,3327
1247,9723
5020,180
48,404
402,885
8891,185
2690,5786
9398,2523
4660,9577
4002,1493
2524,4564
6455,7381
1163,5104
4554,8004
7348,3101
8092,9940
3836,182
9068,3349
3291,6775
4221,8371
2111,1542
5666,4496
5839,3040
133,3850
9293,4689
4519,888
6997,2494
9841,2790
1474,8307
5018,1435
6784,5460
9761,163
1452,5234
3626,6174
5415,9133
5702,2116
2281,7936
1754,5619
4627,3998
6306,2150
6429,2694
8734,4724
6109,2437
4186,7875
1049,137
9724,8471
6196,2526
8231,3578
6660,2519
3868,8569
773,1162
9648,7385
2854,5992
5656,613
6896,6407
8832,8965
855,7550
508,8188
3465,4781
7814,2862
3828,519
5286,1132
5748,4429
1200,5470
1914,4936
6598,7099
6696,1762
7726,2840
5048,817
4719,5547
1341,1633
3669,9514
8209,5981
6804,6325
7837,6826
1000,9005
2567,7936
6971,7664
550,2534
4656,4226
5041,729
6029,7288
917,6808
5334,6516
4533,1151
1859,6825
5116,4991
1555,8970
6190,7110
5914,2739
2012,1456
9942,2467
9398,8505
8303,7301
5851,4157
5213,9145
6092,3551
3556,3652
9439,8962
4122,6305
4464,3991
7145,5042
1393,372
9471,9895
2497,7661
6002,8921
7035,770
5058,2196
325,1541
4551,6847
1465,598
3305,329
7361,4541
4991,8434
7195,4291
3295,3443
7964,2845
403,2379
8673,4373
9965,4567
5088,5367
8369,3580
5549,3926
7217,7252
8441,3320
854,2515
4260,2069
4105,9766
1091,6231
8018,1383
1293,8606
5272,4478
1999,3459
8567,2519
9216,8359
2064,9404
9150,4295
2666,3536
4999,9246
7222,5288
5668,3687
5184,9797
2447,4045
9297,6386
5766,226
6162,9174
9752,5208
123,1783
6092,5887
5113,6812
2881,4620
2766,5228
2751,5810
6961,2728
3708,1231
5239,2242
395,982
7834,5897
4431,7812
4805,7858
3742,1297
1218,4805
5664,3157
5178,656
8919,8485
5996,5788
3608,7641
2937,8682
9207,9435
2459,7385
5873,1021
9830,1560
4706,4279
6551,9378
264,4317
5609,2571
7583,4313
7606,7701
1306,7082
4490,3215
9747,264
5795,5979
7786,5938
6501,8539
1770,8534
8475,5655
2009,7293
7624,6253
4670,3824
91,7781
9548,2091
6640,2944
9373,4877
1539,1917
1322,1033
4287,8871
3030,7756
9541,4671
7963,3467
8504,9521
5036,1432
3013,7045
4921,8592
144,2373
5633,789
9178,566
5602,7667
9823,7173
6972,5505
3995,5039
6803,231
1917,9708
803,8342
7443,1961
3854,8903
1989,4785
5025,1684
3598,5384
6405,8125
1140,4516
6112,1577
3177,8264
3228,2762
7194,4062
2432,2810
6628,1536
202,631
6199,691
1758,8345
3427,6176
6936,4492
111,9440
2333,5807
4648,3476
6768,1735
6486,718
1280,3088
8763,1552
174,6658
1924,2639
8173,2924
6066,5059
5730,9903
6802,4766
6235,4633
3048,6454
4092,6413
8827,3537
8548,5564
9577,8444
622,8210
123,4104
7619,3599
6068,4641
5725,896
4611,9452
8967,8873
2903,6941
592,9874
8674,5507
1662,9227
6966,3408
9439,2013
7645,7304
4794,8527
3077,7957
3604,4802
7975,4740
3663,8249
9528,4945
9325,9032
9225,7946
4386,8903
3689,2
4407,1331
9019,5588
2971,6595
1922,1426
8852,9378
4472,7353
3539,1437
958,3491
8070,2234
9790,2840
1894,3667
5388,6241
113,590
8923,5388
9890,5802
4892,437
3116,5704
8512,8215
4278,179
4687,5391
7136,2942
7714,9848
2531,1017
1002,2585
1607,335
6131,5815
7550,2736
8371,1640
9069,8325
2333,8358
2843,5
1618,4075
7426,8275
4119,8031
8371,8098
7041,8108
6134,7798
1517,8298
4702,3816
412,6380
8171,5990
7883,3845
7769,4852
2305,5576
310,6851
5234,8492
2577,6284
1969,6120
6686,8154
1682,5920
6518,9825
7373,2268
3723,8158
30,881
6681,3501
8057,3439
5559,769
2794,5783
3997,9028
8155,5606
5936,4571
959,4082
1865,4340
4380,7151
9059,1663
5398,9647
1491,8406
7893,3940
4562,3690
8584,1715
5846,1900
2243,6967
8335,9941
8052,6271
141,3427
2228,7701
4494,7104
1465,44
549,6624
5063,8965
5366,7079
8134,3790
7390,948
8479,6952
784,1774
6465,5987
6938,5482
9760,2904
2502,2102
4493,2259
3980,7749
1920,6875
3125,8488
6305,95
3290,1701
5735,8430
1931,3606
4984,2819
8907,2880
4239,9740
8217,1278
5787,8213
3690,3818
6804,1414
7521,9240
7784,4373
9872,6511
5284,4953
8600,1029
1470,7421
1357,4150
3327,5773
9797,6288
6590,5345
3871,365
7943,9443
656,9550
4667,2605
8936,9025
1041,1956
883,5663
3946,4043
9164,4357
8002,4502
9468,7660
8690,2028
1232,4471
7155,2775
7544,4217
7725,5980
6044,1072
9837,3057
8729,5394
149,7376
2585,4354
2173,1751
3681,9119
8199,3720
6500,3210
6080,5428
2500,5649
1907,5631
5384,9997
6311,7024
2233,1156
7401,4728
6743,6876
420,3004
7753,5389
828,7504
4418,8354
3371,6066
622,4428
7203,4609
4651,3090
1474,7736
1061,8088
5283,4170
3626,5931
8160,795
3132,1095
1397,8569
2116,9253
3441,8934
5588,4309
3830,1571
2853,9123
4991,6362
6447,4841
161,7496
6311,6785
6010,1429
9794,6053
8118,5169
9208,9157
2465,7757
3444,7284
7399,1524
1000,8496
2678,6660
3261,1580
4181,5980
5032,4956
6462,3907
6791,7548
6022,2034
7931,9948
1086,4448
2864,2060
9682,5417
1048,4880
1214,7002
4006,673
8769,7723
4101,2096
2585,2377
1817,9143
6782,9727
3677,4254
315,4080
8155,6215
4950,9124
3227,5863
8353,5997
4051,545
7289,3493
1628,6976
9484,2197
4981,8176
2824,3908
9857,2234
8254,9546
987,5355
4293,5616
1626,9951
1818,5079
4207,7551
6837,3505
8859,9413
6184,6831
6750,8823
528,6264
1850,1176
6590,771
1286,9527
5039,466
5390,5265
2759,939
6104,1226
6797,4723
9617,499
9680,3785
5654,312
3143,6749
5999,6538
2533,5067
9477,4948
7099,9288
3444,1020
4632,104
7900,184
5868,4473
6033,3961
9370,2527
4819,8121
7387,8253
5272,4541
4367,5101
5636,6695
8607,3292
5963,3834
1822,1653
4925,2522
7374,2120
96,1232
5438,7271
9724,3896
5377,4109
1583,5271
4778,4427
7601,1436
1283,5345
8977,7441
2782,9381
5854,4158
6162,3090
9027,6346
9159,3120
8986,527
7052,8476
1665,217
5973,4981
4153,6603
4963,5074
2186,1903
7068,4371
3573,8439
5465,5570
3794,7028
8782,502
2808,7874
2660,964
9067,6446
4802,481
6159,101
9355,4825
7930,2683
3776,1061
904,117
8774,1085
9080,2947
3074,250
7172,7629
4545,9142
8494,6729
4661,1219
6661,3734
3337,9044
2327,905
2453,5276
6688,8225
2605,3009
8273,7737
2755,9549
4428,9849
8558,5425
4012,4681
354,6949
6753,3076
4446,5584
152,4149
2933,7393
2794,9968
3316,2136
8363,3519
1427,2708
7378,6471
2887,2250
1689,1703
1843,8030
1946,7725
8222,4818
6345,4181
2192,1304
2129,1214
8678,7157
9878,3515
1909,3844
3402,3091
8923,1715
1467,2405
4416,4766
6841,299
8316,2343
37,3706
227,9423
2181,1028
875,708
6965,2042
5454,3238
6631,7217
5115,55
3499,4383
1446,4735
6249,578
8608,1081
8859,4606
4545,302
1720,6129
1217,828
5275,5845
5447,7170
7826,6305
1929,8267
5267,7100
9602,5844
8360,4639
2673,5772
6331,6102
1678,3703
2525,2467
1927,3487
1119,9022
8137,1447
6404,8141
4619,7709
3566,2620
8195,9468
4245,7578
7516,1051
9430,5664
6783,9878
7592,2877
5790,102
3850,7587
8272,6624
1975,8728
2726,7079
332,4762
4892,8062
8304,8259
300,6030
7970,5892
9852,1504
961,3121
3431,2441
596,3689
5785,847
7018,4256
4196,8795
7259,9210
6064,3309
7966,8278
2127,4582
6820,4293
7423,3799
6625,3030
1976,820
9643,7072
4965,2948
7626,4667
8447,7319
1264,763
7077,516
4626,810
1448,7198
6852,4592
4771,4547
5220,6594
3976,4257
7244,2020
9957,8437
8458,1116
7461,8481
573,517
7410,873
2646,3548
985,4059
4894,7851
758,6409
9286,6928
510,196
264,9913
6588,7126
3965,2126
3603,9371
1288,9290
1938,3725
9312,9431
9477,7259
8348,3206
7720,6054
6406,2776
7318,5112
4193,2380
1136,2081
7207,9926
8218,4255
283,1367
5055,2441
5822,2271
8228,5176
7821,4140
794,2659
8263,8957
2749,1797
6924,903
8810,7389
9872,6067
1389,9538
7087,6147
8680,4577
3003,8367
9375,4356
3089,961
5808,7553
7850,3545
5281,9932
3421,8285
1362,3210
2946,4736
7985,7011
2385,861
3692,1587
2248,9153
7088,6973
5835,8803
3184,5356
3254,81
1618,9384
1454,2328
7652,1713
1990,2383
9516,3436
1198,8849
8125,6439
7413,6357
3892,8633
5391,8988
5234,5451
9537,9926
5669,7182
185,7681
7967,1928
2091,6975
855,638
8374,4898
4574,5343
5494,4487
5354,8650
3730,7341
2351,9053
2533,864
6092,7788
506,2742
3313,8954
8528,3574
5758,4567
1917,8736
9734,9430
3887,1436
9234,6922
8365,4435
6322,2589
3917,6676
8959,8140
1023,8772
6508,1169
2773,2501
4059,350
3158,7553
492,2676
3432,8308
5663,5694
3419,2068
2314,6573
8645,2238
3687,1808
7432,8269
1813,6463
4159,1065
5535,9957
7863,1802
4521,1351
2139,7592
4150,3861
3479,9905
9559,3324
8078,7030
3822,3526
8471,1138
1472,2335
6514,2839
5241,3956
697,9623
8138,9194
7489,6092
5421,1976
9024,2548
8489,3203
8120,1789
5937,4884
3185,297
4998,2679
6981,7822
589,2787
4485,2093
2636,5265
409,4860
7965,7723
2229,4850
9013,6226
2487,2687
1758,9340
2924,5766
5584,7352
3858,8680
2047,4735
9336,7341
1038,6505
8322,7553
881,6633
9529,8681
7952,4486
4111,5585
439,9527
4544,3428
9642,1787
5268,4599
6134,8450
3137,1586
3427,6875
333,892
9430,9178
3025,6450
4322,9589
8761,6195
2750,7276
9047,3499
8962,4116
3880,5226
6987,46
8286,4385
78,7032
573,1976
265,5967
4705,8687
2805,7167
2988,4319
7768,5802
9406,1291
9638,1569
6252,1545
8568,3201
6547,4007
1301,3980
6487,1867
4956,2979
4420,5596
5940,2718
6485,3686
8363,2600
5602,302
9818,6553
7444,4835
7562,4289
7252,6317
5807,2654
9298,4533
4978,9515
9266,1231
6909,4693
6304,760
6352,586
1188,4937
6688,9728
6368,2901
1071,9872
3943,5733
5367,397
9768,5437
4287,1669
9847,2059
6256,8259
2557,9659
1681,2189
1574,8650
9087,9025
2328,357
5513,7687
5219,2413
7735,2371
4436,4121
8202,7355
211,1048
414,3247
9357,1282
589,2345
4460,8665
3533,3522
4177,9537
1817,3549
5124,5641
9646,1157
6963,3510
8443,2303
7654,1563
2684,475
7587,4406
8576,45
9020,7161
8597,5426
4614,676
6310,4865
453,5036
6619,3087
9491,7258
238,2591
3088,2882
9854,2356
3108,9182
9948,3940
8751,9015
1299,8716
1009,4160
5829,1610
7637,5231
4608,5771
8536,8440
79,769
6920,8903
6764,8079
4663,6650
9732,3845
9375,3257
1587,8179
4639,8387
654,8524
5764,2374
7600,3929
8979,4010
9564,5206
4050,4955
7217,2461
5206,2514
7100,5581
711,6159
6134,2918
4000,6580
5134,2836
9107,7408
6866,7382
9785,9687
3607,2730
7527,5435
8280,7767
4956,4890
3418,4630
1799,3715
4430,5533
789,1173
5664,1065
3992,5591
5789,9208
6275,1390
7281,5617
1505,1166
7598,5312
6134,8927
8985,8610
7725,4443
1118,8281
1473,5026
2931,2908
7048,9563
8682,1007
8136,7015
6224,6794
429,2051
7539,5944
115,9018
8369,3007
1198,6788
6411,7942
6649,8528
4744,5864
9467,7081
2902,9556
2837,6615
2219,7838
664,6117
6058,5878
7780,8027
129,1219
9964,1384
430,3147
293,4317
5394,1618
44,9608
7694,1324
9207,5596
7146,9808
7460,746
2884,7564
461,9278
2214,3887
5245,1064
4608,6487
8765,3540
7268,3000
4919,1897
3921,2629
9436,1003
535,3358
6705,4846
3370,7222
8899,5960
2737,639
4459,2608
5485,3124
1821,3321
2295,1043
6202,6677
6690,2342
8694,920
4336,9005
1988,427
7585,5017
2397,6904
309,647
1055,889
6179,6743
3858,1480
5634,1096
1542,722
6084,2977
8520,8845
3491,3807
5091,2194
1348,1430
5507,9017
6456,5398
2853,4817
8192,9324
8875,8920
5569,8353
1884,5325
3101,275
7495,6111
2609,2718
6295,1633
8638,6071
5154,4526
478,5109
4300,1731
1528,6524
9162,4941
1311,3511
9744,7471
8036,8769
3163,1967
2844,6977
6730,4734
7229,8128
2503,9715
5362,5095
3076,5268
29,5258
4577,4256
6092,6859
329,3227
1476,5676
9756,5014
7594,6101
9624,5322
641,3742
4848,7761
1949,9721
7711,8178
6134,2880
5733,3447
7768,9926
8352,5372
7191,6909
5846,3334
5584,3
191,110
8827,8169
5567,3513
5821,5683
7905,741
1225,8181
415,3122
1398,3519
4893,8090
7740,7031
2134,6414
2200,5504
943,3711
15,7828
3047,4406
560,7443
9232,3168
4305,2088
8343,5594
9003,5956
1614,8053
5634,9578
140,2453
2796,7718
4842,284
1876,475
3214,4862
1766,1415
2756,8880
2570,1845
9496,3762
8190,5646
6545,6087
1403,7213
391,7181
9338,5310
1269,9229
5647,3218
7897,2576
5747,7538
4825,8651
144,3390
8208,4505
5142,1777
5365,1572
6331,2754
6588,2928
8350,3705
5446,2820
140,4123
7988,1622
1100,9765
5849,1409
181,5569
7085,8213
7135,7896
8541,5324
8774,1540
8832,8916
3803,576
1541,3518
4550,719
1560,4258
7670,6374
9779,7005
808,1335
2929,9784
3206,7995
6350,2790
4630,7323
2154,7818
9172,2938
3996,6482
3434,7122
387,1188
6315,6490
4520,4771
2287,306
8943,9934
6216,2923
2461,9557
2612,4181
5939,2329
5147,7685
1624,7631
7864,995
853,5585
5461,6894
1817,6321
7967,7420
1037,1515
9608,6978
2226,1014
1099,4797
1062,3206
2858,4426
6326,881
3363,8888
9981,5419
3665,8424
91,6801
2079,5598
2081,9343
5831,5095
1256,9374
4152,2534
1905,3598
3671,6445
4631,5563
460,8500
336,3855
8669,9577
5331,7748
1113,6645
9892,3204
3610,2279
91,5679
8285,1151
8098,9912
7294,9145
1229,8285
7148,1171
9939,6961
6875,9213
4315,6807
3721,2636
4274,4269
4552,827
1705,2083
6154,5567
2987,1846
9547,6454
572,8542
9256,5803
5869,8352
8365,9432
3499,3584
3836,6200
9833,7143
122,5495
6514,8573
787,2729
384,4068
1358,6212
9802,3472
363,6300
455,326
8840,1737
1362,6656
9171,86
7478,9963
4106,9080
1848,1629
1454,6505
340,9110
8918,9600
3184,6882
9120,9711
6605,5480
4354,697
5915,5346
2191,5518
5132,5625
8181,8564
3905,3676
1410,6483
7792,5357
5335,9021
3383,5480
9941,6841
6266,289
9812,9243
6681,5849
4035,8881
8013,3612
4537,1436
6673,6762
8314,361
8301,9137
9845,5099
3213,8515
2234,1543
8368,5577
457,4252
5836,9348
1861,4813
7423,6955
4632,2508
6513,4694
8256,3396
7157,1942
2647,2307
1502,4223
2688,8882
7470,8291
5853,9411
5818,6348
4494,2486
9673,8757
7812,5928
7003,5989
2403,5976
5015,1066
21,3335
3820,3774
1724,1148
1609,9176
6384,3553
9096,2738
5782,3309
6692,9650
9153,7311
828,6136
9810,7171
7664,9059
2395,2885
1928,9552
6130,4991
660,8544
3969,6288
1758,9012
7946,6172
2444,2152
9255,570
8065,2329
8639,9326
6099,9668
4597,1459
9559,1005
1851,9508
7736,8921
9588,9687
3303,5832
3686,7734
5421,2738
206,6332
1723,9949
5070,2505
2642,7400
993,8626
3359,3783
4287,5336
2222,8940
7756,8963
3807,430
1595,1050
1270,3705
6769,6114
1244,3522
9844,1345
516,3796
6081,2477
4536,2540
4444,4326
6416,4285
1362,9677
1332,2673
2219,5168
3754,1278
8124,8355
1881,2560
56,1436
7662,8584
9238,8586
1819,6385
4334,3219
8173,378
5598,8073
1239,4629
8489,4217
2106,3036
9998,5808
7062,9802
3862,8873
9162,3581
2855,1415
2199,4838
3110,4316
9075,3370
505,2900
5897,8313
8362,769
5933,9304
7560,8739
5085,2525
1464,1091
2355,6231
1528,1245
3016,2615
8292,6024
3267,8766
3138,8148
1950,7333
8247,1182
3257,7811
2157,1858
1208,8495
4972,2958
2839,3762
7252,7887
7726,3079
8605,6379
7856,3427
8614,9114
1725,8571
6362,4401
9320,6662
5568,5532
4386,848
5201,7864
4613,1063
9989,4906
269,1094
4150,1535
8272,2156
6870,4353
1183,3096
989,7171
8372,51
2842,3242
4411,6778
4938,5768
1934,791
743,6725
2808,9499
375,8092
3339,810
2550,2783
6924,1523
4494,1336
5372,7530
7474,3022
2130,9779
5930,192
4628,3085
2729,4577
8197,1465
8746,8800
7272,2998
6857,6866
4130,4427
3390,1502
5518,1152
4868,3237
1450,7225
6903,3117
8862,4671
5356,4984
9261,8509
4058,9349
2883,5604
518,6307
1855,6539
6782,45
7739,8679
9579,2855
5622,1155
3657,4244
2226,9068
2834,8113
2521,9516
3894,3569
9354,2385
3447,3269
9314,4360
7457,1143
2262,8107
2311,8308
269,4693
920,1093
9338,3374
2465,8920
8390,4312
8252,8480
7708,7076
7365,2437
4094,3713
4589,568
7462,1810
8088,936
9014,7307
6114,6490
2881,4120
8062,2745
4722,6650
3694,8362
7306,8079
4462,7914
9448,1533
3467,8150
8448,7162
5570,2999
8206,2891
7218,1960
1683,7895
4483,7445
958,3047
3808,4050
3079,9869
8432,1013
2724,494
4483,865
3342,1582
8904,7455
1598,5670
8475,1867
7665,2676
9802,1753
6331,5471
7161,9699
695,6916
6572,5504
4588,8339
1362,9026
7580,944
6097,5483
7302,1014
8652,2477
299,3150
5937,989
1774,4296
5502,3827
9764,7844
8324,5889
3962,80
5332,7406
1990,8222
7478,2669
5718,9248
5545,1711
3685,8563
7557,1521
6780,6549
4155,7587
4821,1429
5630,7335
4490,3862
3883,2802
1148,4431
4787,962
7392,9650
4825,572
9635,7303
7895,3297
8303,9444
5483,428
4869,9995
5759,7131
8618,5728
9206,7607
6495,9093
9794,433
7400,7637
1555,907
3694,1433
4730,7985
4527,1034
6939,7474
2851,2276
577,8079
3946,4930
5659,830
529,3180
2276,5707
900,2650
2945,5452
493,1012
5555,5951
1962,872
8556,1395
4589,966
910,752
4397,1019
6415,5444
57,5336
7369,7578
4477,7999
7229,1225
429,90
3944,758
2478,4792
6222,6295
5652,2756
4803,9846
7158,8931
7145,2702
718,8138
2931,7252
2444,7994
4167,9733
1034,5737
2210,9576
5083,5742
8646,6144
3532,8761
5535,5617
764,4636
5395,7228
1704,8842
3639,5544
2783,9003
2030,2207
5636,9817
8412,2130
8162,4474
297,4906
906,2330
2210,9596
9575,2372
8361,8648
8707,7708
4876,8895
2770,3213
3523,5902
1820,2394
7699,6859
1321,1123
8176,2731
276,214
9407,1469
8514,6223
3529,4359
3180,3982
1995,4427
6087,8804
3066,8165
757,7257
4132,9268
8260,5596
9986,9026
3365,5352
8282,3858
7511,6432
2353,629
8130,3351
9406,8633
5455,4942
4569,479
20,3211
4242,455
7854,6050
6254,7066
215,5955
9883,7076
7095,4543
2101,8892
4086,7400
5442,6481
4735,6501
391,5554
9441,9759
1950,2298
3023,3898
6031,1175
1575,1331
4427,7830
9712,4115
5959,8188
2924,9309
4773,2419
9629,5274
1503,8815
4628,8142
8093,9228
1796,2726
998,6534
2709,2769
1714,4853
5685,5368
734,7043
776,8587
809,6730
3328,1866
2827,271
4329,8204
9846,8309
5771,6624
1588,5792
5538,2590
5680,8055
6522,4904
2449,2293
8851,1746
1664,5564
5316,75
3738,3958
8956,6743
2417,3929
1924,3355
9118,5158
6257,581
3857,319
9925,7685
4313,1123
4245,5307
1454,4823
9765,6222
4092,9778
9023,4902
4570,469
8626,4792
1128,3605
583,8540
9304,9702
2655,651
9922,2918
2057,5370
8683,8452
5408,6478
8049,2715
9360,6107
8125,7598
5273,4733
1659,1522
508,2706
5061,6210
9554,4642
4283,1187
5164,8540
2815,5030
9429,1230
1677,1555
2468,5360
888,1175
9342,9518
3856,2781
5768,5216
9711,7442
2794,6776
4562,8376
7214,7224
7925,9657
3880,1805
1719,8502
160,8267
6253,5499
2570,7287
994,9104
9719,8539
9388,6959
3380,4233
9162,3436
7856,5536
7657,8470
6924,4868
6182,6617
2826,4765
590,3229
8808,6222
6545,5823
6470,9087
3652,9962
7026,8794
3622,3026
6133,4719
6443,1613
8551,4164
1748,5934
6493,8013
3023,8046
3779,2259
5194,5833
8436,3636
2675,595
1238,9864
5003,4693
2099,5595
6378,7912
5537,7531
9132,2925
835,768
9336,2326
3225,7955
6545,1444
3075,4924
8469,2830
6243,1964
6243,8475
2959,9667
1609,6317
7237,1247
2524,8698
7706,4179
5009,6888
5067,4863
1144,5156
7445,7345
1864,5615
8735,2888
1797,5477
3669,8161
6318,9675
8672,7728
2595,3844
736,5901
3556,9393
3851,3512
5445,4083
9264,202
5390,4958
4420,5898
5166,2524
7982,3432
5439,8314
8238,7625
7220,195
3063,1776
879,5895
9358,1494
7200,6440
26,5589
2984,3569
3179,7335
1068,2948
1656,4949
3620,8894
7824,2927
8322,1272
6818,4120
7296,1677
9576,4202
5987,8483
3374,6829
6972,4392
689,7263
3021,7803
3282,305
3081,5075
3129,8222
9731,2752
8695,9305
1688,7164
5364,7954
4809,590
1910,6196
5745,9323
6803,4510
3301,633
9854,8604
4473,8273
5181,4161
831,2848
5611,3923
6698,906
5977,5939
753,7340
7472,4488
975,5101
8178,5319
9718,8335
3118,6177
6852,7352
2050,9689
558,4408
4906,1664
2586,198
8262,3199
7225,2267
4074,4561
8960,5339
9136,1146
391,4395
4664,2359
8282,3123
9823,4483
6702,2114
6173,6948
1950,9384
6056,8720
1635,3269
2006,9039
3090,7579
2464,526
7391,7666
5171,9677
9455,3352
6304,3094
8139,5234
7298,7114
9744,5252
6863,74
5764,5625
9144,8607
2931,9984
1883,7910
2871,9859
5128,6539
5894,8037
7424,3441
9861,7351
7753,7244
8922,8758
4606,7371
5984,4677
9811,8565
900,2435
8327,4799
5020,9417
5362,6295
5526,9362
4445,3232
3422,231
8065,1210
2618,710
1288,189
3312,2974
4944,3730
1879,7226
222,1054
4234,680
9343,7628
1001,2644
6281,5158
1642,2453
8976,9392
7805,3892
5940,9217
4717,9813
8328,1262
1665,6884
4285,7925
1699,8717
3373,6387
904,6967
8116,4258
8430,6494
6377,7043
8900,2139
3386,1780
290,7139
6021,2158
3818,473
9923,4093
278,9168
8222,1084
1329,930
7348,3645
6034,5782
9652,1411
6994,2305
2276,1804
2815,1899
5381,653
3289,6077
8863,3500
8153,9620
2582,2228
6114,357
9390,665
9247,557
1450,3145
9788,5283
2895,5050
6257,4029
6744,4517
5097,7740
8035,5871
3137,6965
1864,7920
7099,5948
5082,8770
9234,6383
7654,6904
8936,9660
9864,8968
5676,9824
2301,8615
3143,9262
7972,1535
693,8920
5821,223
5840,8540
7731,7823
1416,158
3766,9823
4496,4478
816,4459
4306,7062
9450,9997
5570,147
4727,3599
5167,845
9422,5834
7638,1908
8597,5377
2897,2889
8136,9891
9613,2646
1161,4673
6393,6411
9394,1629
7562,2630
6742,8330
1051,5182
9109,6470
5682,4940
8254,2001
8238,711
2303,6552
5324,570
9175,3731
9609,3796
7661,2951
482,4636
4778,3768
535,5887
3345,7183
1806,1624
6910,5268
7171,7130
6908,9400
3037,2621
2657,9314
9132,7602
2212,9060
4047,1621
5007,4473
9874,1454
8335,6061
4356,1012
5800,7657
5430,815
2486,9113
6896,6936
1406,5420
5437,6223
6819,1208
4967,9897
8372,4055
2302,212
3154,2882
3441,552
2560,8520
1615,411
7619,7211
1447,9297
361,3527
3739,1263
997,559
3507,8122
5096,8791
9950,5953
3693,6264
2467,6436
4699,7651
3526,2559
93,1989
3495,1511
5549,4787
5604,9743
1820,7763
4862,3047
3983,1750
8585,738
1700,7414
6220,755
8386,2567
9753,7380
7598,2237
855,9906
5450,7643
3034,6840
3432,6051
6420,7158
1484,3647
661,5581
5967,4026
1614,682
4208,5611
5044,7213
4676,9247
1711,7829
3119,8675
946,3003
7387,4699
6581,4119
3189,6370
5278,5186
5351,7502
6494,8777
2255,2079
2599,1594
1807,2180
7995,9279
958,5417
3536,6548
5836,9937
2048,4102
8850,8525
7101,3018
6824,470
6626,7512
3888,5340
1524,4050
639,2875
5095,4004
8844,5431
1565,4778
4001,965
6425,6776
127,5685
7202,4170
1822,2383
3283,9897
2257,1641
4399,7927
760,4226
7442,4599
2063,3198
5458,8444
3844,8319
9124,3996
1830,60
3259,5680
7144,1248
3964,907
5589,354
5645,1860
9454,3869
907,7970
5151,6075
7083,4
6703,7491
120,8714
8086,6539
779,2323
6457,1004
6377,2675
5072,7041
3958,3937
3689,7131
8647,9371
5510,1893
4549,8198
6929,8222
3437,7014
7519,3512
8453,9237
1842,4412
4425,5012
5033,7160
1683,9900
8531,5799
4425,4479
8976,5003
7521,10000
1880,2041
3839,5660
7076,5856
4367,595
6842,7672
9213,9975
3639,1699
2993,1776
8165,995
9737,2873
7836,6744
4527,267
5733,8644
7274,659
1385,6733
5392,6770
5400,8125
4056,9906
4453,2858
8525,6272
30,685
4847,7387
506,625
8756,4727
7627,170
6748,2349
1843,5152
7778,5651
6499,1542
6462,7603
2527,2203
8583,123
333,1709
2454,5377
7180,9636
3414,5889
6769,3970
3367,4436
3932,3317
753,638
8121,199
7014,2581
8275,9795
448,2169
5315,2499
2650,8308
5014,2538
3467,9343
2076,8267
7084,8926
9901,2132
6939,6937
550,7755
6712,3992
1425,6740
2845,2923
434,3628
8666,9795
30,3205
9758,9616
679,3422
8946,6808
6002,8765
8735,3745
9433,2524
2336,2747
7003,6718
8994,4381
1921,5228
3335,5258
3677,2721
3338,4608
475,5806
925,3629
6153,8986
3503,2814
9331,9322
8361,7525
6167,4089
6167,1910
2439,84
2916,8206
7772,7077
365,7409
5847,8905
8392,9198
132,7216
30,1681
4376,3137
2883,8438
1241,6776
3671,2933
8684,9949
8420,3102
968,8241
2440,3457
6426,3111
1133,3546
2803,189
4499,1544
9132,4806
1743,2425
458,550
3420,5172
2507,9945
1216,9410
8912,3824
4634,1321
917,1081
4487,3383
9547,4538
3108,727
6983,249
6718,6627
3636,5131
2293,3351
2307,8967
3951,6781
9971,6806
4905,7819
7195,1434
279,6245
7523,9240
1645,1423
9059,835
8358,2068
8611,5238
1153,1244
1282,1662
1837,8717
3651,7458
1513,9553
2401,1760
6573,3056
4739,7845
7735,5018
3114,8904
4654,8115
8183,3907
8627,7787
2841,9279
5701,41
6789,9740
4051,6307
9358,3594
4860,8717
3124,1815
9234,508
5705,7380
3965,2021
9694,2006
9996,7526
7612,7415
6087,5249
2174,4006
608,9521
9244,2241
5927,5306
5731,1886
4588,8610
9872,881
2160,9381
7307,5532
4436,1737
3184,3721
3027,6080
8184,9197
5196,323
5606,1242
1943,7201
7982,5620
9224,3540
3760,1949
3617,4188
7090,4704
4674,6106
9595,8982
5964,5867
3260,6936
4452,9007
7769,241
947,7301
2773,671
9209,3237
5340,3415
6033,3289
4201,1186
5568,6857
9048,1047
5207,4674
5430,614
185,9250
9956,1135
7398,4386
2411,4509
5205,5920
7001,1634
7104,7816
3833,8831
377,5839
3185,1408
7563,7820
7333,6083
4219,1363
8905,5203
2637,2783
7827,2709
7859,956
9199,8798
2064,8590
9164,2655
6251,7761
1075,4078
7567,7678
2088,786
2303,1398
249,9626
567,5726
8292,2475
7453,6712
1382,6389
6727,3786
8589,7856
3366,4524
9838,6280
1631,2547
1587,1970
4203,2454
9196,9050
1988,5769
9894,3819
8864,2526
2618,4266
4986,8404
1100,3423
5099,7577
7219,2048
2232,7380
2424,4524
3989,4168
1608,2177
7959,5910
852,7867
7175,2354
8376,9722
259,9247
9176,6366
1102,9274
1509,1442
8360,2656
7455,1410
1864,781
6613,6698
4261,7730
5433,7836
6132,1730
6175,7822
6060,6617
3699,8302
7749,3977
665,1394
7103,5091
4448,1856
9855,5407
720,8647
1860,2680
6323,9849
7608,7734
1168,357
2850,9225
3730,3941
2168,4254
1815,7137
7713,1202
9060,6205
7769,8561
6486,2502
3726,9241
4387,4404
8503,9952
7631,2989
6004,6910
7515,2775
5088,3097
8775,9415
8899,7211
9768,2554
2788,5858
8101,7022
8380,5460
539,8319
4485,684
849,730
9970,7845
8358,2783
6040,4914
7029,1000
7994,6024
7579,3744
7810,4169
6511,1618
9083,1630
6416,9631
1532,6800
5949,8331
5839,8947
5629,485
3918,5105
8255,4332
1611,8132
152,7449
7431,9819
1451,4985
7926,3865
84,9323
1739,8907
2255,4677
492,105
5764,2396
2274,4539
6590,8083
908,293
6442,9197
2579,9553
9787,7648
4503,9944
4378,2793
5753,4412
2362,8949
1490,7269
5290,1635
6768,8022
7395,2436
5825,9803
6993,6300
5416,194
8447,9560
8445,2531
5179,5675
7409,5132
3352,8087
7551,3902
7042,709
957,7102
125,6865
1746,3832
2566,2501
6306,6247
5067,8527
2244,4730
4118,5506
6116,4355
5604,6694
69,3873
9140,6013
5950,1032
3820,7108
5221,6234
5093,801
5802,6788
2918,687
266,6631
4686,8564
6580,3986
1115,8203
4903,9529
487,674
1962,7332
6130,9858
7302,7558
4843,630
2318,5191
4040,155
2735,6273
2662,531
514,6836
1946,6885
9214,4886
4213,7812
8202,3418
4934,9994
1440,6012
3881,1698
4685,1591
173,5263
1061,8227
8004,4556
8644,30
99,8880
4303,1878
633,4797
8089,1696
4477,8150
4386,8808
9904,6283
7049,8581
9041,1202
4865,7224
5839,4116
3634,4081
585,2417
9719,4062
5537,1296
981,8625
7264,8247
9915,6717
8355,7284
2468,8685
7506,3622
361,3585
6929,2859
7940,9510
7680,9302
6048,7104
8381,3484
8444,1910
3321,1692
9630,9083
3112,3145
7972,6116
8338,5749
5317,411
4599,4315
8327,1071
351,393
8905,2694
46,5752
5520,4416
3207,4490
304,153
6424,5183
3424,4842
4851,3268
8624,9084
4796,7465
3046,9675
7310,1852
7843,531
2297,471
2805,4554
5974,4339
1365,8330
7883,4248
6049,3097
8681,7074
8852,5750
3122,289
4657,6561
1097,7261
3711,6808
2850,4820
6670,58
8104,7154
8136,2874
5357,5772
9794,7890
6652,4937
9729,4001
4634,8605
9098,9187
8363,723
8034,7195
9969,4182
8004,3695
8927,8620
3649,2624
3260,5104
8481,901
388,7930
9607,67
7496,5565
7107,4891
8500,7645
6274,1536
6529,8747
4752,2019
3345,6783
4461,685
1576,4865
1580,8200
939,7924
6536,9866
5888,6191
3122,3120
4261,280
7318,8323
7612,9279
668,7993
212,1221
2682,122
6771,4760
5302,7197
1567,7292
8616,6303
8044,7671
2782,6560
9135,4248
9690,9322
4002,4373
3254,1646
4576,4561
6472,7117
7184,2694
5232,5903
6190,2468
6942,836
6884,2646
8672,3125
6617,7165
4521,4486
5536,6027
734,6810
145,9214
5242,4723
4900,2728
4385,7269
3321,1927
8577,8901
5141,8261
4964,7283
9303,2398
7010,369
3833,825
116,6383
4434,5078
1491,3557
3624,6723
2335,9804
3795,6874
3675,3753
6156,6666
8758,9047
1636,4816
7093,1616
2881,8001
6763,4983
8035,2535
1178,1189
9077,4727
7395,5631
5279,3659
74,1792
840,8656
8325,56
2409,7486
7555,2881
2125,4847
6473,5353
8004,5070
6279,6769
7831,798
8986,4433
8790,6148
3578,3605
2460,2114
6004,6249
2660,9056
5618,7852
7813,9609
2821,8004
5225,7135
8597,6638
4187,6204
6607,7375
4319,471
2237,7612
8779,3215
5620,7987
6115,6231
3559,8853
8035,9214
5288,5392
2933,4538
2239,3036
7794,2848
7587,8322
6229,290
6821,6260
5851,9621
8268,2189
8119,3502
8090,3702
8002,6473
3150,7202
9967,5462
7491,2199
2829,9345
9894,9418
3749,8875
84,965
179,4586
594,4247
3602,5498
4806,8312
8880,6206
1651,2759
5409,2167
6770,1091
1631,2480
1931,8242
3598,7492
8099,1665
4974,1516
8592,7385
2234,4169
983,2730
8717,2090
8374,535
1508,7675
9566,4301
7806,1386
2680,1153
3296,6567
649,5254
1158,487
256,4263
8484,7637
2572,1351
1002,7894
8426,6802
2006,3991
2923,5824
9059,6293
5493,4310
6319,2585
1280,1352
2890,3246
4945,5167
9562,5888
8899,5059
5195,1043
3872,1061
7172,6541
8192,7548
7094,2993
7065,5450
9933,1785
4804,3130
4649,3295
4032,9144
8838,2504
2352,1980
9574,7982
3327,3445
5697,1032
6980,414
5891,5976
5488,1456
3172,8768
3141,2674
3296,4627
8085,2419
9894,7452
1011,4828
1277,6081
9070,429
626,8574
1801,4301
9528,3190
4170,1298
3984,4604
1953,6617
9604,108
3222,5315
7453,9316
4411,1229
6548,2002
3648,2106
4150,699
2966,6799
4576,6004
1579,3578
4810,3329
6404,6832
3872,4616
921,1298
4811,3009
2809,1707
159,5436
6735,921
9341,5759
6028,2853
7385,8715
2164,9584
7830,4010
6597,7612
748,2727
2449,5573
7580,2889
9613,5642
8874,4205
6673,3692
5609,6512
6544,8946
5397,9142
9378,7317
1482,3242
5869,2975
1490,546
5075,1339
8331,3485
9556,5513
918,8236
6019,5073
76,6683
5446,9361
9227,3899
9832,4036
1342,5885
9913,7169
7179,7292
4645,6557
2662,1303
4049,3966
979,9691
721,9710
6185,3209
711,3944
2594,425
3095,3090
2190,4426
6214,5350
8951,2740
896,3215
271,8028
4840,3933
3989,1972
7930,1220
6887,1101
5292,2599
5681,5321
8580,9629
5236,3873
2723,9454
6226,8640
6223,6892
1542,971
6798,2544
4016,6205
3054,5631
8798,2370
641,1145
8390,8832
8470,1183
8464,446
7891,2702
672,1794
6126,6492
7616,3290
3835,7742
8205,1462
6576,563
3784,8560
7396,4033
3085,4346
645,8634
8512,6419
8265,4090
883,2501
3789,2544
276,9614
3785,4151
259,7528
8948,6176
6546,2375
8132,3069
6437,671
5069,6876
520,9136
8155,6910
7360,7743
1915,4995
1017,7698
2835,2276
1855,4375
3890,6893
2345,6481
2402,5301
5519,5313
1594,907
1356,9501
3248,2159
6830,2847
5900,6634
8682,5805
6855,1866
8557,7552
6114,4734
2254,2259
7395,1787
6287,26
6074,4489
7346,2556
5747,1629
7207,5855
5444,8915
4675,3967
5477,1591
4381,4330
9983,5680
3875,8955
9437,8154
7753,7137
5711,9183
4481,1339
5902,6754
9254,7106
6794,487
66,99
4414,6050
9648,2759
5301,9114
2908,2305
3398,2266
8678,2180
7979,3156
3285,6126
8976,1138
584,5909
246,8859
2343,9997
3639,6926
8777,8403
2371,6029
3695,3784
2153,4633
3645,6285
7730,4166
4281,1000
9720,2892
9420,8369
4980,809
4453,4635
6564,9670
9677,1106
2587,9924
8485,8493
4306,5170
6763,1744
7580,6959
1116,5218
7832,2918
6595,4885
3519,9387
1951,9335
2589,4192
5539,9028
317,6516
9015,1606
7117,6057
3436,6362
481,1888
1357,240
3587,9315
7169,7759
4024,7279
205,8466
9341,7756
4453,7283
9056,3675
211,8659
4171,6603
9744,707
9036,9671
544,6754
7904,7743
4763,4579
8621,5522
6229,3305
3855,3925
3326,1778
7322,3075
4133,1966
7870,4224
8200,2331
2905,891
3863,1775
6934,7872
3959,3440
3891,1608
1826,9875
1056,7934
8011,1231
7891,254
4735,9437
6297,5467
9655,2655
5863,8461
266,634
2222,5350
9328,8593
2109,544
6241,7807
6256,3205
5595,8001
6311,7194
835,8381
2577,7800
5762,2787
7831,8264
2225,1231
9717,5659
2544,1256
6595,931
415,9753
4322,6098
9008,6169
49,6093
8499,8136
9807,716
3905,88
8827,3088
7077,357
1560,5058
308,2995
8988,9684
6349,1284
4871,7254
3852,8450
4145,8040
3336,7183
8540,1799
1692,5542
4969,8102
1203,509
8774,8617
684,8698
933,833
8397,9551
8728,6831
1300,4147
3080,7335
5209,5023
884,9779
6287,3841
8871,5120
5753,2064
9378,8265
3337,1374
7353,4063
4484,8819
3978,8529
6593,2251
1943,5774
1808,3182
2357,6996
6231,807
4797,3507
6872,3636
31,1476
4110,9401
6343,9872
342,5361
4856,4462
9467,6963
2436,4956
3193,109
1133,8760
8179,4431
5398,9884
8416,6150
6355,1461
5312,4051
3312,9806
8317,5272
6365,4718
3005,78
5766,9866
2115,2310
3664,8744
7861,2842
4399,2001
8872,1711
8293,7362
4983,6842
6006,6768
8739,3596
1127,3461
8244,9803
836,2811
6702,9038
2704,7636
1631,2260
9959,5860
2708,5890
8032,8475
3915,4023
6510,4739
228,1278
5142,8674
2064,4080
6234,9612
9404,5267
2004,2201
3623,8754
3583,1726
5582,922
5118,2043
7752,9087
5904,848
6717,2201
2235,1453
3203,6094
6597,5780
6912,4925
3522,1661
4243,1156
5448,8630
7534,943
9646,5973
8348,3086
5315,2924
3328,6161
2122,8391
766,9027
2387,4932
2290,5920
3989,9760
9534,5379
4952,1226
9922,161
1711,4310
8596,508
578,3329
47,9557
8826,2396
7911,1937
7765,935
6634,5287
1369,6075
9490,6835
6453,2275
3768,3066
6083,3672
5634,9706
138,4232
9885,573
8976,9827
5014,539
7453,8737
3457,8424
2010,7603
1149,2865
4584,5397
9727,8510
1998,4556
1899,485
8714,226
4929,3035
9128,7051
5667,2423
8176,3426
1029,1653
7530,1717
4077,2804
4605,6459
2250,9821
2149,2542
1409,2992
5810,6328
6915,7436
3533,4286
6586,5067
1110,6883
6178,7000
5368,4539
9556,4190
2462,5165
9390,2974
175,547
286,2492
3141,4273
2221,2135
7548,5520
9480,611
4917,1718
8138,2277
4090,2916
7814,9834
7996,4476
9503,4628
1848,9436
2682,9907
3288,8059
5883,7723
885,3359
6253,4023
986,5977
1566,5787
6901,5518
102,8238
4630,9794
3256,4636
4186,8739
1472,4102
4401,5775
1965,4468
3691,9731
4664,4361
9985,8642
5250,3313
5536,8286
4957,9818
9536,4358
6817,9947
4514,7147
7534,1781
3433,8064
9345,1333
800,1167
8271,6291
7481,4434
6958,4539
6741,7508
9059,3830
3615,2821
9174,3811
162,5475
3906,7015
9147,3468
6649,3214
5818,7325
7541,3740
1778,5413
7672,7317
2576,6555
5141,4533
552,2008
5895,9166
2202,3683
255,4636
3092,360
2443,7910
3025,2387
5474,67
6223,1327
540,485
5646,7238
1950,4279
2644,7187
979,559
9614,3900
7382,8656
9633,7141
6589,2496
5103,1779
7631,9424
3749,2447
6805,7085
3248,2578
1022,9393
8191,979
1517,2855
5988,4138
574,3754
4501,6048
6662,6984
9119,7637
919,7256
5962,3198
5826,5557
2055,1497
567,6870
8389,6750
4472,9164
563,7092
7565,2391
6432,2924
6592,7477
5567,1262
3944,8520
4967,7695
8627,8195
5638,7612
1771,8977
6549,8053
5948,6226
2838,3897
8956,9922
9018,4745
8248,3848
9743,9340
3616,6728
4390,9551
2233,2085
9827,2982
3281,9959
9710,4244
2223,6660
4327,5203
2679,1583
6246,9632
7245,2858
8576,5686
9970,2888
5526,1941
4010,5652
3559,702
6766,2471
9989,5407
5628,554
8165,8902
5052,1369
6384,5059
542,864
7047,270
7071,645
2323,4546
8139,7185
2794,8645
3036,8124
2350,2133
3584,7732
3951,5152
6664,154
9585,8655
7341,6633
5208,1553
878,4436
3103,8880
5684,3322
537,3442
3014,1560
4191,9647
360,5340
6359,8153
4718,7794
7621,1980
6207,6781
780,8244
6213,6595
813,2022
8944,9669
7584,9260
138,9914
9136,8128
1397,8695
1201,8147
1553,5645
8349,8571
8954,2735
5307,2391
2749,6174
161,4896
5915,1634
5264,5951
8167,5032
1438,4789
1913,6739
1906,5306
9941,6128
8247,8837
8789,170
6307,821
2451,4150
1314,378
7411,2604
6203,6867
2669,675
7204,2677
7512,2824
2769,9748
7106,4763
8984,9825
684,1238
1072,640
6722,746
2616,5605
7065,407
4628,3563
5264,2712
3985,6576
6809,42
5194,6097
7265,7063
1859,909
5643,8674
275,4248
603,5921
9071,847
6973,6114
9904,3570
614,3884
1991,4051
3811,9939
9031,5914
6750,71
8592,5906
7119,1706
5676,3316
4974,3388
4818,7533
806,7749
5896,8383
9269,3886
8182,6337
6369,5324
2742,9476
7109,3802
3415,8979
2888,7426
6496,4485
1022,8167
9905,4803
8184,1842
5878,3696
135,6231
3093,1658
7406,5956
1334,9132
6005,582
7842,3837
5370,4519
4964,1161
6770,7448
2669,2073
7405,886
8452,6177
1463,2860
5257,5367
3690,8437
6938,1003
4097,8493
8543,8231
3336,4723
4480,564
8847,9069
9575,6294
7869,904
7296,4630
481,4409
3453,7994
2996,2677
293,2210
8074,7786
9772,2914
1144,408
7262,6935
3583,4896
8837,6488
9830,55
491,2715
54,7718
4105,9728
1262,2194
509,5502
9095,4083
8282,1768
9842,6387
2042,1020
6590,9780
7694,9144
4037,8446
2774,8377
854,4453
2667,8033
3677,8067
1130,4964
1630,1335
2972,2015
1058,7577
1024,4502
8616,6120
9962,3641
4988,5587
4660,1026
3973,272
3522,4765
2599,4188
9924,9220
185,9824
1173,454
1586,4364
2577,6420
5325,6450
1811,5688
523,2370
5963,4530
8023,5982
4639,1696
8804,2745
3865,8745
5667,817
7358,9750
3201,6693
6238,8205
2493,4453
5383,5980
9607,3285
7044,799
6228,1677
9699,7389
1662,6304
1940,5861
3449,1879
974,2753
8240,1754
2300,6772
7357,5546
1812,8325
7,3597
9271,4984
870,5783
7028,5797
4722,9234
3672,6552
1801,2234
9088,3108
4752,7528
463,5636
2289,5064
6298,5632
7730,5209
961,632
1302,8704
4200,8080
8797,5929
276,8680
615,3420
7393,5639
1477,5304
5119,548
2736,5071
174,64
1091,4701
2606,6419
8259,565
6185,6337
6896,8010
3580,1033
8003,39
1120,9210
9511,2189
743,2658
6532,8903
6706,6213
3494,5610
4256,3350
7356,7214
5728,8021
8909,9267
2071,2693
2741,5858
9245,2777
1436,3010
9442,5930
7032,9748
3710,583
3673,8795
7430,5562
7426,1371
3323,6659
8264,6813
5724,9940
1506,1884
8603,7255
7760,543
4797,5487
2472,8099
4267,2474
812,5684
2678,8816
488,4921
4488,1484
4999,7913
6613,1267
2453,2829
2639,3797
5870,6996
1257,6495
4677,1613
4291,9595
1746,3556
3317,5877
1779,3884
7,8746
6291,7205
2700,5999
3735,1083
271,4635
421,5419
7638,7811
3728,2258
4851,752
9118,3731
3386,1678
4458,5477
5084,6115
4741,1591
9553,4730
9256,4865
965,940
4020,1128
3001,923
7002,8749
3978,4906
5239,3412
6655,8875
4439,4732
6092,2310
2299,2207
9379,9635
1685,6855
7658,2373
6207,2427
5879,4163
875,7653
4744,5716
6709,1186
9328,2071
3317,7909
7916,7532
2209,1928
1523,609
4159,7376
2059,4125
7592,9835
8041,9955
2024,1785
2128,7716
1026,5508
5563,6996
3905,3230
2821,7927
8441,4454
2453,6151
5547,9286
5944,2021
2999,9915
1366,8297
476,578
6791,4184
5515,7276
2270,1362
282,3246
7363,9300
8852,6583
655,3328
6301,5230
8304,3479
4452,5752
8557,2033
4241,8931
7267,41
4525,4339
4605,3767
7953,3206
1218,827
1367,9589
9897,1411
1821,9689
1287,6537
3832,9624
6441,1596
564,443
3453,4378
2281,4589
2442,1847
4570,4322
4369,7228
6712,8545
2571,5486
6931,4848
8753,3850
5600,2858
2027,2507
485,5856
2976,5783
6673,3385
620,3916
3066,8999
5136,7762
6942,6040
5538,1901
5147,8117
8117,9922
1482,5243
8772,5619
4245,7587
8776,7817
9242,4592
9802,1469
7287,7829
2449,2627
9797,5376
9996,6851
2434,8791
8156,9701
166,5246
3209,9817
9335,2609
7957,3936
472,4148
2109,1658
1084,7509
7147,93
3368,5130
5833,6110
5463,7677
8608,896
5639,7633
3662,118
5168,2159
1110,8518
6501,3826
3073,6189
9507,3723
2787,8249
326,8705
7369,3254
5467,3032
974,4728
4448,6349
8636,9010
2776,1388
399,1025
4523,5439
5573,4361
3017,9507
2002,5577
6063,40
6416,5869
7442,2869
5300,9920
9417,5717
7916,7148
8215,1090
3236,8496
3733,8668
1751,1132
3839,38
1411,3260
3797,9614
2677,5919
4065,8967
8964,1011
6024,9925
2361,1198
6601,4708
4988,3803
7683,5940
4842,1888
4484,1077
1538,760
7115,4540
2207,1698
5903,1551
7823,3988
3832,1747
4195,4317
5451,6511
6271,6086
7940,7580
3249,8500
5260,5596
3790,6302
2361,8403
4536,6181
4196,8535
6716,2916
5382,3760
6375,4245
4796,2987
1673,7726
6234,5825
226,6742
4396,351
7352,2280
9095,1969
6555,9107
574,3344
8655,6635
3184,9334
1897,6912
8046,7418
293,7080
346,3500
3412,7068
7980,9646
2755,5884
8782,796
4086,2544
39,4842
9315,6044
2517,1929
7883,6606
675,2134
3908,6615
6298,4815
3729,8084
2516,4803
8835,6105
5963,2869
7848,9017
7616,5771
4082,8484
8,8841
451,3773
7921,8678
4,9462
5602,4040
3333,6602
7824,5217
526,7111
1181,3589
8724,3207
4810,2550
7272,8377
5326,6782
713,9681
8191,7480
5162,9000
3212,3500
5342,5745
941,4469
2927,2010
9986,7761
3757,7291
7705,5476
4420,9374
8155,7097
5863,6586
3285,1143
3721,9358
9941,9771
7098,1287
4954,5400
9646,8510
7278,4455
5561,5537
128,8844
4711,6316
2857,2616
2984,1732
9777,9189
4312,2112
1610,4273
1981,4548
6025,1561
6794,2491
4757,9105
3072,5792
2328,2366
8099,265
1522,8657
8219,7665
1885,1360
5025,8801
4108,8994
2521,4458
4716,342
3088,721
3820,8160
6938,8263
4793,2978
4398,1316
2898,5139
8222,3824
4203,4351
4190,3565
3820,6075
9573,5941
5993,2979
1601,5131
8445,3570
3749,1664
9263,988
6990,8613
8119,1739
6195,2856
9018,5653
5162,6493
8848,3686
6600,7866
1367,6575
5184,9823
8992,5579
5037,6160
2792,5946
2443,560
641,9420
5775,4796
4510,7563
7334,4353
8078,6533
4507,3658
2447,4245
3106,9434
4868,205
6946,1763
2593,7314
6688,7105
5875,1796
5670,4023
8412,1593
7602,2371
4924,4405
3483,1359
9708,4999
3854,887
2516,8659
2566,6723
7949,8216
1162,1792
5984,4125
4017,8239
6620,541
6272,8633
1255,1147
8532,7533
4604,9540
4491,7208
1971,3168
1245,9136
2478,2340
2184,2349
9103,2120
2873,2148
2279,3456
4550,3314
7273,3225
5544,6257
1325,2609
7702,2458
9537,8867
9068,5575
8490,3758
4650,5107
6392,8482
473,1265
9687,614
2985,3078
5666,4952
438,6132
7234,7362
4633,1091
8772,853
9483,990
8376,1429
4052,7928
3861,1553
49,1785
5034,2861
275,4633
3712,7966
7300,4727
3100,1393
1813,5030
8336,1928
4483,7589
8881,5266
7225,5289
9971,3206
4062,6330
9664,5212
7774,9559
4840,8936
5255,8374
385,8196
570,8492
5008,1912
577,8757
5696,313
368,2817
9167,3499
4148,7276
473,9236
4200,9912
1947,2143
4470,1896
41,2634
602,3227
748,7532
3362,8771
7923,4278
7730,9314
1162,6613
6357,3952
3576,8449
2141,908
2338,9542
8715,412
3437,2012
7546,8290
2721,9957
2470,701
2777,2
6746,8009
8854,690
9271,212
5187,1625
9104,7662
6548,1368
6210,4956
4071,2431
8754,5625
9021,4060
5502,8282
9346,4126
4149,4428
247,7787
6178,365
9553,9706
6755,9267
8331,6989
2937,7981
9862,4623
1816,3044
4080,4774
4862,189
3906,4165
1377,9310
7188,8081
6032,2394
5371,750
8411,8251
4051,9637
7359,1467
4007,8500
3033,223
3357,5986
7532,4065
287,861
5326,9736
1588,5506
1660,2454
7341,8360
8382,8462
5483,3642
2454,3967
8013,783
209,1170
1783,8280
1584,3916
5343,9781
5888,3008
8625,7588
389,3812
8675,3735
918,6670
2258,3329
9473,8348
3291,1549
1727,3917
6630,3258
9538,3278
7612,6615
5147,148
3609,3927
3209,4099
7244,1105
3004,5370
9756,5255
1639,1596
613,3809
6547,3899
992,4598
2960,5842
7968,7958
4022,7839
3961,4950
1514,3387
187,9768
141,3032
4092,1271
5918,3702
6867,6636
1456,5921
5040,1072
9158,7179
5514,4271
4026,6641
6592,7989
9677,6205
3793,5944
5416,856
1128,7345
5426,4665
7358,4392
490,2239
6499,107
2676,9303
7367,3898
1137,9754
8579,1811
1206,1093
4293,6085
1439,1574
2568,7427
3260,321
6530,3159
7385,604
4935,335
2844,7357
1706,7705
7688,798
1092,5271
3006,2698
6861,8287
7203,1527
1911,6866
5500,8016
4219,71
2613,9629
5659,9827
1330,2177
454,1335
9981,4064
5002,2165
9998,2107
1283,9104
7769,7562
4754,8400
3328,1188
1737,8111
281,4462
6226,8131
315,910
2063,6664
7234,9274
5677,9097
9938,9458
9986,2507
7880,1175
7493,5719
9899,5942
8492,5281
6753,9221
144,7929
6511,2105
8286,6574
9225,2210
5767,3626
7687,8707
1590,6382
1528,3602
3073,7658
5568,360
4889,2153
1645,7909
5548,1239
2887,1635
9066,4944
406,8117
2548,6583
702,8253
7872,9695
7285,279
9929,2938
2165,6517
2996,6203
668,6007
525,6106
4496,1158
6271,4707
5089,3198
259,3659
935,6038
4592,7793
6362,3885
2593,3325
8449,419
2052,8472
9762,8577
5742,7367
711,9366
8572,53
9858,2511
9540,2155
2407,4593
874,1407
552,8966
1998,5543
4958,5570
5011,5800
5171,6433
4907,95
8620,6080
4061,3323
2371,5268
8089,7414
4644,9418
1138,5454
8893,5244
1082,5972
2440,1709
8859,9567
8517,4961
2161,1806
9536,9740
6550,8617
178,3702
4405,3954
2260,8951
7552,7374
2030,8101
317,9434
4477,5783
9643,2395
1891,7300
275,4646
1480,6269
713,7017
5966,4932
3633,2884
9698,872
6926,6007
8910,5214
6629,2122
428,2845
6161,2835
9301,3398
8000,9639
3160,5086
5771,944
358,9562
3362,487
7705,870
4118,2431
8245,3826
592,7790
9703,9161
7742,8872
1530,3247
4078,8905
9496,22
5859,8111
6781,6301
5909,8210
4920,1942
8533,9441
5211,658
8749,4810
977,2924
4406,1766
6031,1871
4339,3727
5651,7588
1451,7294
5385,1548
2820,6341
9373,1142
7195,1654
5626,6653
8016,750
4385,993
7165,4146
6597,5377
4759,4468
4355,7746
4990,3298
5680,5215
8591,8555
7386,8509
9160,831
4752,3432
7803,3074
7421,2416
9372,1004
9776,2618
4485,6208
375,8036
4841,279
4426,1609
8772,1304
340,4221
4193,5111
9387,4134
3366,6855
1521,5511
8410,2173
307,6618
9511,9779
3422,8008
8810,4117
5618,7240
2504,1195
3615,9075
5962,1812
6828,2112
9560,5291
5542,6753
8292,6729
501,9816
3885,4374
2811,6135
981,3997
1093,4723
956,6348
1172,8692
5899,2229
8405,8956
5868,6308
4524,209
3462,4540
7440,4793
8167,3168
2783,3313
6491,7659
6754,8714
761,669
4892,5264
8780,947
3516,1736
2494,9266
3825,4934
7168,4063
1405,9768
3127,3310
8578,995
7921,3317
618,5112
1046,9003
7027,6258
4809,6435
3238,8046
5196,943
2888,2087
8819,339
4586,9630
6033,8168
6827,6115
128,7929
3694,4546
7996,1613
934,6748
1150,2561
2765,6065
3623,5793
5220,55
8258,4803
5189,7114
9132,1617
9156,4080
9103,577
6788,5288
6122,3282
9990,7006
812,4341
2315,7981
1983,3862
9435,1618
4306,933
7007,3928
2479,741
8904,5430
7467,2417
1330,3537
5803,5094
2659,7391
4420,7601
1662,5993
9611,9477
4452,8492
3179,3705
1450,7261
5636,5276
3237,598
8705,1990
2210,7122
5250,6044
850,544
6168,9375
3378,583
1727,2722
2297,5063
4933,1622
8779,7879
2073,245
7035,3793
1087,1815
5005,5110
5648,9395
8057,6911
1165,7238
9003,6113
4548,777
5415,1996
3260,1026
8937,368
8027,5194
2235,4365
9143,7302
609,4822
216,3700
9342,5280
7660,8660
7033,4893
2469,2176
7033,6431
8413,1530
13,3867
5961,2753
7257,9452
8444,3454
4075,4625
3314,4785
3756,1140
8829,8932
9122,7464
7276,408
4385,3966
9943,6804
161,8788
4600,599
2683,187
2355,2614
4526,3683
4662,3238
9438,6325
539,7576
2124,6620
4970,4092
3712,7729
123,8931
4770,7282
9002,4981
1481,1599
7283,4011
91,1809
9741,7867
3651,4038
4419,3966
2768,7453
3389,2719
8938,1386
4909,7442
6623,3479
7382,4846
7740,3448
9271,8648
9783,9017
4500,1390
1497,4358
8661,861
7161,3223
9096,2176
1603,4533
4418,5429
6376,2381
8915,4797
5071,1009
7224,3632
489,597
4121,6747
9938,2157
994,2471
308,4368
1199,1927
6725,3752
6449,6254
5744,3945
5709,2074
9281,9116
7524,8081
378,5288
4605,3974
8163,459
6190,4504
8510,9978
7897,152
3800,8867
7779,8837
7340,8779
4800,4597
977,2761
4650,7090
1652,2286
9601,2686
6928,7231
4956,421
4057,9968
1325,1566
4761,1359
5459,9693
530,6202
9977,6888
5954,2494
9052,2660
8388,4766
5913,7675
1730,9180
741,9356
200,4583
7878,4880
6101,241
3598,5268
9691,4843
8105,9960
7573,8063
6396,6066
3368,906
7389,9392
4674,5764
5057,9257
7919,2109
4528,814
5195,5158
2933,3394
6626,3513
1649,8946
5634,4950
9328,7043
2866,3660
7619,4200
9244,4928
4348,5117
4501,172
3113,7283
5934,3143
5911,2391
5715,2701
8455,3569
7905,7451
1982,3398
9172,5625
615,2987
4989,7828
8451,1511
3507,135
6705,7315
6385,6021
4152,1728
7053,7862
1472,2949
441,6876
9937,164
3186,8608
7716,6568
2166,3998
4773,1918
2643,6666
8106,7692
3274,9053
6381,6034
9298,2944
8181,9324
4616,4771
899,4513
3844,2795
8280,107
104,9158
964,563
8545,7628
9257,2936
9920,9332
4206,2236
1794,8848
160,9483
1179,6582
2658,4873
8866,6411
4053,4583
5750,9838
8994,1986
2878,7151
9700,9608
1837,5114
8292,9319
9812,6388
2204,7892
1282,7249
6396,1285
6263,8607
7739,8156
5894,8962
501,4176
6552,8845
9075,1865
7742,7146
3769,2200
2574,5206
6120,1745
9854,1100
7636,9190
447,7548
4383,241
8785,8664
3236,317
7092,6299
9472,6530
4334,9926
9067,9307
6937,8456
2997,2773
7732,7322
1387,3623
4105,6932
9080,5929
7183,5567
2856,9906
2694,776
200,6754
8191,1198
7673,4344
7502,3688
116,9201
1112,4694
1047,1742
8118,3154
9518,2896
2444,8354
492,9475
4291,8286
9560,4036
6482,1608
421,5776
2732,525
1674,203
2178,9606
7184,4874
7961,3371
5066,3293
2246,3333
3102,9373
4886,4398
273,2237
7899,6360
6482,608
4656,7174
7692,4775
2925,3947
5727,6661
3542,6765
2584,2049
1534,1333
781,7639
89,7751
6949,3724
5374,8536
1636,843
1451,3984
7428,145
4852,9806
1294,4545
5635,9890
9112,901
835,1131
1081,371
3096,1582
4968,4311
4757,335
5155,8210
3105,2783
4619,3167
9220,6931
3980,1406
427,7596
9402,4111
6123,6312
4070,1308
7890,1333
977,1923
6040,8653
2840,4671
8629,1427
2237,1506
8701,9672
8006,1793
8038,2089
8814,3020
6042,6569
5050,2936
8792,6823
614,3067
596,8444
7198,5268
4175,4755
2857,8708
225,9973
9391,2589
7875,4288
187,1765
4905,355
9563,8070
956,425
7396,9878
3350,1599
4003,4527
9030,3219
4494,6314
996,2076
521,1212
7375,8128
6229,6413
6401,4694
6403,32
148,6297
4630,6260
2509,1109
5877,2935
8551,6577
7376,3010
5883,2169
5290,2645
907,6502
2261,6127
9150,3628
3772,7257
7333,8961
1801,7424
8140,4901
215,4014
8861,2178
8673,2276
2270,3185
5721,8102
8970,7510
982,9235
9437,8810
2548,4575
7593,1955
4031,3167
7862,4594
3386,8320
3847,1400
3417,9924
55,9334
6608,6826
1185,7968
4866,9177
7967,6220
3851,3016
9595,2749
8521,2317
2385,6647
7829,1553
8789,78
288,8397
3793,9392
4840,6563
4807,7067
8042,9162
7445,3964
5137,8935
3734,3925
8748,8021
6340,2794
9630,3698
6540,8249
9871,2597
5386,2195
4480,5999
1715,171
7436,5917
4242,8634
4089,4039
5914,61
1502,8009
4362,540
5071,1483
8910,6887
5507,2190
6178,2143
263,2118
7329,4158
8171,1135
3260,7284
6314,4797
1927,5087
6551,8660
1421,5846
1570,8784
8371,5698
1946,1154
1914,4921
6893,1272
8350,1177
5339,9080
396,9054
5737,633
1648,176
6737,1261
3292,9212
7718,7615
2004,6396
9733,4181
4150,8646
3543,402
1672,3422
1075,3995
5802,6345
2832,3347
2314,1535
1784,6326
8342,3548
137,8830
6331,7635
7237,1125
2045,735
57,3976
9120,5192
5194,485
3394,4206
7067,2625
5307,3445
3899,2471
3149,3646
940,2544
8998,5549
1598,8156
20,7756
6554,1787
1016,6347
139,1755
4963,7234
774,7262
4125,3302
2650,5591
4404,5651
306,5488
4753,9324
3448,2987
2343,7820
5620,6276
1685,6344
4897,2751
9723,8051
4720,2499
5321,2765
6551,4354
1778,7353
7969,7332
4927,266
5561,7263
4464,5433
3761,8949
3550,4390
604,2474
4748,8024
7116,2513
2860,8290
7653,5138
5230,6133
4945,1257
1282,7500
1261,286
1999,696
2144,3853
4220,6008
4747,8114
9947,6820
1548,3411
6006,3990
6877,6649
7665,8374
8265,5611
9119,401
2703,9209
881,9957
4767,3667
3673,1324
6353,3124
9724,7362
7061,1774
2310,1156
1428,3699
7208,3431
7942,1693
1532,7122
5949,2059
4697,9130
4927,7080
7506,3560
5809,8105
1752,9160
9214,7491
8272,3361
4263,679
2320,9004
2372,5740
5250,1299
1640,583
9147,7703
5859,4264
5013,5629
2882,2676
2648,6791
7201,1611
4408,4491
7536,2774
760,3842
2835,7199
5324,4927
3043,1676
172,1593
1714,7593
9012,3351
1148,3617
1016,3752
3432,6857
8805,3740
9134,7577
5955,8706
7027,4407
7767,5454
176,7954
2276,1494
865,3689
6353,5690
6729,2534
5718,3614
1618,3642
2480,4102
658,2373
9188,9165
5097,7698
4416,6113
4423,461
4941,7406
5755,4594
8193,677
6837,3635
8801,9177
1101,9958
5347,2647
6845,4201
9089,303
2249,9603
1209,6275
7887,4088
7410,6731
1721,2536
5818,9746
8176,9316
6074,9456
794,990
3403,4869
8292,7581
4017,5599
3274,6410
6821,5064
1843,42
5729,6960
4491,9896
1637,418
4648,7517
9542,6853
8077,223
2438,1809
1212,9683
5103,4972
6710,5601
616,3873
9279,6035
9850,9387
893,345
3788,483
6735,6476
6043,5732
3323,6380
3478,1607
9711,2361
9909,1664
5576,3387
1897,4868
8097,8190
2318,4357
8227,3245
3214,1996
9867,89
5439,9970
3162,5095
9900,2091
6070,7380
5250,6752
4845,4149
7985,1031
3993,4319
4594,2656
4239,2367
9847,5326
2418,5096
6109,3953
2133,7959
2655,5132
5325,5636
5397,4648
2324,1447
5017,7156
9930,8533
682,4631
4182,2294
7913,628
7051,2755
3057,1769
1813,4241
4020,1140
851,3333
4048,5121
2990,2707
9120,5956
4695,8039
9294,4624
1904,1551
4135,1427
6800,2179
7527,8494
8794,7138
6308,4372
359,4122
9878,590
111,7812
9843,3576
5687,457
4969,3324
3157,5173
2949,9513
4239,6871
9360,6415
7537,513
6089,9050
8637,2579
6478,1705
9020,6798
1332,2602
6499,3528
8582,6531
3217,4635
5801,2831
8852,7785
8718,2388
252,3905
7505,3581
519,2535
5759,7497
6123,2243
1972,6703
4563,5320
5362,9851
2272,8207
2750,7594
4177,9103
5588,8190
6558,6011
8602,7694
3437,7977
4994,9582
2583,7963
8249,8486
1061,1195
3853,1105
6628,4871
6972,4180
1367,1143
5383,8425
812,3703
3509,4888
6455,181
9892,2145
3130,2361
6202,2712
1318,9804
3386,9661
3787,2326
2418,4519
59,7000
816,2572
2717,7714
7333,9071
3438,9059
8514,4983
8577,907
6623,1256
1159,6382
5579,9761
8010,4919
6045,3873
7347,422
2760,1478
9195,4920
4782,5971
4495,3553
5035,7390
9068,9577
5330,8019
570,3168
5158,3832
6198,1343
7150,7615
4503,6861
7355,1089
6369,7114
6694,5565
6920,364
5234,2621
6700,467
7793,81
6115,9035
9459,7290
8437,1294
313,4773
4145,7699
5543,2497
4108,4103
5831,335
8777,3174
810,4054
4244,966
7386,3216
6473,6849
8684,4853
2178,2189
5921,6226
5709,1513
5163,757
3340,1510
4924,231
3061,3983
1385,5174
4794,8263
8766,6558
5827,4190
972,2628
9287,3167
3677,863
3706,4409
6664,3939
3056,1272
3424,4635
4064,8719
3191,5202
4035,3045
2927,8335
2636,6601
2225,8906
6786,4930
4151,7087
7432,6376
8419,9342
493,1721
5603,8989
2623,7481
4860,4731
4555,4185
7267,7105
8047,3554
4859,5335
8289,5198
7624,5023
9480,4164
9330,7698
8600,2510
8709,5046
8763,9784
2885,8681
4395,7544
991,1757
876,5716
4123,768
5014,2356
4414,3574
8784,1349
9515,6021
5672,9351
4697,4669
1359,5620
624,4754
4561,7134
5773,2119
514,4003
3333,6569
2932,7695
343,4645
3941,8559
1929,8199
7541,1453
4260,4368
7654,3677
636,1219
7292,2387
935,2412
1956,8494
8592,9949
1376,2661
7523,551
4096,621
2824,737
8605,6276
9693,1336
4174,781
8539,8676
8046,328
2619,3826
5333,8509
5857,9283
1826,7877
3862,1264
7914,5349
1092,7192
2954,1256
3467,9080
6457,4840
3633,3542
5081,473
8565,1963
348,8098
6980,7514
6754,2265
6373,3120
7713,4217
9807,3530
6974,3331
1834,4990
6327,5838
3267,7143
7043,828
4969,6528
7025,5371
9732,7548
3197,5348
1445,9792
1249,3747
3272,14
6248,4132
4279,1759
4045,2630
3576,6219
995,5199
3031,8584
6254,3324
9646,3341
3502,3043
8592,8370
8859,4407
3173,8966
8764,6343
7039,1836
5170,1620
9532,3860
8385,3244
6548,4753
895,8632
8066,2508
7653,2654
5168,5476
7043,8036
9243,4639
9119,9154
1029,4482
7341,1298
8905,5625
9419,9719
121,740
2515,1175
4611,6031
4916,1191
3282,3756
9386,4353
1009,2414
7721,5476
2090,9492
2569,1145
5309,4689
3115,8157
3788,8244
5770,5488
4179,217
6925,1656
5749,3291
7945,7970
3025,7684
6291,4551
9923,6690
9074,9783
2583,8040
3891,8005
2969,7198
5798,6191
7128,438
950,6408
8520,1277
5926,9363
5575,7001
4871,1502
6071,9269
2934,8793
5066,5302
8498,1633
7916,7705
7819,8094
7418,7036
6710,7205
272,6886
8445,2507
2960,9571
1651,7815
1167,1295
8933,3217
3449,5678
8172,2877
8565,2454
5167,9583
1683,3466
7286,570
2385,9269
9353,8201
2349,5103
4055,9496
9269,5230
962,448
4074,3179
6023,3597
8627,4784
6747,4702
9278,3308
9857,9865
6849,9139
6457,4440
4879,8484
7698,6260
4070,6344
3888,2988
9748,3668
1497,7234
9130,9531
5737,9442
745,1156
3093,9920
5065,1843
3004,8381
2313,5158
4122,9174
4832,7038
2086,8233
9362,5400
6411,8676
9230,7303
3844,6652
6612,6592
5393,3830
4756,5042
9798,3510
8529,5520
3666,5090
9925,2204
7068,4498
1022,9009
5722,8327
6950,2653
2332,293
1600,9513
8437,7182
7454,6919
6265,284
6512,5831
8626,9466
887,582
7901,7584
6503,3635
353,5577
5579,8831
8512,7842
1010,9457
6709,1586
1863,7139
813,2656
3646,8572
3107,1750
138,2442
3876,5760
2588,2348
6369,1921
8006,7354
7954,4130
7534,2194
2951,9703
7502,3760
1146,6641
1368,4601
5728,7433
5766,4276
9615,6687
8015,5828
2537,4784
3222,1766
9303,6109
13,5172
4497,5166
3239,8884
1289,4226
6058,3793
9223,2049
2323,4100
1951,5201
3988,2734
1007,3793
1048,7892
2996,4246
1927,3767
6541,9711
597,4670
9703,6759
9365,163
8023,4838
3852,3080
9862,5156
8704,628
5750,3644
8398,9325
6851,8472
1178,9779
6037,1983
9153,7735
7058,3464
9899,4102
6624,5721
2717,7095
4552,9744
3946,1516
5830,8893
3178,8376
7357,5419
3362,8078
4999,4746
8851,7105
3274,9402
6239,1069
9767,4869
6773,1153
2460,7433
2862,8584
8072,9264
5872,9315
4782,2446
960,276
5427,9607
2660,3641
5458,4251
6646,820
5167,9776
4309,9347
9433,8217
5174,3056
4888,9176
9208,6871
9445,5613
1172,2287
7465,4410
5731,6327
494,2805
969,8287
4818,3464
7264,2160
5785,3145
3312,5177
2722,8353
9993,8663
1458,2620
2179,3008
765,1052
8813,924
9699,7209
7794,5008
2054,7257
1545,4840
7306,8248
8523,4560
1814,6980
9712,448
3351,7416
418,7778
4883,4147
6147,7761
7130,964
859,400
2569,1317
2249,7396
7545,8209
4426,8926
1748,4610
5560,8825
1287,8395
2122,8028
5875,9471
6329,77
4862,3293
8178,5731
1158,2409
7287,6550
7462,8935
9216,8181
1409,8438
368,6851
3642,3095
3218,5998
5654,2249
8498,4382
7114,4995
3336,5543
910,6349
8063,8923
2067,5179
819,8639
4000,2614
1273,4872
1352,6505
1193,4786
7016,2133
4886,381
9788,8466
4254,6212
4065,4626
4844,1403
5621,4819
1755,4244
5323,7474
7573,6366
2778,1014
4138,9435
3925,6144
5308,5661
678,1213
6695,8732
9667,2933
6878,5942
674,5779
6736,9348
4057,9697
4202,3604
8238,1680
4486,8360
9245,8865
3393,619
1400,643
5081,2459
9160,4601
821,2904
9522,8903
4400,7607
8309,1305
7469,4899
5936,1552
5950,2881
1344,8826
7855,4414
7287,4797
7837,9559
8200,6640
1093,3652
783,517
6823,3059
4350,4935
7160,3549
65,780
343,5174
7795,1111
6695,726
4570,205
2155,7983
1293,8993
8705,3115
6694,9246
6389,4308
3010,7953
5990,15
5476,2097
5173,3622
2026,604
521,7056
2616,2511
1168,6399
2449,4369
1984,9813
580,1772
3372,852
8066,9258
6402,5905
2205,8168
6816,324
5180,9705
151,5135
8060,2250
3192,2888
3009,2381
1691,9701
9722,7892
3039,4227
7794,3884
7260,9955
6402,3092
3747,2002
4563,5880
4103,851
6610,1518
1941,6379
6781,8716
9182,8456
9577,6404
6069,751
1462,6014
788,7473
650,2544
3577,7129
8618,4604
4622,5412
6744,2902
406,9134
1573,4401
291,6821
823,4821
7637,3900
1206,1550
6829,1342
353,8164
7151,8221
9822,4115
8102,9254
894,6887
7441,2851
606,7301
8411,6829
8186,6904
1289,8907
3116,7671
5052,9963
9026,3520
1862,172
3966,2979
6793,8182
438,8973
8587,4646
9196,8560
8422,4826
2040,9147
4123,1990
2898,2875
4551,7024
9452,7550
6062,398
59,2607
4116,9690
6966,9219
187,4142
582,6927
5878,4962
3966,2484
539,9280
9765,2520
4039,7744
3966,4818
4924,6965
8809,7090
8630,7875
18,1083
2491,5707
870,2077
6416,3028
4310,3283
2376,9368
4645,8758
695,9976
9484,8972
6773,6317
2876,1249
4879,9516
2803,8032
6471,2565
8295,4990
8315,6713
7504,5667
7763,357
6051,9974
4948,3887
7464,5971
4786,9563
4733,4508
5842,4011
7971,682
9629,9825
1382,4254
1088,290
6763,4792
6384,8250
2225,9522
9227,1109
3658,8651
9866,3681
6179,9660
1955,4462
9135,9288
3675,9406
7842,1588
9145,9839
4009,9232
7973,3090
3559,2578
8031,23
8553,7310
1708,1207
6635,7012
426,9534
7924,5734
9205,3459
2572,4659
7427,613
127,9013
3402,8883
7225,900
5681,5784
976,181
643,2306
9730,7602
224,5341
2947,3719
4893,97
8792,6838
6060,8629
4322,7512
8631,5950
1682,5425
4742,200
8011,5039
240,3839
3894,414
2510,3050
3998,7882
282,6581
7883,2115
6726,7578
6476,7126
922,620
4061,6206
4997,2591
2265,9686
884,4903
7512,3881
4097,3627
8841,4408
9075,2773
2540,1112
3123,3610
7862,1157
8078,1345
9415,3719
4534,4865
2152,1936
1844,9883
3757,7230
9192,9297
5147,8883
5393,2177
6835,4863
9432,8291
5740,9143
1254,6187
1247,740
725,6314
5260,6426
9844,7112
3738,3475
1669,4454
5499,4792
7872,4355
6509,3707
42,4877
1117,6740
6129,3698
5255,8166
1374,4290
2424,3117
6253,8530
3732,5335
9464,9920
8371,6364
9343,9902
311,2155
4612,3565
1961,5618
8723,3096
3313,3849
9951,9513
5267,8524
6936,2556
5942,7364
5448,6750
7121,3600
7212,6353
5247,4101
9904,4463
1585,2255
131,664
8722,2675
8154,8699
3734,6115
5152,2685
4331,1756
9051,7208
4002,3792
4394,6499
7463,2059
4538,7642
8843,212
2040,9994
6675,4754
7041,7531
9321,6456
6661,8106
8768,8383
8634,4418
806,2686
620,4727
9266,7560
3490,3134
5292,7939
8028,1628
8860,2320
7432,2330
6634,4764
7572,1474
5813,3986
5262,9961
2415,2202
7416,1480
7765,8338
6071,9656
9533,6952
8682,3161
536,8193
4407,9424
2999,249
881,9659
8297,2903
9046,1154
7650,3116
1061,6748
4136,9336
2204,4539
6775,8938
5424,9477
7860,3986
5926,1600
1775,7044
9694,633
7201,6827
1183,8656
5317,4727
141,8564
7203,5188
9303,7495
3623,8857
4717,2397
3457,778
9551,7783
3301,522
8225,22
578,8225
9867,878
7104,4598
3932,3721
5346,6457
7134,260
7163,6480
2596,4074
9726,8779
1936,2635
7917,758
2178,9513
2659,1819
7323,4719
8317,721
9680,8878
6770,6821
6985,5142
36,6307
8745,8045
4735,5937
1368,959
2222,72
267,3746
3229,10000
6533,2772
7448,2999
2487,3651
675,1262
516,2153
2563,6977
1231,8211
1097,7616
4021,3004
3983,1038
2119,8714
7211,4613
2144,21
7985,8708
7093,1759
5860,55
8618,3509
6957,1873
1537,7520
4004,8137
5581,2360
8811,5246
5013,4086
155,327
6164,6501
4821,5164
157,5108
3386,4011
9099,9370
4103,5512
9574,871
5160,4548
6627,7442
4494,2552
7379,5268
1547,9038
3851,6896
6281,2988
7347,9214
5002,2254
8488,4723
7531,5344
7436,191
1890,3525
2509,4978
1974,2934
7523,6987
3741,8202
7859,6655
4672,8686
7457,3027
2907,5122
4802,9078
1793,7808
447,4749
4765,2810
4453,5980
9619,1278
6698,8622
5012,6808
9530,3938
1152,6836
7695,1714
598,1887
1327,1824
551,5722
6191,1056
5897,441
726,6700
5959,7902
8972,9096
5446,3964
5041,5715
2338,507
1418,5750
4342,4056
181,2812
1595,3414
7790,1166
8552,3765
1339,4346
6808,2445
8946,4975
2105,2759
426,4120
7056,856
8558,2130
8873,3979
3054,4716
6796,4938
2288,3642
7260,4857
9492,9910
1914,1615
9557,52
6374,2881
2570,6144
597,9085
6349,358
2478,7600
675,6589
3454,7909
26,2897
3339,826
897,4027
1382,4016
7408,1647
5177,3423
8441,7891
9680,5699
7670,2967
2581,1464
3170,3317
179,3517
7828,871
6508,2760
4805,7471
9270,6550
6499,1654
8832,6061
686,8389
5154,5968
4623,5753
5474,9790
8233,7591
2339,2343
4199,12
4728,2236
7461,175
9351,8610
4427,854
5896,7123
8244,1362
5868,5889
4317,9992
1259,3799
1480,8956
662,4750
3104,8828
5179,5161
7143,7590
6646,1534
6956,8679
3204,930
1272,6289
9635,511
3671,7672
3702,8996
8356,2922
1989,8474
6988,8121
3968,8510
8981,4678
2724,4255
5064,1547
8214,646
4345,9588
2109,3901
4375,7355
4044,1918
4159,1104
5581,3353
7355,6737
7977,3217
4056,6892
1491,3107
7397,7406
9204,6836
1271,2950
3937,7143
7785,555
874,6359
5233,4934
5916,7239
9694,6046
5429,7284
8717,7102
3223,435
3147,901
5350,7900
6085,3946
3499,5075
8459,3722
2267,5535
5267,9744
4258,248
4841,2719
4505,6626
6564,8847
6326,1232
6244,5057
9555,2663
9624,2289
7191,3713
3708,6039
5568,8075
6927,4090
8274,7227
8514,3346
8440,1681
7453,7256
3785,2600
3036,6620
4535,4857
4982,7554
5665,2317
4750,6315
6297,6397
3282,9467
3679,5992
7729,6540
9515,8016
5162,3999
3594,2257
575,2378
2496,8047
9784,5618
444,5547
4068,2022
361,4273
8874,3125
960,5921
8094,8174
6843,9225
3680,242
5589,603
382,6984
1021,8704
5817,1085
7001,1241
7125,3285
4614,749
825,9299
8158,6436
8151,4688
7923,7486
4566,9452
535,2369
6330,2734
7358,9998
6965,8521
7307,1087
6631,2782
7543,7631
9617,9624
6657,533
2552,392
9007,8415
5700,3101
9922,1575
3416,6479
9624,3812
2188,3097
7306,4752
3622,433
726,7345
4935,7925
8007,9175
3825,2547
9120,5489
6470,900
7128,604
6540,3431
8830,1865
333,5558
5966,3817
5387,791
3164,3559
7777,5425
733,9523
3668,2537
2790,6407
6424,3160
9052,3719
3631,4698
906,6154
1500,8118
6608,4847
4150,4501
8392,6126
2744,977
7621,1053
357,6924
8660,43
5865,409
4660,9996
3418,5386
2338,8946
9373,6248
9101,6164
421,6873
3849,3550
727,3569
9887,4932
505,3223
4353,4852
9448,770
4522,2167
2601,2497
1972,1284
6535,1012
4628,3522
4315,9962
9103,1111
9850,9415
3200,5073
5480,514
9906,8160
2938,569
2759,5311
5817,3409
6107,7069
4451,5197
3059,4844
6315,5738
3615,5910
5680,4902
2959,3318
6427,9419
9025,9162
6339,6491
6984,4499
4011,5305
8088,4070
5802,226
5950,5075
2315,3334
2333,799
635,8983
8835,5296
4095,1229
5642,1316
3368,5091
1434,334
3759,9249
491,1087
987,8263
3929,2349
9602,8099
6000,4706
9931,4992
231,8036
6913,363
4953,9132
7268,5458
6046,6198
2026,6460
1400,8868
9059,7199
7273,9774
3258,2834
4066,9706
9767,2687
2998,7060
5393,9796
5854,8298
9073,5159
7653,279
4034,3636
7507,4938
5444,9172
8983,9378
4959,8203
1502,3112
9397,7054
4816,5065
7840,304
9545,1790
5947,824
9589,8858
1629,6720
7733,2848
4479,4844
8446,3103
8623,8404
7168,2491
9629,1616
5860,4824
1923,9696
7951,8981
273,453
6868,9891
2166,9279
8389,3137
587,6804
4041,1222
6265,9002
9225,9881
6475,6321
8485,736
270,2080
340,6916
3508,9882
3944,797
9144,3981
4736,3951
4044,6775
8215,5089
7839,9860
5241,6006
5530,7993
4262,441
9385,4407
3119,5130
9255,6684
1614,5327
6706,5579
2850,1497
1933,8438
4183,261
7668,2662
8212,4410
3850,6648
5982,7254
543,8659
3066,1696
3421,8361
8752,5385
8658,2810
651,2453
9112,5552
5245,2927
975,4491
4543,910
9868,3017
2677,6658
3050,2576
304,4410
8495,8060
8509,6678
3770,3568
2780,2660
8328,9226
1035,90
5078,5176
5520,5519
609,6865
5397,3237
6233,8370
2110,438
8388,4789
4342,7771
5311,1519
9863,387
6191,4631
5657,4294
3669,3790
2850,4343
5279,7791
2603,6287
7052,5077
2515,6491
7944,6323
7596,340
6101,5268
9155,3127
4026,1248
8830,6209
8949,6487
238,1913
9933,7741
8580,6186
4947,8034
4336,6555
8518,4941
3620,7132
9221,4580
7847,8831
6959,4667
1925,721
6166,1558
8020,1844
1522,4669
4177,5290
9698,2731
3369,6528
5262,8243
9044,3460
9784,8784
5899,5525
9616,6118
378,870
4231,5514
9505,622
1403,379
8404,9695
7520,9004
9778,9280
3568,9040
5411,5066
394,6272
5499,3435
1414,1899
5499,8619
504,4731
7895,6297
3491,3472
6865,7328
4644,2395
4852,8491
5375,7161
9229,9586
4968,650
3300,7585
1256,6461
9000,5747
4399,9930
6584,7632
4984,4411
5055,1184
7960,7528
5495,1339
2256,8253
6733,958
4275,6954
2709,1116
3665,2712
3220,5375
2801,3011
5180,5673
6925,2824
3205,220
1111,6460
6037,2769
9690,294
6802,1465
27,1162
2655,5854
766,6243
195,1989
2245,1757
919,2371
1795,6876
2541,1273
1599,6268
8734,1837
420,2150
7100,4886
6053,6155
5686,9172
398,3920
2794,1817
4997,7542
2532,7416
9984,4501
7797,9657
9296,7173
3807,5958
9498,4617
7980,5589
8007,3464
2111,1201
4225,6553
2674,8791
2238,3306
1774,459
3257,3597
8617,2389
5899,7408
7802,9724
3801,1016
888,3548
9527,5561
8768,7783
2138,8483
3797,6646
1067,4876
1682,9417
2824,8391
6411,3651
9764,7135
7954,3563
5631,5922
2437,3424
8768,8396
9060,2317
1934,2974
9904,4197
6142,2571
3695,9819
4487,1311
5725,2272
6001,6108
1980,7561
4588,2755
3260,4045
3037,9819
6245,1944
3891,6001
3761,2175
2920,8301
6087,7249
3427,2524
4754,149
9114,9183
3536,8198
8932,2880
8406,3176
1837,8524
9025,9621
7891,9313
7255,1353
9869,8053
5468,3830
2779,4176
5136,5301
1400,9272
1654,9946
3660,9271
9376,514
3070,5467
8502,9004
631,5993
2469,5425
1073,5167
6548,9425
3391,853
2641,9483
2662,8047
9402,265
41,2386
8984,5062
722,3552
2662,9613
9132,5794
4879,6687
4526,5057
4245,1953
3314,160
7390,7503
2259,3738
3849,977
7844,9412
7183,4473
5262,7710
6068,757
6162,1499
4780,8295
5388,8266
8538,3006
3048,721
5780,625
8270,5013
3682,4600
3929,3753
5749,8487
6,1280
69,6472
6792,9104
5971,7636
2696,5925
7677,6029
9369,991
3952,6347
3450,5402
1303,5041
8676,6712
5889,7579
515,5453
7953,2551
2530,2822
575,5261
3455,2278
1164,8668
6877,1007
3778,9890
2936,1705
8874,5671
3972,2419
4311,6983
4142,4483
7616,9946
6212,5995
3532,914
5664,3611
4565,2896
5455,8396
8670,852
7585,4944
5873,5391
825,9332
3313,6918
9795,1390
6718,4646
5733,5113
3959,2654
7518,6922
6954,6669
3900,3519
7351,1385
1610,6051
9267,1897
4709,4208
5143,2752
3920,9025
4520,2054
6510,5187
1202,6325
4188,3832
5182,5773
7057,8503
5667,2628
5197,6451
824,8350
7935,6710
4280,8500
659,2346
2270,7652
7928,8181
7567,7765
2192,4510
327,9142
1392,5152
7995,3058
1943,6458
6926,8113
3548,9360
7087,5006
6768,6898
8239,5104
5810,3798
4321,2696
3329,6084
5498,7958
892,8943
520,6840
3285,9147
8143,273
2933,8383
4942,3041
921,1081
4049,5094
2393,3784
2383,7183
2713,1450
5747,1945
3033,4274
5736,2296
6007,5589
2429,452
8740,2578
3288,8317
6788,4155
4887,1724
1535,5829
4929,9671
1029,1400
5307,9489
6590,2355
1447,6332
7582,6431
7367,9883
3160,494
7983,9529
4314,2784
4360,3344
5270,8738
1585,2919
6992,7811
9024,635
4195,676
4647,6760
5439,3212
5009,8948
989,965
539,5368
7923,6695
3679,5820
4978,9662
3180,9438
1148,8250
6578,2095
5524,5363
7977,3514
6334,1815
5537,5617
2309,914
5379,7862
4571,3353
9191,8388
4187,9283
8751,951
330,8228
3521,2910
172,2487
7202,6091
8547,6055
2701,325
1747,4522
4434,7563
3632,938
5340,9700
9369,7714
7051,2183
5870,6882
896,4820
4939,431
8599,6846
2505,6842
1182,7014
9082,9387
116,8037
8947,5850
1757,9365
7350,4969
882,9741
7884,865
8421,4727
2818,392
2514,4031
9179,6780
8960,9034
899,6415
5143,3905
2659,3263
1756,9976
1536,4320
2744,7407
1070,8392
615,2997
2354,2310
5884,3732
5094,7680
1313,797
4853,5432
1579,3441
7782,683
2381,537
4453,4758
5587,1890
9100,9701
911,6152
6594,2505
657,7326
9690,3604
7374,8120
4956,3044
6963,4069
656,6234
4755,6348
1974,2087
700,1297
2339,6738
6296,7588
2774,6424
6592,1319
3705,9184
9290,4138
1955,362
7011,8501
1082,435
7415,4129
5638,4455
1181,3491
8432,2996
4752,8678
9833,3799
7800,6436
7783,1910
9912,8737
378,6713
8288,916
973,5558
4994,2562
4168,5703
8353,5881
3170,3721
3926,4710
3636,5684
8173,483
9833,8722
9228,3232
1297,2686
179,6429
6757,2923
622,2962
6965,142
5192,620
8268,7864
9738,4596
9317,3652
3729,4492
1367,8250
4862,3737
540,2749
8854,440
5135,4663
1850,6159
2644,2415
9201,2113
3313,4372
6433,6860
2106,2889
4764,7379
5291,1069
9447,9491
8974,1190
4998,5349
5452,9961
9795,3599
9888,8408
9294,6071
4807,9416
5790,1029
6612,4270
1830,3091
3024,4758
4578,6788
9806,4640
6384,958
6493,4679
1228,9061
7830,8239
2212,6069
1333,4219
1306,2220
2965,7848
1192,9666
1172,377
8429,7895
7110,7023
2470,6983
773,8869
200,748
981,3526
6217,7248
4614,7707
7614,236
9043,5493
3039,7794
71,6755
9095,6020
2479,8273
9288,6368
2922,3949
587,9337
3613,4455
9077,6002
6724,6324
4053,5241
6499,4927
3433,4301
9866,8829
7056,9054
2199,8907
9819,2352
8261,742
3101,8059
6898,5143
4562,1186
7134,4825
1979,9662
1679,8696
9447,919
1729,9992
9325,5503
8267,7023
7734,7498
5646,6528
8167,6941
1014,6341
3500,3954
8387,9240
1233,9413
7265,6078
9769,6079
8723,1441
2274,7452
8686,9208
8128,9659
4689,4213
8309,8945
4531,2090
5522,6746
1781,4441
3735,446
694,9927
6150,2780
405,2956
566,3718
1025,4122
7123,6184
1053,6728
6483,9494
5695,3114
4580,4097
4631,2078
7360,8213
381,773
3730,7282
7011,2091
7667,7605
8793,4230
221,2403
6256,3255
8689,1553
4678,5840
67,5299
7632,7875
2307,9007
758,2114
8999,4317
5815,4280
2659,270
1662,9522
1355,6965
5356,1772
8063,6934
3861,4724
8277,8970
887,3309
7573,572
740,659
1917,5923
9425,4085
9109,1485
358,1572
2349,4724
3782,2422
5074,8751
6793,6423
5119,8248
8069,4462
7680,7653
2172,8423
1362,581
3502,7202
9351,9114
7182,3287
3877,3949
9730,4163
5198,4946
2181,2660
5690,3833
903,3086
6768,5054
1988,1943
2724,2862
6769,2837
9706,3350
7650,1986
409,6665
9913,4345
8394,2046
5642,1840
1807,3460
1850,1281
1329,4163
6005,3847
2898,8753
4638,817
4210,9853
7089,5366
220,5771
2165,3190
9984,5117
1773,5753
6412,3898
1469,214
8819,5373
2234,1746
6960,1581
9850,9459
3331,9172
1467,3679
9977,4287
1647,7414
1979,8081
9397,4393
8045,6436
307,6325
9143,8125
2063,7968
2704,2122
5085,5919
997,9547
7955,8193
8986,3435
7528,5212
3783,6121
4762,9266
1284,2135
9199,8239
9327,2446
6228,5826
6458,3804
1729,6550
7394,380
8685,5739
4105,2224
1614,6790
917,4252
7096,1522
5746,5394
9527,1041
7282,6870
2344,5107
9765,9182
6897,1185
372,3928
49,2135
9638,3208
3522,6812
6662,7612
3403,1727
7356,5885
3554,4399
1127,5540
3615,3991
7148,9255
7131,2325
4760,8095
7895,6806
1281,6007
5833,1855
4203,7427
6946,986
7559,6987
1595,3691
7142,3186
5693,270
1131,5415
2991,2192
9118,9847
794,310
380,1997
681,4989
572,216
1964,8655
5645,6247
7932,2207
395,8723
8473,5121
8144,7017
462,3257
1191,3075
8390,6542
987,7345
7800,5355
2830,7657
7102,5890
1878,8361
5716,3053
6754,4885
2987,4339
5515,7121
5549,3650
6437,7532
1435,3439
7205,3671
4977,296
1644,6913
6027,4194
1057,2448
3618,5252
5228,2286
1695,8991
9743,4414
7632,8712
5455,2169
5432,9748
5536,8922
8432,3615
6800,4706
7403,2424
3385,7624
5944,173
3818,1297
944,6030
7151,343
5967,9041
5308,8186
7056,466
185,6640
2769,7844
5015,8314
9462,5144
2033,260
5529,88
2974,9048
6511,545
6162,7153
8613,9723
2884,7399
1017,6823
3914,7003
8022,2900
4401,4496
7639,9277
6313,2020
8012,6146
7741,2122
1242,8610
6720,3222
3341,4338
8915,2868
169,8524
9795,5573
3310,5111
6687,2582
3530,7391
3255,9551
408,6801
5264,4470
4694,3734
8116,2813
7764,7065
3222,3806
4888,3446
9907,2385
1695,9728
8292,9032
7934,4351
5872,4168
7862,3317
5822,3636
4182,700
2360,8423
3946,7486
6588,5422
1698,7679
2076,8560
2957,7643
4277,6107
1284,376
540,1051
659,4119
9828,5689
3298,6861
9917,7967
9586,4360
1862,8596
1298,2048
291,9656
5249,4732
9226,1165
430,1454
3879,1024
4860,3452
5615,9635
7729,4636
8449,8632
414,2011
9048,2620
8344,7834
6590,7005
1780,5141
1899,9241
2594,3985
2267,3589
9024,6786
7965,5783
5072,5926
8855,6481
1732,2402
2423,9675
4453,6119
7076,1595
3074,2160
6356,5251
8022,7002
2599,2327
6946,496
8528,1241
3370,1666
9827,9107
3116,18
9482,7056
2234,4124
9169,696
2985,9247
8146,1671
66,4395
3819,8280
1125,3993
7739,4771
7054,6641
1852,9232
8288,3164
8857,2262
9149,9288
577,8885
3896,2209
1380,7708
5489,6754
2394,9608
3615,1944
8419,8170
2125,6670
3561,5508
9691,1258
993,4144
5525,9076
1969,9724
7808,3550
8139,3270
8800,6965
4615,6527
4520,4659
1872,6303
5833,4509
3173,9062
475,3168
8783,9050
281,739
8177,6226
2582,6361
923,6574
9806,9045
4794,7872
2824,410
3242,363
5751,3279
6907,2006
9760,7915
545,2317
7461,3314
7221,2005
6240,7196
3145,9546
6300,878
6281,9079
7724,984
61,4464
5807,1002
2859,1407
7179,4851
7097,5338
6982,7320
112,1693
4644,9982
3548,5322
5019,820
4768,4729
7922,9375
4134,1565
4904,5907
1764,9830
2705,5643
2010,4348
8506,9382
7144,958
6286,4318
3933,5031
2817,2758
8634,2105
6025,3551
6900,233
5213,5975
3496,7879
246,7311
8794,9161
6898,3959
3526,9299
8759,9992
1127,7844
164,157
5253,7280
8755,15
7369,1142
843,8700
6908,8365
1730,3955
6238,4912
8144,4303
2947,4739
4638,8158
1576,9984
414,1996
8467,5859
7588,5697
4951,6830
4689,1715
3718,6938
1856,5129
2818,2363
7929,5278
7020,5310
3332,1550
6446,8289
6520,9905
3700,6863
6609,3168
916,903
1727,2168
3902,4441
379,8314
2031,860
4581,9725
7888,1646
7208,2849
6395,2649
15,9681
2317,3438
6625,5764
5831,2610
8360,5055
9903,1713
9680,235
9459,9731
2314,1966
9597,105
5888,4441
7906,3396
131,1453
7829,4051
7472,715
8265,3558
4465,7847
1427,212
5727,8984
5725,7269
8405,2751
8471,7501
7713,8961
6921,3686
1955,5682
9219,9064
3432,6912
133,6760
4976,7593
1818,5402
2459,2874
7775,5300
1266,2022
1794,4305
3938,3999
8277,287
5715,9683
6914,982
135,7510
5657,3029
9710,6152
4116,6970
2358,2579
2411,4829
7552,9892
6659,1561
4477,1379
9506,233
8424,3968
9966,748
9164,9388
1427,5028
6454,6753
5251,4352
6502,4687
9943,739
6607,501
164,65
3598,5432
7753,7287
2423,8178
3957,5364
8378,9162
3813,9527
8085,6747
9643,3478
7875,5764
7482,6440
34,5292
8318,8608
3026,5552
9592,8998
4313,6987
583,9140
4996,1345
2515,666
4936,2247
1202,4606
4615,978
989,8627
6990,9578
2829,2565
9146,1851
3599,8767
7738,1897
6759,1545
8432,4157
2816,4417
4450,7744
5473,4452
4125,4530
4060,5417
1977,6792
4352,3691
3351,1568
3566,482
1990,9250
7800,476
757,7636
4789,3852
6596,4378
9218,3983
9075,8873
722,4792
4140,4503
6374,5351
3116,3856
3880,1786
6172,8487
7105,6304
8750,839
8587,3910
9075,2853
3824,6784
2809,197
7073,5381
9250,4437
5107,9815
3391,3897
115,830
2075,84
5786,8977
9221,9919
4220,7936
7014,9642
4251,3632
1744,1805
2616,4212
5703,2601
4585,8276
4201,9295
4102,2765
7320,7932
8574,8741
7369,8881
4278,345
2581,7467
7937,948
6317,8339
9340,5934
8138,1427
9136,1728
146,3
8474,5391
8407,1024
5527,3725
9337,5657
3801,6503
5356,2693
9399,5531
8532,3796
9360,3771
3964,1920
2879,9735
7671,3807
1227,5530
2590,2728
9670,4419
3591,3792
5653,7325
5462,6368
7198,3373
8638,5365
4141,7657
2736,2163
1442,1168
2708,3687
3332,3097
4742,4359
6297,4763
6135,8600
3469,2134
9524,5741
1151,893
2308,5430
5164,8065
1306,2012
5347,2011
7514,6935
7863,4325
4409,1995
7075,5909
5662,1485
6775,8471
6980,2229
4401,8214
9937,2658
1463,3543
9841,20
6817,595
3291,1962
9012,9455
1429,9864
9592,7705
2676,1813
9034,4000
4987,9775
6590,592
8452,5179
3661,3625
5629,4445
2780,4204
2378,9072
8077,737
8793,3282
6030,8200
4082,9599
9504,1402
3484,361
7090,8715
2429,6593
3275,6574
8970,8644
4279,9860
1308,6693
8425,1811
1316,5619
7630,832
773,6679
1058,6601
5631,8764
3836,8736
1116,731
484,8519
3587,3729
3957,533
1610,2320
5102,4163
8921,4863
4210,918
2986,9710
3983,425
8316,9755
3644,1254
8358,5226
3195,9664
4824,1221
8286,896
2974,8895
6646,4603
4110,8806
7910,7580
384,3749
1766,2403
3293,9395
787,5977
3232,4620
7796,4383
3162,9705
6040,4099
9090,1294
9627,4829
2425,7600
3463,6844
3738,4626
4631,2184
5856,411
5959,1252
7795,6501
5975,5986
8682,9668
9007,7650
4388,3344
1708,9129
306,1505
2087,7498
1755,1383
7095,9923
4947,5540
4061,2103
7478,2902
1406,6275
1727,628
9806,2751
5541,7827
1462,1892
4436,886
6792,6020
3257,3057
3354,2394
7479,5288
4878,9631
3336,5753
8450,5718
4349,4642
2947,3701
262,8640
3468,2240
6525,2165
7101,3091
972,4453
1207,4156
2511,9405
2435,7843
7780,8017
9586,6408
815,8497
3887,183
9914,3895
5457,6377
1866,4639
6509,5690
5868,2035
2520,1507
142,9394
8521,2468
7595,4845
2845,9168
6158,942
2357,9316
7368,7589
6057,3445
2492,9200
6848,2901
8599,885
8743,7698
3357,112
3119,8331
5518,7476
3604,7888
9592,8768
4487,7749
7638,9503
3213,6018
9270,27
6672,7194
5465,9552
8691,7366
723,2649
9347,5422
642,8889
6857,7795
3515,7367
8429,188
3999,6775
3476,3371
6173,3137
4041,5562
2946,2033
8314,8328
4555,2538
5081,5370
3067,4183
2387,9311
9687,7120
7630,8309
6511,4133
8955,7346
760,8954
9194,6592
4276,4079
8749,7351
674,7339
9605,4568
2386,9173
8649,1124
5073,286
5973,4391
3394,6462
542,6677
8974,4633
4403,1487
274,7278
6464,1329
2759,7500
3116,5483
1327,8881
6835,9930
59,1329
7662,5090
3258,2431
1853,7435
9195,9627
2326,4549
2243,1624
4631,6250
5674,1081
4328,8814
1472,9127
3916,325
3453,3537
4374,6097
4470,3409
1385,8518
8412,5527
4375,9693
1790,1508
1643,753
8926,5781
7058,9209
1249,730
4611,6978
704,4882
752,7481
5356,8917
9700,7906
4479,1838
3420,5848
5133,7986
403,401
5032,1825
9846,6652
339,264
5830,3562
6110,3873
7051,4407
4001,9576
4789,1491
5764,3162
3758,8241
6027,4300
2204,8524
5391,6197
9762,1937
7830,5497
4390,3197
6661,2211
9997,3427
8396,5167
7939,2810
1183,9329
2167,5985
725,3029
3218,2656
9114,100
1480,9405
9823,7551
8711,7719
8977,8268
7117,226
7415,3690
8918,5743
3205,5074
2642,2087
8285,9244
7893,4021
8869,8651
4568,1245
1107,9190
2094,2541
5765,8340
6241,7326
7966,5235
4282,1062
8331,7413
6143,5182
2227,232
4534,6875
6780,753
3880,1212
203,276
6305,2350
6419,2242
6804,4351
2975,2495
8971,61
1770,3390
1260,8762
1211,1388
9608,1903
4415,9334
5901,730
9999,9384
4747,1109
2368,4772
8547,5028
2888,1658
7834,6875
2446,3962
6558,6378
1947,6643
4272,3734
3869,1079
8543,1492
6587,8749
8981,8661
7970,7474
4779,425
2237,5758
7688,8449
4483,5039
3014,6453
6347,340
8149,3710
7354,8279
1913,8178
3181,5655
6079,410
6066,2593
8269,4097
6016,8923
8055,4443
6632,3070
8125,2047
7843,3469
3154,8387
4650,2006
2855,9123
9253,3779
2662,4941
1659,7661
6939,9644
7848,2863
7708,2766
2381,7170
3962,6836
6209,1530
9007,5526
9092,940
1959,7057
612,8730
7788,4511
2057,3741
969,2385
9356,1278
3456,1914
3205,401
6967,6379
8880,734
3260,1830
2881,2237
794,3314
7727,4045
4692,2027
4348,9202
2318,4466
5973,5945
9419,2232
4196,6792
4352,8115
7619,551
695,5290
4971,6789
416,1011
5098,5113
1475,7319
4131,2150
8033,670
7903,5225
6408,1084
5410,9314
7972,4983
7961,9133
5762,3604
9743,892
4848,365
3598,2451
4929,1218
4482,8431
5852,9081
5545,3812
404,6787
9271,1809
3683,6908
7654,5570
2543,9534
8923,50
8910,7811
2724,9563
3222,8901
8589,3228
429,5077
7265,4581
2111,7908
8398,3330
6526,6864
5857,9618
260,5166
625,5907
4083,9329
2952,5019
7198,8149
3835,9093
2529,5835
506,5063
3834,4225
7075,7372
459,9916
7473,226
343,1045
4114,5746
2730,5661
7543,9544
726,8654
5716,4126
2183,6704
7495,7689
616,7253
2325,1263
9359,6290
9440,9188
5699,6938
7413,7312
8654,1480
1457,4414
8509,5128
4788,7363
4,9779
8350,5785
1038,1686
5685,1032
5235,9598
41,9248
8658,7426
7902,1669
2861,2396
6185,4775
3572,8069
8790,604
1098,2492
4630,6237
6628,9059
9478,7818
9616,7335
138,9146
5474,8266
3464,6372
2105,1854
8337,6867
9488,9007
4123,4537
7808,1550
9193,6531
2002,6886
3612,7573
2771,5549
6818,1826
1633,2121
4957,4649
6658,2988
4191,7007
6067,7325
8129,3846
3662,1988
4195,8983
2133,2914
7517,6033
26,7995
5172,4237
7553,3505
8937,4221
5485,5102
3387,1009
4983,5277
5341,2614
5950,662
1330,4700
9800,5956
772,1106
8182,8453
2340,6816
373,5790
2219,176
3793,5703
3711,9577
1124,8266
7650,8362
4332,6804
5508,5440
7467,9093
9737,7012
5560,5626
8518,1300
434,5044
9124,4572
7125,340
9446,9345
2149,9174
551,1322
2471,2215
4973,3707
48,7125
4011,9583
7428,4145
8018,3105
3136,7907
1366,9079
2596,3723
5679,2604
5640,1695
9366,72
527,6422
1680,6271
1593,2063
8023,7043
4914,7967
3923,9142
3928,3941
1511,5008
3226,8940
1016,793
3131,4413
5641,9043
5798,9021
2785,8391
524,9610
8446,5595
1816,6926
8643,5501
4692,7614
765,399
1460,353
8307,751
5920,672
7947,9969
8288,7207
1754,8219
8640,5637
531,301
3106,1445
7969,3355
3874,8953
752,680
357,4592
1237,3088
6763,7573
9005,5186
5827,4100
3299,4585
205,680
6444,1638
1947,9846
3916,2124
7393,4176
5083,7607
1436,5527
7666,425
7039,4160
9071,3459
2600,3873
3353,396
9905,2873
5821,7057
1874,4601
1782,1353
9619,3603
9915,7572
5759,6829
9891,1904
2949,706
6564,6519
5080,4550
1560,6824
9158,1251
8016,688
7318,6708
6531,2901
9434,5470
3807,9375
6388,1222
5633,3139
4885,7107
5263,5453
8081,1713
4082,7914
3854,3503
3873,5776
5499,1222
4024,6282
6108,374
8088,3539
3092,2798
8327,3390
3132,3640
1496,5888
2159,735
8310,1115
4008,2781
1002,3159
3571,2374
5565,1439
5600,9371
8775,6470
9607,2107
5765,212
7429,6908
5848,6512
3396,7394
6474,8684
3112,7706
8508,840
3414,8134
5611,1092
4207,2565
9090,3669
2154,7470
3672,851
5168,6041
6906,4157
4049,218
2099,2345
6964,507
6631,1980
7723,1701
4047,754
6741,858
5167,4955
8845,1122
6788,9122
7535,3087
4777,299
331,4671
6440,7673
2002,2335
7677,3161
6205,9607
2246,558
6206,6469
6871,9738
5710,6329
5835,2181
5829,4171
9908,5341
6056,6548
3955,4939
6460,415
6067,430
3704,5421
7520,7894
7113,1679
6533,6654
8352,2708
2547,9463
278,9392
861,5838
9999,2773
9360,9785
3804,6720
7377,7491
9130,3234
798,9089
1241,9065
390,3200
2807,7003
2308,4125
3898,1503
4343,5153
5036,2392
3405,2759
8512,222
9837,892
356,6986
2516,3409
1167,8014
1736,6736
2089,1344
4280,2505
9978,9665
6276,7463
9194,6557
5241,5716
9096,577
84,6325
3478,4868
1096,6483
9426,3700
75,4136
31,3823
4091,6531
9985,106
3373,1799
5464,832
5526,5990
7748,5467
6722,997
3895,9688
898,3357
8984,4938
8787,7806
19,2846
601,9311
6765,150
1435,486
9862,741
9143,6608
3719,5670
1638,6862
6059,4569
7354,509
5706,1034
1332,5520
2608,1023
7091,1644
3821,9055
7351,1200
2293,3194
6819,3631
6184,6712
8560,5243
971,1554
2558,5375
5397,231
1093,9368
9014,4300
170,6322
4689,7076
7310,2827
427,8423
944,8838
6844,7330
5619,4623
2866,5659
5178,2854
2164,5630
8063,6377
9668,5673
7571,754
3694,9537
8271,7290
1037,7519
4378,8456
3373,7579
4771,2267
4251,9139
3310,1871
6792,9096
8044,79
6828,5285
8610,4088
1928,2108
9180,694
132,4815
3418,9534
4662,1080
56,6598
2420,3654
332,4676
9985,2020
9017,9346
2019,8808
7936,5851
1334,8533
5190,8437
1673,1293
4048,9627
7701,8150
7706,9461
4702,4263
4184,1798
7843,7936
5524,7378
3055,9268
3878,5194
5874,1764
3474,3781
1401,6856
858,6925
4153,9708
6644,2884
5852,598
5287,2977
2450,7856
703,3450
3720,6054
3248,6927
3302,6877
7399,6497
3330,4349
3067,9469
1683,5181
9730,7865
6240,154
2657,1530
102,2211
5660,9983
4888,2260
8891,8302
1137,3293
3533,4617
4037,4959
7046,5005
485,3266
9668,8791
5633,3270
6816,9218
9976,6964
7167,9681
700,5903
120,1701
2256,13
3440,2860
4419,9404
241,8872
3686,7235
2265,9895
3305,6390
9966,7091
4212,6581
3184,9528
5201,7522
2039,4989
6823,7917
1563,5697
7392,5485
643,8532
5148,4445
7733,1039
9023,7473
8028,2560
9830,9172
4759,2694
2935,4400
317,6310
5318,2840
5407,9848
6980,1365
4486,705
8881,4475
2492,93
6978,5656
5222,1816
5438,8777
3902,2410
5154,1720
656,13
2005,8197
8874,860
2373,4304
9190,7930
6688,6593
5556,3483
2783,6676
8992,2595
4045,5060
4020,8873
9861,2579
6070,1368
5113,1363
305,4690
9039,8452
5681,8097
134,8346
4904,9756
8390,3514
526,5538
4613,754
2021,6454
8102,6802
8970,5399
9340,9675
6215,1658
8413,9570
6214,2758
5649,4864
8848,5228
4090,793
3044,3185
1757,8919
9587,7210
6510,7123
5831,1747
2970,6128
6932,7100
6510,8932
7895,3648
7925,7411
4427,7315
5070,6730
3978,135
9420,7812
2560,4891
9638,1036
2972,673
3103,2672
9888,2650
2993,6159
9159,3233
8258,5007
422,1920
1833,7229
155,3059
1450,5314
1122,3623
9884,6174
263,8062
6523,3059
9285,1251
7417,3857
6989,2564
6448,9929
4706,9985
6243,7889
4033,7471
6386,2691
8271,6216
8860,8946
3770,1587
8815,6906
2929,6316
8539,6322
7871,1376
4276,465
1443,4904
3830,8826
6171,3999
1123,3398
7167,2785
3240,5149
2522,2050
6670,8496
3826,4184
2764,4133
6249,3174
3945,2208
9164,5669
2655,971
2009,6641
3067,3634
7453,6974
5505,1085
3451,2310
8109,1483
7673,7808
3636,7719
6132,5677
9593,2922
1556,162
2459,3741
427,8573
9003,7288
2038,2599
6780,7420
3638,2693
3107,74
6392,5034
9694,6718
1408,6908
33,9595
245,7169
4283,3668
741,8118
4359,7957
2041,2987
5390,1308
9796,3343
2170,3542
3765,8532
9558,6554
2124,8191
6609,2700
2552,2222
6065,8176
334,6294
3940,7388
5031,8856
9665,8152
5233,5471
1965,1652
7781,7032
9082,3046
4760,7502
4378,3806
747,7618
5233,7512
7213,20
5320,7342
6881,2896
766,6167
7450,9415
7577,1968
8690,7657
5466,5830
3098,8844
2783,9485
4908,7980
7633,8815
9196,4111
2494,900
7501,6355
7441,9851
3008,6935
2669,6307
2791,9587
1753,8888
8023,4276
1157,5277
3660,1848
8042,8034
7878,3090
3184,8226
7601,11
6873,9596
6307,7766
2410,5708
3071,9085
8874,1926
326,3117
4915,2414
5325,5675
982,2310
2233,769
9115,7573
3527,2873
1494,3552
3320,1509
7620,6600
1114,9481
4453,5985
3714,3766
9396,4986
6228,83
2289,9597
7413,5210
5023,4500
6456,4780
7865,7686
9477,8994
864,365
808,8081
9008,8629
6565,4265
2448,8324
6553,9066
3064,9408
2427,5444
2941,2353
5874,1513
7384,2101
2688,7377
133,9865
2796,3162
3238,6587
6525,986
2487,3689
3666,1987
3437,8005
4975,1953
2504,3000
9810,2995
4136,3551
5060,5811
6171,4423
1291,7988
4436,9057
8667,8087
808,5361
380,1546
3649,3161
9479,9566
1077,8365
4091,3299
1329,1395
1532,7346
5775,3865
2123,1798
2887,1202
7920,888
2450,1998
5588,502
3929,7477
3211,5728
2124,16
6462,3598
9807,1093
3223,4369
958,3421
421,341
9841,9251
4000,3231
8122,9739
4902,5449
2795,6716
4228,3831
3845,1820
5472,8997
9164,9782
1123,2431
998,3594
6484,7484
9938,1554
9263,408
3365,4845
4165,605
4271,7610
9693,3837
1500,9362
8904,9663
6007,9441
146,7091
1257,3379
6917,7812
5807,1944
3079,6729
4537,8451
8067,6775
5423,9381
9189,6519
3550,4096
5631,3167
6848,4923
505,5184
6826,9809
4837,3292
4239,7222
3008,7138
1937,9928
5269,7879
8199,4397
8556,3346
2747,8271
7471,787
2282,7537
2044,1873
4046,3484
7495,9696
4121,8922
1767,1596
3047,6478
4785,7940
7254,3694
466,8149
3266,4559
8677,6530
8697,8492
8788,6541
4957,2802
4955,2517
8584,5338
4489,492
7113,9283
7184,5747
8428,2636
8539,1268
856,9852
1423,1500
5474,1886
8186,9219
5551,3180
2185,7561
375,7590
5493,5055
4389,7711
2493,5999
7707,3077
7711,9225
4418,1851
4495,8764
7983,7860
7626,701
3553,8430
2517,3782
2998,4441
2126,1342
9453,7155
3380,6209
7239,8305
691,5196
5367,9500
1319,7495
8344,3109
5234,7519
3886,774
1672,8127
3732,2247
2423,9946
9717,2906
8741,8904
6518,6499
2993,3451
5136,2839
1419,7084
2251,1664
6624,4583
550,7291
7374,816
8724,1935
3830,1456
5664,1481
3183,144
2129,200
9846,7664
3160,1906
2195,2469
8294,4257
2584,8237
2267,1598
2195,5264
5705,1832
7858,5797
5415,625
1046,1885
2849,5094
5455,4992
1741,2424
791,627
2792,1036
2924,6995
7391,1947
2837,3617
4074,2534
6773,8777
8226,5899
2285,3040
7763,1116
9820,1753
6269,4258
2098,965
9205,3054
7570,2901
9960,7239
86,4045
1263,4597
8988,2182
8173,5993
8301,112
8726,3559
9566,3187
8106,3185
2704,1584
6751,3345
8451,3561
1997,4242
5255,2473
3362,860
18,769
870,1258
7710,1328
5704,1434
4474,4126
2487,4464
9760,5590
1406,2871
8263,8190
87,8405
7775,7460
8912,3658
1961,4694
8394,8309
9209,5998
2926,9587
4884,361
8970,7461
179,5074
1401,8541
8970,4927
177,4036
7650,6199
1142,9147
2514,9903
844,3628
4749,5808
3913,6540
4516,2247
7049,6719
3452,3961
6507,9800
4666,272
5849,9484
5163,4342
2853,8850
3169,6765
9166,8761
9783,7512
4658,6677
7077,1642
9037,4296
9503,2025
4528,8505
7432,5310
1533,1876
420,588
1263,1406
5194,4651
8662,6899
1513,7792
7312,7101
7826,8011
1603,867
1906,5420
966,7180
5875,6242
3424,8110
4601,114
1240,3624
5127,3264
8011,1240
6404,8365
1884,3625
1576,6270
9558,7421
5536,7236
9565,4051
1217,5437
6275,7525
6313,5543
6438,609
7873,9052
4454,8786
2750,478
7253,9098
2119,5665
9511,638
5889,9439
2616,5006
5110,8604
5037,3280
6021,8711
7218,711
1250,7305
7491,3653
6414,8381
2054,8954
6961,844
5909,1368
4388,5203
7610,9093
7595,5684
4740,1948
7359,8150
6134,3552
5002,3210
8013,1806
1723,5723
866,7278
9594,7137
3750,5141
1126,8386
2074,7275
953,3285
4737,8084
525,1957
1421,4157
6439,686
9494,3876
9010,5815
9225,1492
6695,5979
4413,6540
8680,7318
8417,8443
1532,137
7473,4603
9940,7963
9180,9740
5261,1033
4446,5382
5489,8885
544,9874
5442,1580
3101,8388
6967,1917
8529,6117
8815,3374
3502,4667
7955,9747
540,4887
8167,7545
1326,7146
3263,146
4607,7684
1726,957
5834,7931
2810,1409
7513,4613
2444,2214
1158,4627
2067,1008
2189,2106
984,2744
4738,718
3803,4905
223,6733
3005,4580
870,5509
2711,8337
6309,2931
4264,131
3751,1017
3420,6790
9654,1227
823,2839
5103,7127
7169,1184
9838,3102
4155,8750
216,5539
8431,9585
6632,9167
9078,2304
8289,4335
1556,2903
3890,6283
6845,4862
7575,67
7403,3047
4012,6471
4599,7091
4652,7380
2197,7137
2216,5558
684,548
5156,9311
6610,752
4299,9730
9287,9393
7826,6300
7224,5192
7546,1056
5012,9539
7615,9085
5659,968
798,7375
2785,558
1587,5726
9506,88
8016,9734
4736,5262
9913,5604
952,4217
636,4714
3683,1243
1039,7440
184,4281
1138,6807
991,1095
8275,6283
4720,2222
4752,4564
697,9388
2983,5193
174,3976
2329,626
8811,2352
7549,1368
4165,8705
7008,3803
6207,6178
3098,9327
2761,1278
8077,148
1426,7724
7239,161
6494,3004
3958,9149
2162,5840
8619,9289
9036,3525
967,1485
7312,1133
6562,9902
2685,5419
5338,5528
3231,8570
3240,2462
6669,8425
6575,3659
610,8151
862,5844
297,9511
6181,2956
7153,4368
996,6515
1936,596
9390,3516
8420,4475
5212,538
3509,2235
4094,3350
7494,7862
2381,4591
2730,3632
4188,1887
7267,1372
2877,4438
5349,834
5360,8806
3833,3695
1285,586
4302,6057
2787,1811
6778,8348
3713,9552
7679,2582
4401,9033
2088,2748
7581,4712
9170,6967
1593,4501
360,5183
2824,1837
4486,7458
3739,494
1695,5776
7892,8321
5578,9942
7241,6645
2471,9190
9891,9540
2512,9759
8230,292
8890,6782
7323,5644
9531,8113
6601,1120
7765,7891
5219,9596
6576,6922
3338,4569
2630,761
8371,1359
3224,4433
8404,5479
2830,1963
4487,970
6956,4187
4017,9260
5152,7266
940,527
919,3906
5649,5062
5599,4350
6561,7143
6631,3454
5762,5467
259,8012
1943,1061
6220,6878
4904,6668
7700,5776
3569,4903
6375,8797
3414,7236
1021,1914
5204,7765
6332,2367
931,4296
410,9635
9432,9586
1792,3827
406,3383
4746,5710
7252,9960
8954,3872
6426,1177
237,6681
8821,6942
597,1001
3706,4594
6038,7035
8711,5427
1100,5867
5013,2141
6745,9749
5370,8737
5821,4348
2891,2802
5614,5699
1662,861
9207,7147
1245,594
3996,8026
8470,2483
8683,3748
2176,9799
5742,7961
4249,5980
7869,6203
1082,6103
9217,9162
9308,3385
4195,2445
3,4576
1939,559
5800,2598
8405,2404
1957,7610
6373,9751
2570,6714
5067,321
1676,9130
778,2872
29,5763
8402,7042
3383,8347
2773,6180
2913,8188
1351,4667
1220,6900
6078,7686
2344,6169
441,5358
6071,1047
1981,772
675,4967
4314,3765
851,2541
5293,6172
2424,9518
399,3684
8830,7836
1930,7992
4895,4656
5563,2106
2273,7139
2883,7484
1808,7385
1815,734
4918,6042
6968,2068
230,5246
7117,7347
5560,6837
1484,1481
7566,4112
71,5734
3269,6927
3747,4362
7384,5080
5300,7644
4351,1601
7861,2085
9060,3674
9523,9415
9190,8794
5977,9213
1942,1924
5974,7760
1311,1221
6010,8898
9043,5437
6208,8843
9856,456
6117,7342
9409,4216
2263,7928
753,8865
7304,1956
1306,6464
3922,301
91,105
9108,6545
4921,7020
235,303
3244,1090
1868,1757
1754,1930
9997,8424
8433,219
1555,2472
9150,5685
3062,2559
3771,2952
65,1151
1380,6768
6502,8565
4282,2540
9758,2678
8801,4538
5278,6804
9012,1504
4709,9532
6328,8425
7154,3376
686,3835
3602,1404
5042,577
4071,7207
9969,1802
2932,6792
7927,940
3588,7666
1862,8278
7867,8334
9283,6978
4837,8228
26,9715
7322,9301
641,1232
2291,9079
2634,3468
614,6830
4851,3618
7612,9348
9207,5594
2500,853
8183,1402
9537,4121
1667,5980
4990,5774
7954,2072
9218,1906
2898,5742
9631,4298
6489,8946
52,1346
5610,5284
6626,8962
755,3290
8491,7784
4898,8621
4982,7112
1288,3069
3151,5213
5142,114
1132,6778
932,1696
2075,6978
2081,6342
6726,2784
4180,2723
5785,9508
7408,9701
8666,7019
6999,2223
8342,7770
4357,6406
7101,2166
557,1913
3476,9330
3874,9419
2456,2214
5435,3839
1314,7289
1625,7150
7830,4955
1461,7703
277,2354
8146,628
8563,6735
8146,8020
1267,7067
9445,5435
8574,9859
9932,2066
1634,189
1931,9596
8999,4758
2476,8503
4909,1546
32,7275
4353,8399
5777,3890
5790,5087
884,5364
7425,5696
714,1518
2565,2081
3653,14
2028,5171
1143,3165
2047,9217
8469,9593
5020,2254
187,2078
3551,3642
3402,2065
6060,7824
7212,2777
8040,2655
2488,9962
2855,9171
8241,7247
6175,6816
4073,8099
3692,4234
5186,7180
1453,6291
421,2245
4892,2466
556,6583
9147,1180
7897,8323
5386,4402
5706,6126
8533,5991
84,6074
1545,3772
4204,3340
7927,6490
9813,9663
9505,7580
3443,8197
5554,2278
9102,7573
6090,5637
9506,214
167,5925
515,406
2687,5609
2606,9559
6506,970
1387,5143
9196,8079
8367,8922
9248,342
3405,5910
9424,8444
9580,2619
1569,3583
2436,2189
1371,7629
4034,7103
934,2584
6588,5246
4112,6569
3662,2887
6619,5693
1570,4086
276,4624
9213,6476
3981,8949
7846,5500
797,8896
1107,4082
7597,4848
2860,8656
6291,7212
2688,5799
3307,2089
9110,8942
1345,8245
2828,7954
844,9667
9419,6426
6996,8835
2524,4406
7556,877
4739,2564
747,1962
2521,9742
6012,1904
9897,2851
373,9352
3104,608
2316,7805
6567,651
7621,787
7516,5932
705,9425
1916,3161
1777,3932
8734,3628
2776,4786
5369,9971
5870,2528
5,9507
3649,7328
8543,8442
9157,8995
5590,4240
8636,5415
3650,8041
7377,1013
1828,4954
7230,8746
3512,1781
6094,6431
6440,834
9853,3431
3818,5196
9995,1396
8650,9222
5215,2615
8546,4904
1656,978
4709,8970
6911,1963
7643,8971
4056,2224
7702,9774
3144,4498
6532,3266
240,5712
9277,4717
7655,5968
1132,3332
3846,9067
9339,1514
5132,4022
4087,2658
2338,6665
6914,738
921,5054
4999,6758
607,3688
1224,958
6417,1550
7219,1702
5690,3378
8003,8992
4474,4850
2467,4463
9122,7274
7229,4114
955,8419
6241,7964
9462,348
2529,8252
7294,2020
1689,4238
842,3393
9676,7037
2414,4241
2905,8211
6625,8442
7708,4734
2970,9264
3521,6417
3539,6579
7300,3140
640,4833
9364,6953
9705,8863
6486,7725
2418,3840
1173,9654
1723,8591
1862,6063
9156,6927
4826,349
5945,4061
7661,3037
9915,9390
6188,7293
286,8091
1379,2083
4911,4101
5796,1182
6430,4486
6116,7079
8841,7270
6959,6883
2873,9606
5532,9320
357,141
2059,1225
308,1165
3450,7104
8353,3681
7255,9719
6679,8405
2240,5636
8187,3282
7190,8542
2489,4693
8768,8624
3927,7002
892,5465
1462,3322
3600,8076
6998,414
3807,2187
617,2575
9863,3724
1856,3308
5382,5013
6289,5271
4701,3001
8138,6413
7805,6767
1136,7087
814,4843
8944,5345
751,3339
806,4399
999,5200
3020,9367
2810,775
698,3191
4439,7827
9308,7748
8302,697
5681,9876
9215,5096
7439,5433
9837,8642
5108,6602
9314,6172
3112,863
9804,8446
8814,3464
7749,1575
9545,8219
1696,4944
8603,4313
7983,4539
1913,7660
5714,7112
1098,6335
1514,5699
8750,9338
8955,638
7484,3272
8720,6487
5379,9127
5672,2901
1074,1275
5230,212
1475,623
6806,2555
7057,3913
5747,8902
9659,7833
518,1973
2337,8750
5681,8384
8251,677
7274,4181
2585,8767
8347,704
9269,7021
3974,9814
7445,1610
6917,9629
4364,5638
9423,3483
7456,4811
2055,7690
6486,254
4799,4837
3993,8035
8826,1042
6858,9453
2078,8588
9474,7009
1368,4427
8290,3621
346,2674
5051,9195
559,2213
9082,5252
7312,7941
3835,8803
1823,7002
7614,4543
6031,460
1063,1988
4455,5245
3775,2486
1852,5702
1849,9091
3499,8541
2527,6516
3464,912
9370,1888
5632,5505
4176,1102
6363,5533
5927,8564
1054,6538
4632,5681
9805,6653
8271,403
285,9558
5839,5717
3590,4297
9714,7689
4280,7737
9438,7406
2101,7202
6307,4254
6828,5763
9537,4919
662,9703
9479,8340
4233,4127
38,4631
1002,2797
1172,1669
5695,3215
6364,3726
2018,9014
9218,3063
2514,3859
9492,2198
6708,8237
6844,4457
6471,9857
483,1828
5492,3734
3776,5109
8804,4347
6845,9909
9611,6496
8970,1710
9027,3630
9099,307
6308,5428
604,7617
9710,5071
2358,8624
4089,773
777,5237
5668,4845
5961,5480
9578,1327
1829,9484
9378,9988
6690,3808
3237,4537
2886,1698
9931,742
4256,4635
5182,3157
1637,282
7808,8897
5222,7409
377,6669
3277,5510
4392,4253
5286,8743
1210,9541
6139,4254
3497,2189
9351,2268
588,1053
4348,5285
9804,6955
5055,5639
9526,9822
5489,8520
4780,2029
3433,956
6967,7801
1245,2528
3943,2724
1712,3654
1850,4557
2405,5485
763,5306
9025,3179
7074,9168
8735,6490
4570,6625
8365,5501
543,2930
2339,2846
54,7656
6100,2885
2055,4431
8829,2646
4693,3847
7354,5848
782,3451
2456,334
1773,4927
7413,916
3277,661
1779,8055
952,7612
7484,673
8254,2598
8960,863
5105,1317
7529,1441
9725,9793
3807,1838
6213,7304
5768,2850
9128,6898
3495,6469
4883,4256
3557,3880
1872,9121
9501,5854
1452,4017
9969,1877
1894,5038
7547,4641
2802,7927
8222,9155
3694,2740
7610,9403
3628,2717
2237,5079
8574,7080
9015,7382
1008,945
4151,3821
1887,9352
113,6485
3752,9346
433,8000
8763,4045
3480,3126
3933,9221
9941,1920
2253,3899
656,9536
5406,1992
3599,2475
2963,974
1691,2836
5322,5943
1533,8039
9663,269
4738,8206
2481,8037
9198,4483
3217,5144
8557,3315
3302,4112
1156,3371
7870,8939
7813,7042
2783,3775
5777,4787
5676,6155
2408,7093
4275,4549
2973,8888
3619,2165
5637,6942
7162,3757
9581,6436
7756,5843
7867,4700
9361,1245
1149,4089
693,3464
9182,2661
4403,997
8023,5586
1643,6561
1266,5915
6816,7727
4121,8887
1823,4756
6893,1866
761,5246
83,4487
9665,6786
4729,5989
4353,1888
854,2589
1303,6086
863,2670
8813,9582
7701,2781
2310,9828
6604,3116
1748,1977
4567,9461
9975,1485
8015,6164
4416,6108
1682,2638
691,2664
8440,7938
7051,2174
3297,3707
2775,3000
1179,7967
3122,5662
9071,967
2657,2714
5882,9530
8469,2167
4858,6248
304,21
7294,8209
7236,380
864,6992
8631,7545
3743,8455
1539,4746
6180,1608
9290,7090
5942,7437
4102,4074
5193,276
5630,8197
6465,7067
197,6573
3861,8036
7101,7119
4431,9797
521,2048
6800,3758
7359,1035
6623,5576
4812,3528
6770,183
7698,2314
9173,8219
9101,5237
4903,4361
5939,9737
149,6945
2345,2176
8414,5771
3426,6160
4805,4787
3522,3054
4389,2734
5249,6960
4655,8
556,6828
5406,6188
7397,7890
1916,5535
6570,5202
1021,8521
3955,1676
2057,7473
1621,275
5192,7236
2436,4460
5589,8337
3381,5241
2277,884
9201,7356
4625,8253
6197,3690
4846,1660
5990,7902
7454,1308
8291,439
5392,9673
6275,1376
4098,6143
3916,5193
4870,1648
3525,5015
3635,1250
8612,5381
6722,5155
4353,9109
9977,825
1676,3991
5509,5419
426,2468
8272,3285
4858,4839
1634,5516
6389,9401
9395,3967
100,8712
9326,6293
6876,4500
2498,4793
5828,9558
1394,5279
4007,7645
3916,9170
2309,9893
4807,1963
4868,7958
8469,4720
2867,6999
3784,2022
8367,4957
9265,8597
4367,2052
1251,4967
2682,168
3814,4284
8121,3328
2072,8509
6038,9640
7726,4026
1603,1178
4136,4994
2280,2440
4274,8191
5364,3241
7110,5404
7940,2190
5759,8868
4018,63
4921,201
5141,5702
1588,9613
2214,2184
1863,10000
6003,75
8274,7078
1820,985
2651,4676
3562,9232
5546,8231
7503,3747
4000,7122
4713,9872
402,834
977,8382
3028,1903
4896,6099
9888,7121
2688,9680
7685,2172
1200,1946
860,3114
5298,2598
8838,5876
1342,256
4434,5261
7498,9831
4731,7834
1905,4648
3085,3329
143,86
1016,6126
8815,9491
1565,3004
8619,9390
5365,2550
1427,8441
7601,3706
3658,9477
7788,9206
2265,2924
7597,7507
2646,7979
2361,2506
9792,5082
5269,6919
8545,714
1129,5657
9174,6362
4159,9954
4587,4517
5195,6930
2575,603
3861,8570
9527,7274
1809,7631
287,2362
3136,590
7946,434
3455,2822
9514,6314
6045,614
3211,9150
1259,8980
298,1115
2108,7095
8564,1465
8811,1026
7737,8277
4683,3982
2495,8026
8633,4930
3874,668
5422,9554
729,4432
226,8737
4228,4827
2634,4547
5249,646
1618,7412
5294,7259
9909,8559
649,942
4633,2044
5748,1131
3048,6170
9348,7400
8232,7972
7864,2470
9228,4098
5046,5290
6612,3823
4145,7346
3616,2307
3591,7334
2690,9660
8615,4253
4304,1838
4095,4905
1113,4948
5476,7552
3535,8929
5963,9528
1010,2600
3812,1293
3646,9908
9510,706
9435,5157
9045,5251
8482,4760
7648,66
4527,2801
4119,4198
9169,5591
698,6444
9359,2429
1069,2553
9573,1753
1592,9357
7307,626
2298,6549
5175,7643
285,9054
6313,8886
5492,5137
1684,7063
2337,5039
973,1494
6132,2890
363,880
8734,1869
863,5931
7540,2857
685,9476
9262,2718
7336,9495
7247,9586
4379,6266
111,6177
2180,215
707,993
8539,804
2958,9856
8064,1040
3425,844
2355,7388
5007,3151
5549,1187
2844,2629
3324,5959
6819,5660
3371,1290
9493,5079
8879,1335
8143,6991
2558,5547
5605,9126
7387,5810
3387,6265
5468,3954
659,4913
7629,5646
2272,9606
6685,6696
169,5569
2645,9415
9609,9628
4137,4416
3443,1225
1799,2084
7586,6540
8269,8102
847,9989
6311,9671
4940,7742
213,6864
2749,9997
2331,1675
3606,7366
5299,4015
7663,4001
5037,9878
4629,6035
3334,9084
8250,9052
1958,5366
4012,2204
6771,8397
8531,1938
5300,8806
6788,4691
6288,927
7635,2163
6468,8439
5541,1732
4035,9099
1203,4328
775,1033
2666,1124
9414,4658
4800,4179
5873,7441
6193,899
7766,8195
3127,1889
133,1842
4344,2604
6527,2434
1033,1864
458,662
7457,834
1585,5456
4472,2187
4728,4308
142,3891
6798,5271
168,6755
683,3561
9380,4598
3545,3916
7230,2373
7246,8064
956,9726
2135,5309
2292,4096
705,1052
1501,7718
3729,4835
8434,3965
9764,8955
707,1588
7392,127
326,9247
8761,4466
1915,4488
8191,9869
9261,1971
9381,4645
1220,4971
845,4613
2359,5822
2478,8813
8638,4674
5895,9591
2838,9907
9278,4529
2078,4635
9905,5596
1406,652
5134,7024
760,8989
4238,4458
2342,5662
4907,707
8547,8873
8243,46
1782,7767
4501,7933
1832,4108
3272,3536
5095,3457
7834,3004
739,1820
8646,3892
8261,6798
1183,3671
6720,4873
3577,5526
4175,7739
1591,3823
1646,2203
5854,6938
9061,4159
4505,6816
8751,8008
2310,5411
4025,9611
2685,4095
5525,2204
7281,3531
7934,9641
8319,3163
9398,6832
9604,3957
7276,46
5915,2397
5129,197
6035,9952
8217,7913
3790,6618
5383,9480
8150,2596
32,5732
1643,2109
6378,958
3032,9076
5022,2784
6179,6607
1968,1910
6194,6411
8319,6426
4955,2369
9160,9996
5508,6017
2933,4714
3561,238
1875,7361
6012,2982
3793,6912
4535,5068
1028,965
413,2675
9111,4103
7150,6569
144,1568
2505,2797
1502,2500
5580,5215
9582,1922
5591,1875
1805,5110
398,3538
4696,7480
397,1549
2319,7445
8310,8990
7800,6599
2581,7581
6943,5540
5,2267
7323,6720
6492,4639
1004,8000
7265,6619
7905,3853
3886,8026
2870,1040
8912,7208
7498,4288
8251,9693
702,7653
2075,9048
6346,7720
5061,9941
5706,9993
684,3514
8517,9468
5071,7236
7470,8081
2111,4680
4595,7663
8079,4696
179,6733
1652,4517
6285,3613
5356,8316
7715,6965
4843,3998
845,442
3424,8799
7402,1739
6774,3323
6802,1575
7590,9072
5478,845
2122,3260
345,2414
8492,2340
6952,2273
5373,7005
8948,3075
8562,1899
3441,9512
7801,7476
9254,2722
4169,4368
7061,5709
1031,5600
5861,9509
5941,7847
3018,6533
8277,393
8887,4205
5451,7663
649,3295
9968,2404
5332,2806
5715,1760
4284,6915
5642,9870
6090,2933
2390,1931
8494,1364
8468,702
9507,6235
7040,5518
5854,9296
516,3605
9536,8992
2702,9855
3803,1468
7408,6862
849,4650
3313,2990
2840,4538
6065,6240
7482,7974
745,1189
9177,4356
8017,7833
2832,2395
187,8073
5524,6160
6684,7586
2233,7612
5643,2216
1361,4875
3346,2095
7791,8020
5506,8810
8794,9392
6451,6446
9773,5193
7112,5697
5515,6432
4113,6244
5744,1419
8554,6203
5890,8441
6161,6069
8662,243
2773,332
4607,8242
2377,1435
9378,2471
7048,2263
6437,7994
1539,4155
501,5602
8006,1524
1815,7853
5560,1397
6374,2254
145,2600
2491,5905
5974,530
3163,7419
2208,1202
9834,3874
7722,9046
4205,9638
9609,9785
509,3036
7334,9949
104,7381
6215,9649
3169,7791
1612,8159
7687,2375
5588,3669
2212,1594
6192,5917
8780,8711
3871,651
2645,4338
7401,2371
5189,9191
1912,3061
5015,7305
9535,4934
5064,3383
8670,156
9342,9257
8974,9909
9495,1133
1751,3269
5759,8344
3330,1322
5804,1739
5928,765
9716,436
1993,7064
5390,5902
3224,3694
7654,4662
211,3180
953,3386
6769,3002
2688,7424
8741,1853
3674,657
5839,6540
5858,8800
7377,4973
1936,8731
7966,3036
5371,9037
3486,5959
4556,4381
7167,2521
9934,9078
3462,65
9633,1300
3283,1518
9661,2344
6002,5769
5604,6168
9902,1039
2032,1702
9792,7818
8460,6107
7221,3147
7375,5264
7597,9590
9026,6825
3200,793
3843,3567
2843,3914
2690,7240
776,6013
6345,724
9516,6271
1640,9383
9353,9841
7326,5198
8644,6836
1684,3504
865,3374
3891,1011
5162,6279
4118,1127
1390,3299
9610,5283
5207,2731
8097,2538
5796,234
4998,9273
6756,4721
5515,3072
2020,71
6207,1963
2832,8833
8635,9468
3094,3098
8715,9575
9960,9183
3514,6458
4735,3353
966,9574
2653,9624
4050,5166
8091,5097
4506,1563
7953,4788
2529,7785
260,2580
1703,4050
8169,2067
4375,1061
40,7618
4156,4739
5483,9266
7491,3814
166,674
4203,3038
1713,4277
4265,3624
193,2575
8184,3885
229,3900
3614,4309
7131,9757
6426,1303
3362,2960
1674,2958
5963,7098
7592,6089
7193,6164
5444,5919
4535,4640
4733,7276
2536,5814
9385,4765
9322,6031
4677,5444
4372,9725
2726,2889
3998,2597
3773,6925
5968,634
7848,3979
9843,983
1910,5950
195,4041
4547,2905
5510,7863
2033,8023
8006,5358
8215,80
6010,589
675,2132
4291,9162
6684,8055
3010,7792
6531,9193
8375,5590
9367,5953
3380,8892
8919,8101
4175,6276
9874,1944
6631,3259
3850,2257
158,1747
9527,2404
1397,4542
4968,2752
5573,6825
7525,6692
5465,7731
384,8558
1866,6216
4553,9058
4802,2526
7473,6211
5505,5147
9846,5361
9038,2241
6093,7039
2885,9768
8157,5551
8543,9030
3368,8013
8495,3197
949,8069
6137,5921
1992,8194
717,8612
420,324
433,6752
5383,7708
6732,1153
7731,3639
7359,9372
1980,6341
4638,6016
9101,6117
6876,2280
373,3727
9317,7945
9039,7917
8884,8030
4672,7094
5317,4126
8410,6969
9365,3463
9805,6547
6773,8409
7388,8670
510,5185
3229,9590
8366,1872
362,5640
8080,8600
6437,6777
3194,8195
3673,7312
3504,3887
4187,8641
4374,7498
3583,2775
1298,966
3191,7645
9424,3209
8854,2842
2063,7347
5091,9159
6856,3149
2857,4813
4991,7339
9003,6240
1731,2893
3253,66
1423,4152
2958,645
9795,9195
9753,2001
316,6273
4058,4798
4463,2291
9925,9311
5526,9175
4243,1323
9905,9561
5550,1689
1934,1060
2924,2679
3219,4028
1080,5047
1559,651
8155,9911
4304,8231
890,1867
8056,1037
617,3097
6953,1580
4877,7169
1895,7312
655,3463
4189,8297
7517,1119
895,8407
8298,3539
1854,2052
7046,8644
427,7743
792,298
787,112
9431,8938
8344,4845
1928,7411
4656,4632
9186,3205
1302,402
2189,8383
5775,801
6185,6307
7255,9705
9451,6712
3418,2746
5426,2283
9838,2869
2344,4228
8957,2572
2612,9472
8529,4997
9212,6304
8248,8843
5847,6797
8695,3282
5057,1223
7227,5669
5336,7001
410,9005
7683,2906
8984,6399
3426,98
8726,8963
736,4038
7413,1837
4757,4627
4039,2698
8328,9443
3174,3129
6066,2351
8079,7699
4301,786
3702,168
5500,6277
2189,9944
7044,9836
511,7626
2040,700
9030,4285
898,567
6524,3160
429,5030
575,9376
4176,7489
2526,6070
5877,5678
912,5722
7319,6164
3636,8688
5065,2075
6514,1565
6596,8867
3632,9246
1321,8157
1937,453
7524,8745
3193,818
6241,6685
8587,5770
4505,8302
1571,6598
3620,9806
2127,3322
1170,483
8424,3584
2965,5440
6863,2544
2854,2530
9506,3151
1736,5321
77,3330
6986,3121
1037,4253
6101,2476
9985,1148
1045,8461
601,428
645,148
9360,423
6451,4529
9398,1067
8290,5527
4966,7142
735,2734
5751,3488
3451,948
5597,7621
4966,5938
6783,6526
8077,3239
8883,1642
8298,6387
5782,9982
2730,6386
4392,2758
4141,2915
7443,4902
7030,6595
9068,1442
3617,1611
6435,2231
6164,803
421,3396
9742,1489
449,3240
4573,9026
7415,2361
5996,7252
5483,174
5816,8318
8617,5722
6180,5660
851,7974
6675,1770
7206,1321
6498,7645
219,7062
2536,1865
3337,8083
8341,7490
8087,8497
5880,754
1807,9565
6381,3955
6638,5682
5027,1930
4504,7336
3612,417
8521,8829
7821,2560
5318,5166
9205,6199
1186,1651
4747,6745
5741,2260
3888,4616
9142,3084
8115,3930
2705,4728
2595,837
2803,4204
8127,9564
4602,2259
8585,6470
458,7984
4714,8663
4162,4806
8111,861
1485,128
1936,5801
6789,5534
5825,4008
3649,6044
7106,6414
2111,6913
9041,6286
4941,4849
384,1127
4769,9503
3664,3022
4553,6499
1708,8132
2813,7412
2499,3653
9360,178
9021,3101
8149,1474
8494,6454
5949,4839
2201,6370
3631,9721
5692,2417
1345,3333
6569,336
5907,2017
660,7502
1611,1482
8808,9580
26,9388
3893,9697
9934,1405
4500,4551
3697,4662
6363,3317
3646,9823
3323,4250
1219,6566
598,4723
2850,7836
9903,2953
5186,4556
8538,858
3827,9401
8530,2978
2319,5699
169,886
1387,2181
4234,7308
573,6670
5722,1722
5783,7321
525,5098
1105,3228
4581,551
1781,730
5302,4520
8740,2613
5300,7333
1638,2676
3598,3450
5183,8476
2500,1991
4700,6366
9619,1217
7885,7789
1153,4313
861,3370
9747,7463
3292,3310
6957,3907
3486,963
3345,8319
1019,9503
6376,6772
4839,6782
7039,7176
205,3771
5321,4953
9861,2155
7266,5177
421,7831
3171,1509
9475,5108
9057,4516
9752,4640
8720,968
8895,5962
8422,3780
6429,4510
3210,1403
5723,7933
1098,9472
7215,8533
2780,208
1865,3506
3900,7432
8249,3360
517,9971
7741,3788
9339,5428
9496,3030
5956,5453
7791,7845
4887,8634
8701,9319
3884,5149
2022,2211
435,4983
8552,5726
4561,1599
1421,5574
3701,2546
3085,9662
2681,2743
2641,22
1940,7069
7634,7925
2588,1172
3088,4550
9289,693
7006,5374
6660,8239
8091,7862
6974,1807
252,1432
5485,7387
5444,4362
9105,9595
6901,5362
4501,8436
9904,7813
4161,8787
8601,4593
2285,5250
2310,8931
5071,7034
3462,6821
8245,821
6030,1048
9854,5038
1710,2938
4355,9432
1315,4291
1220,3399
5542,6386
7212,8319
9233,6367
1958,9272
545,7133
4297,426
9014,1950
2527,3611
72,6274
3220,9170
452,9230
8793,1527
6852,8661
2247,9417
3757,1606
8289,619
7282,1745
9811,6092
7717,6087
359,8273
6718,7213
6822,722
1524,60
1099,8766
3416,4265
3603,8891
8593,2476
2673,414
1889,4607
2622,6771
4407,8405
2957,5242
862,2996
6877,3806
7635,7888
5559,6867
8020,5510
391,8891
3379,2226
6120,4325
1609,6109
4984,6372
2312,8870
2363,8535
1881,9963
8171,2810
6836,9941
5564,8936
5886,3902
3054,3178
1629,224
4044,7985
6071,4155
1617,4540
7448,3826
1546,8838
7121,3282
214,2640
9086,6912
9706,3350
7536,7326
5026,7521
7913,650
962,8089
7159,5524
1290,340
4151,9417
2312,3615
2155,5664
3447,375
2694,1153
1589,8405
6323,5981
9538,2644
294,8366
1684,9936
810,3019
9928,8797
6378,7912
6770,7473
6795,6920
6790,4095
2870,9728
6336,1441
9268,8282
7405,6417
1905,7250
3884,5988
4083,8305
4639,6115
8500,4451
5211,2664
4395,8391
1231,4433
2346,3731
2322,7076
2160,465
2021,5856
3757,7417
9047,5451
4630,508
2471,1405
6543,1179
3316,1032
629,9090
8305,1155
270,2485
8996,6481
823,2149
5581,1987
4029,1438
7412,4487
7928,6288
9195,3082
6017,5481
3779,4913
9893,283
3114,400
9841,6735
8321,5798
5085,6437
9772,7509
2437,6807
7795,3825
3826,8137
3830,453
2552,4783
1613,4220
7624,524
1228,7106
7174,2513
6678,5688
8165,8762
4089,398
6222,4593
1495,6464
9519,5054
9333,2576
5808,7452
9259,2764
944,632
860,6283
5055,5688
6096,8009
3749,6326
6397,1756
5167,2120
613,723
9546,9694
8856,7674
2471,2151
7145,6492
735,943
4975,2630
5008,281
4946,84
3926,3189
3717,6506
1301,2639
6147,145
3857,2212
529,8124
6145,7393
6979,5590
2664,4202
3819,8553
9827,7603
2333,7453
5969,8911
2878,3948
1180,9442
9322,1838
7670,3125
2692,6310
4798,3142
3352,7560
3346,6009
3965,2965
8319,6880
1014,2389
5667,8594
2663,6495
1476,3611
2149,232
105,1999
7110,1045
6,6828
5768,719
2373,4267
845,3731
8495,4114
8484,2130
539,6122
4163,7708
3277,1976
3936,2212
5792,4747
31,8960
3662,2497
3766,175
443,5509
3308,1159
7986,8329
5984,6298
1511,1564
9061,4212
4988,2696
5947,1364
4015,6522
6601,3796
8080,3919
4134,6103
9457,3512
3544,1407
2214,5498
6739,727
7451,9300
611,5843
8517,8846
37,9395
5729,8554
7775,4030
4824,394
7968,8608
5764,6350
5090,8770
1852,7735
7884,8099
1755,8941
8804,1200
911,4490
2898,6421
7662,1153
7455,1520
9986,1518
4284,9310
9861,9404
9775,8308
3912,4141
5769,2588
9405,2425
4979,4906
1524,3094
8166,1354
3762,943
1801,7705
5150,6005
2485,8124
3494,3695
341,7136
30,3823
57,5183
6808,2035
5898,7771
4559,7845
8712,9979
8701,6239
6462,9536
6541,8334
6791,4594
9243,6050
4298,7692
4871,7599
7185,2112
3336,3459
5512,5368
6141,9652
4688,6570
9007,3941
35,903
1842,1797
1378,3793
3034,7509
5497,759
2714,8820
8964,7870
9176,8377
7564,7885
7245,2987
4810,4917
5848,4320
4428,2699
4578,5552
4245,1796
6748,38
8926,9692
7380,2579
1194,8450
9511,8686
2120,116
5984,236
8577,6066
2031,5176
1794,6465
388,3183
3699,1311
2763,5770
6741,7630
1730,9433
7659,2816
7876,6841
2079,3229
6554,818
5062,531
9208,6847
8941,4426
7091,1610
5938,9826
5506,3395
224,764
1554,5325
5010,2531
2131,9350
8008,7765
3904,6945
9863,5025
6908,7746
6475,5839
1239,3093
9240,7158
4769,8299
4478,7294
8037,9762
6107,2339
5910,4479
8938,3922
4328,5883
1193,1155
8437,1543
1256,6787
6864,5742
7261,4653
9174,9222
3285,4133
9760,1697
805,8433
8357,5286
3822,3300
2173,8760
3439,8264
4288,3824
6900,9622
7740,3307
4125,6357
6678,8610
3289,7614
1784,4834
6673,4616
4520,6216
1137,8468
4121,299
4385,3591
5562,1637
1442,7519
4173,5519
8499,148
307,5768
7907,253
8834,8578
2129,9452
8712,3290
2960,7319
3081,2642
1206,8900
8596,4012
9636,6032
9861,2997
7631,2284
4243,4155
4156,2068
3769,5821
1179,765
7490,5950
4650,4091
3501,869
3131,9692
65,8852
7008,6357
5129,146
3250,1766
1952,1063
3888,3868
1432,8340
1973,5940
148,8493
7874,807
6550,3636
2539,1046
6083,8243
3886,2259
3618,22
9277,7785
8995,1490
5981,9546
3676,6374
8039,1827
2255,1917
235,3533
199,9436
6693,4115
3009,4286
4632,5659
5800,3706
150,9347
5496,4605
1698,4714
5956,2394
3228,6824
2244,7243
1371,8650
3430,2642
6106,6478
6884,9360
281,9207
2422,913
52,6590
4814,7602
688,7317
3298,1073
2161,1033
8039,7616
3642,6948
4696,9861
9564,1883
5878,3600
2015,5787
5769,9129
9950,7435
6901,182
3420,1214
9992,87
1029,6679
5855,1710
4800,1337
7385,9278
8512,7370
8579,4159
8634,4772
1250,9482
9617,680
7407,5767
6044,303
6268,2913
1481,4046
7861,8387
5786,8405
2914,7682
6350,9348
2008,5158
3083,6730
4704,3621
5335,3932
5487,2622
4886,2527
8500,2687
4254,9250
161,196
7766,9194
3281,5629
1789,8523
935,4858
4039,1360
1703,1941
2593,7960
8030,8988
2294,1709
4491,7802
9338,5602
7521,417
6067,3960
2357,6871
6312,1389
3538,2890
4562,1810
9052,8944
1695,4359
8177,9759
2053,1749
7195,5942
9939,2055
1139,3286
6867,9350
6672,6449
4428,9200
5628,5021
324,180
6903,5701
6515,413
8213,2157
4115,3625
2,3311
163,4084
1862,9623
2330,8038
9204,9927
184,1061
3324,8136
8024,4872
5200,5486
1026,1898
2452,9798
5886,2039
4974,1839
9987,214
6397,3426
845,9843
6951,7231
9708,7384
3258,9061
6777,4535
7171,5214
5444,6455
5821,9445
8520,4600
8738,1221
1264,3476
9597,7935
4243,9589
8687,1879
9771,6621
6000,4988
9844,6997
3454,7090
9807,8550
1009,2574
4790,5838
623,413
2890,9599
9482,9185
4872,8426
5879,4569
6874,1795
7051,2108
4249,2449
1742,6546
8369,5476
9953,4735
7437,6259
7851,3869
1,7938
7183,37
4486,6621
5130,3561
7471,9107
3800,7665
7931,3953
2054,8464
260,217
4018,1314
2036,9824
1806,6756
8855,4673
5796,8768
4523,2049
7891,420
867,7360
5512,5934
1228,4824
4680,1286
2551,4822
9929,5880
9173,1442
2864,7692
7313,6364
5557,8836
8326,3317
9956,1153
3201,7367
4892,1122
4786,8706
5418,2907
4012,7588
1072,1454
5532,1124
1070,3880
2998,4844
8722,7882
746,304
1932,5570
7062,4831
1578,3862
6853,6693
3027,5181
3829,9146
5679,4298
5814,2459
9171,8230
5199,739
3915,2904
4746,8277
5359,4579
4431,121
1000,8764
8527,7473
3164,3047
4007,4630
3396,1405
292,9252
3023,4204
3173,6511
8176,9147
6716,3216
4819,200
1087,5712
493,9473
7755,7567
6352,2987
3032,3969
4589,6306
2583,9079
2244,1933
1751,5317
5352,5869
1767,869
3902,8162
2967,4584
3603,4746
7831,836
4989,4407
65,5678
9978,3660
7922,6885
1013,4596
9747,3625
1847,7294
2406,8470
7017,5033
1212,9601
4120,5752
3059,8637
945,5810
2349,8026
3372,202
6940,3932
7478,885
4793,7811
1078,925
3,6044
1089,673
1413,4019
5704,1158
7792,6723
6143,3231
1064,988
249,3764
5547,8000
4815,3202
2987,6714
3183,1039
7565,1259
625,8312
8970,6003
7397,1321
8131,2776
1672,2488
9921,3589
3494,5566
8138,6786
425,1235
8048,2508
95,1589
9747,5490
9001,7156
7623,5435
3792,350
9184,3878
7811,3170
1097,4752
8699,1971
1157,3132
8671,5083
3709,6898
3891,5689
8199,3639
7691,3929
6120,7636
5518,2078
288,5014
9254,2974
1027,4705
5939,746
472,849
4655,7736
9883,7119
7196,7072
2029,7293
4570,1615
4587,3758
5157,843
5100,917
3178,6788
739,3368
6682,563
8533,3984
1000,9970
1684,192
2892,2023
9050,160
9802,7631
4753,5605
3260,7795
6287,2350
7692,9129
1488,2462
9326,6681
8155,6257
762,2442
5654,1724
5319,8057
4422,1110
8739,4773
4942,6909
6207,6106
2376,4134
7463,889
3426,2501
6160,4304
8112,8741
4218,299
1312,8692
8644,7462
762,4862
3214,7645
357,4341
7450,6403
295,6730
2492,3387
4181,1066
4641,2039
7848,8312
27,4715
4705,8707
3402,3084
3859,9187
9239,5802
6686,1126
3226,6583
636,33
3435,4515
9092,3733
4805,5318
413,9536
1622,3720
7100,3997
8852,6625
3230,1033
538,232
2801,3779
4159,3674
8428,5631
3271,8058
4479,5542
8387,3535
2118,9214
9172,6766
3239,5762
4765,3140
698,3822
8550,3360
7320,5497
9389,6876
8988,7566
7943,3974
2295,9033
9412,1663
9248,4331
5104,63
6760,8330
9557,1954
3178,8761
2366,7507
2545,5119
4407,3124
4997,406
6192,4039
1917,4770
7760,2572
4488,8459
454,7240
4743,937
8059,4606
1202,7068
9971,1132
7786,1205
1315,3973
3550,581
6572,7446
5144,2144
2245,9784
4255,3756
6103,4993
6159,3500
9713,7110
8101,6084
9788,8801
5796,9320
6105,4331
5526,9573
8791,2327
876,2620
9553,5659
2150,9382
771,1947
4654,1593
5853,9972
7758,1590
4944,9490
5122,9227
2677,1166
104,5532
6349,9815
5860,6937
4515,3931
8832,2411
4478,547
6705,385
6818,3481
1028,850
8550,2150
4311,1918
817,2124
933,1734
9886,7421
6969,7204
3518,5463
7732,1687
9756,316
2201,7375
5675,8434
4213,8274
9196,5827
540,8281
9836,6194
4158,6779
970,3995
6169,9203
1926,4693
5080,7824
6805,4712
409,7145
3169,9189
6669,6187
9374,2518
4472,9728
4759,5570
7880,7134
5302,7565
2802,7401
5746,6938
3559,3846
3859,2254
8390,5261
2993,179
7452,5913
5658,3381
7462,7520
8051,220
1047,7034
6662,8391
8165,5376
1577,1169
6125,4978
4255,5571
6663,8900
3224,758
7556,9462
2436,8819
7619,3087
5253,105
5012,8021
401,185
5940,2028
6342,3697
6230,681
1993,3108
4179,8705
2871,8291
7000,2419
9356,2762
6270,542
9490,5977
5559,5600
3073,8701
260,3773
3461,59
1252,7544
5277,504
1574,9969
9424,6056
3759,411
6938,65
2679,7240
8612,4635
6654,3108
97,4694
2957,1819
3268,1000
3910,7128
4271,1234
717,4427
7047,9453
7632,2549
8227,4454
9170,5155
6275,116
21,6373
1022,2
8469,6650
2387,861
5106,8378
3857,7771
3830,2047
3506,4838
8373,5409
3826,8980
7601,2013
5181,9460
8077,3633
5382,5415
570,8710
1157,217
7901,27
8536,1579
6193,7866
7690,3662
4793,5465
2048,5373
238,7983
5936,9671
3094,3584
6029,904
1494,8327
4205,1076
4446,2368
2555,4559
3410,5007
8968,1116
7690,6592
637,8879
6111,7196
6395,9745
309,7236
6308,9824
9432,2525
2690,2416
9871,761
6132,546
6078,766
5450,6896
1415,661
6054,2258
8704,9601
8226,6928
975,3801
9392,5780
2402,9620
5036,9034
2940,1984
2782,7816
1642,1055
3276,84
6579,3423
8364,8455
3533,4357
7991,2076
3277,3541
7786,6436
6246,8544
5493,6537
5555,410
8054,9133
2991,7654
7728,3374
9777,1073
8228,1672
3990,7224
6850,4408
6855,215
9449,5977
2489,3103
5578,5356
5555,19
5915,9560
5337,5104
3783,2700
7911,7366
6802,9629
8250,7047
5131,7153
7753,7466
6090,3942
3345,3548
5976,6351
1645,5829
1086,4252
8340,834
8358,3862
6781,84
5470,820
621,6101
523,3148
6721,6978
3897,4185
7575,9113
2769,2613
4151,480
2499,5252
8847,6863
6019,6366
1067,3676
8880,3622
6132,5010
7023,6075
3199,2604
4374,586
9590,3763
5029,5262
6628,4738
4063,726
1194,594
1733,6017
3663,4807
4148,904
6068,4118
5205,6423
1908,6721
226,7290
6746,4497
9993,5889
1870,8415
2136,1824
6024,4495
3656,3685
3045,9017
1463,9766
9030,3925
1581,8614
8405,1426
8784,6132
5443,5731
2211,3073
9773,3576
1353,5532
4717,4084
2888,4011
3053,9728
5848,1080
7926,2347
2698,7045
7222,8140
725,2990
1024,6790
6300,1178
5422,7254
3932,1997
4913,4700
1585,3341
4297,5332
6968,9439
6640,128
223,2078
48,8372
8841,3719
1397,1037
718,8435
7885,3438
2559,514
6396,6681
4486,2401
8908,8439
8235,1703
4258,6100
3988,6130
9004,5082
6356,6281
3910,2936
3044,2493
2907,8590
8416,2385
2521,8088
6872,9587
5709,4149
2006,8662
8014,7442
8943,4493
1686,9816
2786,1190
9994,9503
4270,6449
1402,5341
7489,7916
7012,1232
538,5436
8659,7731
3520,9578
9909,6576
8668,5159
3547,3010
4944,5614
6649,8934
363,9956
5165,5998
9797,8398
5484,9089
9908,8800
3256,9107
7586,2717
6830,9708
293,2416
5403,3255
9742,9126
7839,8057
2877,9781
1386,8044
6273,3917
210,7048
9614,5546
3031,637
183,3971
798,4911
4443,1634
4745,8813
8171,2304
1159,3248
5369,9949
8456,3165
8717,7992
1929,1336
9665,3441
5038,3397
2700,2633
5693,235
4108,8226
5175,7192
5788,3465
5074,3611
8565,1772
561,5282
8209,3673
5,5056
9067,469
6588,6410
3089,2390
1768,6879
7979,9630
6987,834
7222,7284
3406,4757
9129,3984
9121,4228
6057,2755
4044,7595
3512,3553
7188,1860
8216,1548
6202,3345
29,1614
8557,7522
352,6243
3376,1668
7807,4544
1910,5703
6434,4036
3785,9146
1353,8377
2522,9636
9218,1303
9122,2705
2102,9830
3063,4904
7043,8829
1051,38
6116,1916
2559,9465
5068,8290
4020,7930
9105,3500
6930,6375
5893,9787
6609,7260
8401,1009
3140,3726
1690,4151
7175,2595
2085,6750
1677,5810
4918,9152
4460,1811
6724,6626
1252,5314
6329,8025
4170,9477
3125,5829
5731,8983
8178,3790
8219,4336
9507,5386
854,5955
3765,8009
7278,4309
6183,5789
8507,3029
6582,2953
9152,9372
9281,7124
6194,721
6172,9322
9092,9225
7711,2400
4701,3866
3726,8833
3835,3387
6820,6234
3489,5002
1624,2543
3564,5961
1746,1464
883,9286
7975,9291
4796,6373
671,7879
540,876
8888,6554
9351,9850
9332,8784
1045,3669
6125,6648
8821,2832
648,7717
7387,8821
8455,350
5172,7524
5337,8994
8043,536
4652,236
7269,8450
1763,6990
214,821
2114,2045
2838,93
9334,1177
7518,2204
4642,183
7756,707
6963,9117
9095,2633
965,9178
3116,7355
4095,5760
4118,2960
4826,2894
2172,2712
5231,9566
4293,3920
4221,471
7463,6901
458,3376
9132,9555
7697,3746
6102,232
6282,1433
6377,2314
4055,3079
598,4401
5690,3781
8601,9810
1428,9414
6328,1129
6360,3994
7500,8275
8078,2028
6316,6997
3924,152
8244,4301
1679,5421
9669,8307
2911,9530
229,1243
1824,2985
8487,1817
8813,1269
8806,1697
7727,5577
7164,6011
3491,7270
7327,8576
4761,8768
3498,9571
7720,6150
1737,1039
4352,4652
333,7128
167,8054
6336,2432
3093,4324
9651,2490
4843,741
755,9571
2094,873
3723,9505
4274,9575
6914,379
929,4295
5125,7571
3579,2253
9167,5964
4551,3042
4964,6972
7719,7361
5645,9647
4201,1483
8446,4197
6410,7144
7460,6537
5382,1899
42,7887
9690,736
794,3466
6971,4868
7344,1063
5279,6401
3946,2345
936,5733
5180,3858
8545,7790
1681,5690
1729,9188
4603,5743
4541,9714
9275,5082
4746,8995
5676,6233
1168,8645
858,7743
4346,7389
7776,20
3753,1063
207,3930
7160,8695
1275,9325
6267,321
7918,1318
8849,1665
9440,5437
9880,328
8142,7720
5487,9717
359,7876
7222,6731
3430,9870
6402,4324
6666,7407
4334,7858
5153,130
9611,5789
3186,2387
3847,4623
4474,8742
3484,6968
111,1601
1551,990
8224,4807
281,4740
3101,7890
5090,1622
5619,5261
4745,6463
3216,8987
5520,1543
5460,1030
5220,3500
3064,6296
7259,5371
5113,2111
4566,843
2668,8833
5622,5927
4214,381
2778,7078
7315,4073
5526,9049
7364,5389
6368,9776
7174,6956
8004,329
2813,4986
1032,7190
9344,5598
4985,1369
7901,9749
8340,1167
1149,1008
7569,5655
3330,5148
7657,766
6605,8300
712,7112
3581,9413
2701,4700
4658,422
1439,844
8767,6049
4650,5168
7005,5434
3431,5646
6188,7148
2761,5704
3828,4498
8804,8355
1210,7513
1512,2991
2111,8207
8971,4135
1186,8519
8468,6823
5574,3357
9011,4149
7118,8576
3743,5086
4756,8289
4648,238
5241,7943
3706,1242
3623,3676
979,4974
2562,6215
6427,2990
1468,8182
4482,4827
8920,4584
4345,6341
5287,1973
6806,7207
4654,1659
6426,2740
8393,4742
2543,3707
9896,3066
4811,521
4711,7440
4226,6236
9228,1131
2632,9792
3786,7158
5571,5624
2050,7788
5790,9866
8825,6051
5562,9063
5636,6149
5296,4965
2976,3693
7762,7003
3406,459
3583,2553
6955,1684
6821,674
3966,1097
1120,3079
827,3009
4337,97
5284,1366
5546,7226
2975,9689
53,7064
6675,8803
4100,3175
9292,922
5764,9346
126,5788
5739,7902
4774,6554
2560,6323
6219,8004
1721,200
5156,9037
3103,3546
8803,6267
7967,1688
799,5069
8026,3198
5215,6313
1707,44
9138,3601
2504,1507
3740,3729
3106,5468
2875,9400
8487,740
776,9809
2887,4535
7064,6365
3971,1304
1554,3758
6897,6938
5099,6578
7708,9534
2061,9162
5065,8730
5830,6791
6964,7362
6749,6480
5161,7062
911,5473
4926,1976
1255,756
6109,7992
7773,4645
5184,3518
8613,6180
4437,178
2424,8764
7585,5659
3040,9019
401,2403
3532,6702
4107,948
5491,2139
483,2546
6998,8778
3161,4227
2830,7680
7472,6063
7637,2329
3434,5408
8512,8353
3374,5638
8729,1136
2972,2522
7292,5008
711,9965
7223,1484
2801,1788
7252,5606
6437,7346
851,2437
6365,9850
592,9066
6531,399
9685,4429
4613,8595
984,3481
386,7848
164,432
5680,1790
9413,4460
2304,6794
4317,6884
3226,8559
8436,7591
6066,3115
9564,2040
6284,5233
2690,2885
6923,3134
5584,6070
5221,6138
5616,4303
8434,6269
9979,1378
3315,8092
2688,9844
3168,6831
5840,3210
7482,4544
1173,7072
6735,9137
4755,2965
2235,202
5463,9895
2411,607
5868,6358
333,3930
1740,7800
9940,3210
4339,4217
8008,4887
4288,1932
9450,6304
9397,2450
6981,2371
6413,9989
2463,1336
6957,690
3278,6827
6995,1250
1144,469
5419,4403
339,518
7601,6087
908,5921
7776,4249
3715,3219
8041,6439
6466,8785
8047,2224
6558,7837
6383,9628
3415,7444
6782,610
9866,808
5370,506
6165,7509
9570,1056
8954,4098
2386,8033
3117,9287
2134,1798
4968,5989
1871,554
3358,5285
2724,3545
5499,5713
832,4983
5434,8953
3321,3545
7729,2260
753,4660
4135,836
9925,6449
5286,8883
3075,7194
4572,9855
568,1476
539,512
3623,2936
7679,530
5158,5408
4336,1940
7107,3658
8621,3691
1219,9692
6777,35
2299,8628
2194,852
4568,4202
5419,5933
504,3174
8956,7759
9627,4583
7488,8360
4388,3607
1756,2251
9754,9544
9375,6857
7788,6266
9476,3422
8497,8509
7636,5306
8764,4990
201,2058
7870,1424
6285,5938
7542,120
3218,106
979,4452
251,2674
219,9064
5446,4899
6100,119
6781,8468
4735,5355
3026,4773
3172,3282
7800,7996
8536,8245
3952,7402
2924,3493
4465,6728
1888,7828
4289,243
7444,2222
3760,5458
5806,130
8788,976
7463,4657
6142,4042
8928,561
2299,4246
4163,670
7175,7758
8900,9742
1884,2232
7222,175
6329,8003
8282,3632
9342,5920
2450,969
6067,7754
1139,6775
5639,3940
6537,5192
5350,2686
1316,5327
6708,2083
6512,6821
535,8738
6355,2524
4641,6967
5424,9217
410,3494
9928,4062
588,8723
8256,7561
536,8048
7421,4732
2614,8868
684,785
505,5189
8510,9978
481,5634
9953,5771
9370,9839
890,1445
5298,1261
2797,6687
9352,3189
143,130
2800,4177
4899,2866
2947,3544
5025,8277
8067,8212
1605,8369
9835,3202
8547,6358
1077,6981
1800,9812
5238,4167
9419,5898
7988,4045
9267,6685
9495,2037
1458,7794
781,9599
1551,9688
7224,4133
7057,8309
1090,7192
5703,4955
5345,7449
6085,1526
8469,5601
473,2965
9677,5870
6828,8770
4474,4250
9540,3200
5452,5065
2245,1088
2264,9775
4952,3648
1611,7483
9556,9440
4904,6996
7672,2771
3069,2447
378,9375
3460,7994
9706,5728
7509,1576
8880,9759
5353,2010
1269,4986
1497,4390
5261,6929
757,2294
2961,716
6176,8703
939,7788
8488,3964
7610,2109
2820,9559
6326,4004
7815,7748
5133,1867
2241,8266
5436,3158
276,8511
3753,6241
8771,5471
1949,3400
8407,2456
9775,7010
6171,996
5259,4123
2743,1172
6898,2509
1131,3606
9243,3850
8017,7171
8055,6473
8244,1288
5666,2714
4560,8350
7382,296
4831,7016
3257,8762
9762,5129
9910,6053
4961,5487
6601,2322
4761,7760
1124,8951
2740,3343
2591,2037
9895,3003
2396,2542
2596,6916
7096,10000
224,6891
8206,4515
5359,8246
9734,9482
827,8076
74,1817
8212,6627
2808,1284
9329,8899
2708,8272
6228,9270
4133,6537
7692,9103
2480,1406
6260,9653
5698,8108
4361,810
1366,7398
5400,876
6374,2638
3734,2103
5471,3955
7657,5828
6589,3094
1380,4323
5173,3162
3600,6000
8578,2089
8725,4165
3190,861
344,6764
6290,5202
9230,4847
9778,405
175,5630
7695,8152
5766,4556
3864,565
8948,3383
5947,2892
133,3970
1580,171
5898,4785
2296,4633
2357,5456
2580,8096
6420,3919
6702,2453
2388,7966
1541,7524
3526,5233
6613,7292
4815,6945
426,8565
7066,2255
358,5802
2424,7605
6493,5286
8184,8843
9117,9263
2801,3123
5228,3834
8140,2658
9401,5481
1246,6539
7204,504
7715,8409
3546,1008
3911,4968
2233,8885
4189,7457
610,2867
4082,6017
8460,9744
3244,8724
900,3517
5293,403
3458,4110
9619,712
7016,7476
8609,6249
3988,1700
968,3065
8388,9926
9215,9014
1657,1163
6883,944
2627,5931
1303,904
8732,2603
5612,9648
1890,8664
2443,7220
9180,7730
8895,5109
733,3112
7233,9950
9734,4476
9899,3189
934,9730
5470,7072
8589,426
6558,4800
4142,5048
1146,7983
6851,9084
7962,8882
8794,3619
450,8747
1004,9594
9907,8125
4350,1321
4289,1532
3009,3108
4271,337
1477,5369
7605,7288
8730,4215
6676,8054
6166,4012
8256,5258
2467,1896
524,9566
48,3203
3460,7354
8343,4296
9427,3317
6735,1693
5925,3993
3864,3760
7575,722
4323,5231
4267,9171
5300,3588
391,1909
2720,1131
2589,3564
6865,2914
6517,105
9048,6332
3462,5877
1601,881
7235,7921
6290,5126
1730,4327
1566,5908
8073,4188
7830,6040
8449,2677
4111,4438
9533,1314
79,827
9715,5931
6944,7854
9656,6358
215,5841
9963,8866
1230,5290
6647,2756
9245,5417
4572,5451
5704,6725
3880,2306
7490,4887
4638,4177
1119,9170
3080,3872
6854,5054
5785,9210
3494,5888
9579,1161
8896,5415
1671,9604
8290,3958
3700,7554
883,7801
2358,4009
2618,9429
3927,2136
9993,6577
8468,1133
7927,443
4270,1700
3596,2728
6817,3580
9221,1308
7441,5831
7879,8274
5263,6063
6704,3225
6684,7312
7897,5723
5989,9669
5895,1082
1212,8979
4817,809
1943,8236
3292,7989
4498,4145
3346,2751
895,5271
8370,8247
3086,3460
448,7429
2375,2758
6893,3543
9876,7841
4497,9970
9228,435
8677,7863
3674,326
1501,5621
1308,2257
3650,3972
4903,4267
4302,437
8344,7149
3264,4867
8869,1491
8160,2293
162,1279
8397,3140
4784,4105
6129,628
2064,6615
4614,9920
69,9749
7026,1606
9399,8370
461,348
7459,9958
3555,4718
6560,8883
7973,486
8444,4328
6106,5910
3733,8732
9411,8372
180,7757
2348,5987
8692,9989
5919,7226
4545,917
1714,4979
8075,1521
8336,3954
1977,1528
3750,6176
7418,4974
3491,8515
8806,1447
7490,7595
6611,6626
3429,3404
8837,1104
1767,5907
2637,9744
8435,5943
6897,2617
643,8830
7708,2931
4705,4537
5324,2978
825,3948
4746,8704
863,4350
823,6613
1101,2681
369,1318
4677,4815
1029,5687
885,5098
7438,2670
3672,4989
8011,6614
8040,9580
4175,4348
1890,8628
6562,6106
7506,6185
6261,2206
8525,5179
9379,7062
4446,9428
9587,1242
9592,7424
1225,6469
266,8009
6236,3889
688,5679
6514,8271
5558,8800
7368,8368
4504,6361
9694,9235
8692,6665
8271,4204
417,8510
238,6492
3433,3855
571,4771
1810,4917
3429,2399
1082,4471
570,1727
3056,753
4954,5416
704,5759
5322,6515
6422,5067
2468,5122
2596,9553
2011,2925
1966,7212
9228,9918
2307,9167
6224,6740
5894,7218
3230,1640
4410,8006
5373,5002
4732,9191
967,8342
3610,1693
1882,1497
4962,2175
8072,9850
4725,2085
7470,5879
2122,440
849,3133
8238,264
1012,7363
8105,6313
7558,5060
6301,3003
6825,6215
3832,4053
6205,3325
4088,5742
1611,6406
990,4887
3006,8192
315,4440
6011,205
7031,5669
5553,3231
4416,1085
2219,4403
9679,3295
9523,9800
9383,9978
5457,8106
9783,5167
2832,8223
7023,3429
3778,3501
1647,7401
5146,3607
554,1327
3191,834
5305,2969
8336,2792
5901,7043
5770,440
4316,6681
3527,2039
9164,2518
7529,3399
6622,378
2373,4434
5218,7750
8994,9940
4536,3831
2320,1875
2663,9677
6853,44
8326,7671
2354,7818
5863,158
3733,6101
9124,58
4520,8901
3345,9492
22,6978
4129,6105
7662,7146
8821,8343
7760,381
8991,2455
2276,4089
8357,9944
7994,3053
496,7988
1019,3948
4596,9537
1935,2032
4362,6422
5896,3207
1241,2583
940,4895
644,8223
5264,6538
6797,8666
5183,5598
7046,5660
4794,5852
1576,9041
3385,4202
8188,9266
7952,863
7015,4305
1964,6011
4756,2913
9517,5601
8921,2868
3358,1217
3722,1571
3695,1878
3084,7492
8548,665
6898,6619
1542,432
5540,3119
6375,4455
3918,5767
6355,7817
1173,2001
8690,4091
4195,2111
4505,5749
9043,4351
8433,8190
3289,4102
7647,2915
2104,5016
9298,6579
7015,1670
1852,3658
5422,7508
4039,8664
1226,150
4233,2766
4320,3078
8642,7012
4718,85
7218,1050
3709,4780
6616,4105
867,5213
2485,2276
9893,5851
7742,5792
25,8482
6112,2638
5753,8261
9678,7809
6548,3187
9286,7073
4574,5332
9202,634
8872,5589
4459,4401
5530,3550
4311,7317
6845,1421
2035,7054
4453,2993
9596,1300
4427,996
2374,814
3577,3701
9904,4646
8015,1058
2223,5846
6482,6319
9718,8817
3652,4261
5287,3008
4543,282
8612,1495
3690,3496
5838,4100
1054,7853
3359,6003
2563,831
8819,4145
6211,8377
9904,1499
9616,2999
8806,5473
3953,8410
8833,6797
5943,3832
3244,2730
6990,7091
2064,9843
4496,8260
1323,7210
8371,2084
1291,4673
2755,1959
8489,8200
5690,9733
4930,7940
1339,7478
4096,3144
5326,2778
7272,6066
3301,8930
8109,5220
3469,1406
3762,7854
3009,6292
6508,7205
6873,4650
405,3490
3935,6432
1645,8969
2418,4605
6443,6964
8195,356
2594,6524
9453,6834
8847,5156
2466,9735
7134,1553
9072,1535
3163,3018
6162,3484
5750,7416
4531,4210
6113,8538
109,4190
515,4712
6319,6420
7183,7281
9006,5347
5166,6115
4738,2487
9496,166
513,9148
3106,4998
8297,9257
1058,9676
919,9328
6014,9367
53,3233
2242,9164
9871,3926
2480,7863
7318,3294
6305,701
1230,7417
6346,4112
6610,8797
6442,254
7511,2995
6479,2038
7374,3281
6089,695
787,933
4422,5751
2755,5530
4653,5710
362,6266
1062,7053
6842,7649
7222,9981
7448,1993
9480,7960
528,2616
1719,158
1560,8754
6088,5365
2290,9723
1124,4289
8540,7421
6212,9004
3345,2819
5685,7634
7218,9904
2778,5515
3247,6719
3489,9062
6943,9000
7534,8398
6256,107
291,6747
1944,9068
6641,3240
9770,6155
7896,8605
4948,1822
5034,2585
6068,4702
8686,9533
6123,2491
1665,567
5562,3773
4823,4826
6233,9064
7278,8678
9431,7066
4563,7194
1835,2965
6686,819
2888,1860
5129,4158
80,3339
9886,7986
9872,3087
4190,3091
4136,6623
5197,2181
6558,7390
2923,6542
7400,894
7374,37
8039,7419
5099,1165
1812,6337
6051,5144
2466,9770
2234,7690
611,5352
3571,7019
4583,5563
3462,568
7087,6816
6004,7208
8735,1447
6482,7766
1729,831
6064,1983
791,2400
4094,5465
3880,7412
9172,9405
1340,19
5551,7507
2403,6505
6844,2665
4351,3206
2893,4224
9442,8739
8616,3524
5041,3292
6127,5109
3032,4510
1946,3430
3912,7790
720,9170
6299,2435
3429,8966
2392,8001
9213,2958
8274,6579
5855,4256
7723,7220
3733,3503
8485,7802
255,6301
2505,8848
8423,2993
3441,6111
1647,2177
1855,1960
854,3915
2561,7152
5130,1254
7836,6760
2328,8096
917,9096
2687,7571
2543,136
98,6521
7326,8123
2059,8664
9786,9560
6157,3501
5375,7014
5043,3585
7121,6435
5028,9146
9293,8641
3207,8369
4955,1054
9715,1355
9248,606
8127,6566
7231,8551
5977,4722
4911,2601
8002,825
1160,2744
518,5868
9495,9335
1977,5596
466,3619
4541,1698
5733,1049
9744,7067
6618,3157
8147,9428
5430,216
373,6366
4304,3125
4957,9005
8526,7960
4247,5491
8072,3651
9557,2836
3421,3335
167,9429
4820,3515
9318,342
6459,732
6330,5242
1083,3873
6139,7023
7917,2282
4068,8830
2981,2821
9907,2800
3293,1852
1597,7162
893,6478
4767,5815
2917,5240
16,6609
4877,1136
9458,8188
6772,7198
9943,2943
1988,824
1008,943
695,168
7168,2906
4851,4652
4431,3773
4160,6681
7578,5939
5291,5197
3128,1386
883,8944
2504,6147
6992,9254
5702,2870
4035,9796
3852,1792
2216,44
421,3706
8553,6806
7197,4983
2397,1309
3460,730
4893,6436
657,4145
822,5219
9155,5666
9882,3522
8451,880
2737,4672
2773,5546
9774,4672
2509,688
652,5809
3103,7699
5847,2809
734,2136
1398,3229
86,1849
6838,9295
2214,3128
3187,7589
8644,1073
3423,4626
6388,4779
6421,7955
5284,5786
8679,312
4159,4500
4579,2012
2961,3597
9396,6659
8777,8082
789,8800
7882,1759
112,544
2540,989
4933,2118
5249,7196
6054,8996
5329,1304
7327,323
6390,3387
9315,9695
4868,5407
7793,4337
6144,9198
2181,8938
5201,2968
843,6985
4996,7248
1855,5850
4585,6708
4544,4124
6859,4998
5987,3788
4509,6380
7555,4003
80,9857
4437,9145
6497,2629
8826,4116
575,3448
3998,4033
6634,2222
8958,6334
8199,1680
6903,2961
5376,863
3032,1737
2120,7829
6537,4431
6012,2282
8357,2456
2437,5872
8419,4746
5147,347
8531,2984
4771,2784
899,3180
1784,5593
4577,992
6952,1011
5531,5529
3301,6276
1490,6001
1340,3068
8205,2704
7202,6279
8298,2293
3018,3819
6175,2742
7316,5765
6015,7330
8192,1595
1720,2287
3935,3485
9000,7574
2826,2844
912,4663
6716,1591
5457,7081
9290,3407
9571,6178
6979,9238
37,4128
3315,9960
5550,3858
5601,2661
5698,3542
2760,7003
1632,8255
9379,4300
696,4562
3538,1681
6346,3293
2185,7611
122,7589
9703,9457
1663,9643
8068,9931
7994,7819
8035,1674
6612,4304
9271,4146
16,5879
2274,4005
2656,3854
2536,972
2788,7033
4099,3685
1261,6513
9328,6452
447,6745
710,2119
4661,1534
551,6475
6398,7594
6302,9860
8997,8006
856,2781
2302,2314
6496,9516
1196,1922
7955,1201
6992,9454
818,6571
1580,7558
8949,8039
6038,4360
7516,2758
5368,5056
9553,2649
100,8866
9193,5356
1572,5511
2090,1676
9903,9346
6103,4070
2664,4462
7238,6878
3249,1910
1474,9145
8861,8688
6140,7655
8786,2823
3180,5584
2557,8899
6870,7706
7536,2087
5432,7924
4742,6823
1392,2946
3832,1268
8410,3238
3944,7542
7318,9927
8634,5349
8344,3121
7442,547
57,1657
9976,2681
9467,3514
3896,8061
1338,2817
1990,4781
718,4673
9663,5515
6109,8084
2299,2868
9613,479
5647,974
951,6513
4671,3902
9287,1080
5776,3716
6096,3424
2058,4339
3917,3528
4397,1553
9505,3842
3115,3319
6976,9159
9027,8517
5367,8405
5246,1990
8630,7831
450,1083
446,7535
276,5286
7908,6578
8474,3205
8389,5584
7871,8761
6037,9838
1039,7507
7744,4258
3106,7338
2529,43
4886,4491
2256,106
9236,1069
2854,2480
1221,3791
7133,2086
2158,6513
963,6867
6310,1500
925,8830
4648,9823
791,5872
5267,2343
2905,6292
1375,3081
3142,3006
1691,6111
3934,8582
8754,9470
6595,7664
7931,2560
5961,6377
6383,8498
5783,5887
3158,7372
2762,2541
2778,8376
2840,1234
717,2049
4289,4925
6583,5737
2098,6951
4487,8103
3764,4525
5978,7372
6705,7689
3418,8400
3126,4556
6462,6926
6708,8922
8191,5001
4577,3761
2874,4313
6316,6535
8817,7397
6173,4688
9869,2462
9386,9673
3262,7430
8534,5636
8034,4236
9123,7024
9812,1221
3289,8772
700,2137
591,5896
6901,5223
3766,7983
4059,6693
8182,9685
4211,4920
3279,7442
7333,1692
9921,4168
1508,1936
7031,4830
702,1522
4510,121
2878,1363
8068,8292
2559,3254
9548,5132
1835,7082
9118,4635
3282,6465
8762,863
1702,1820
8701,245
3587,1382
6284,2791
6476,3978
1677,7456
6080,3505
9254,7064
668,2460
7773,7057
1098,3226
3726,8716
407,7862
5931,9912
3010,1713
7869,2600
191,4887
7593,7856
1036,5297
5086,6380
9051,7782
9755,3373
2254,4366
5566,769
2785,9093
7110,8397
2657,937
8490,1018
8763,5312
3282,5130
79,4680
7027,3141
7314,3340
361,8964
6579,7280
3260,9465
6133,3690
6885,6153
299,5949
8842,6488
7619,7523
9541,1839
8985,9510
803,1404
4492,1051
7272,2422
8333,4027
1887,3018
3779,1903
3631,6119
2156,3704
5274,5988
7358,2601
9023,2553
6252,1793
4927,4624
4772,8505
4796,8953
5653,9110
5437,1172
925,3339
4655,5135
6064,9678
870,5852
2054,6181
9777,333
8251,125
9451,5567
5146,2583
477,6528
1235,1967
176,5855
8985,3195
6801,4815
7865,7692
6734,1847
9332,3860
5981,6393
6301,3028
3739,1549
7454,8128
2337,5721
5701,4354
9555,2159
844,4872
4915,1507
5606,6747
482,5911
9381,8429
4758,7701
2905,3422
4775,9593
2707,4810
4644,6953
9191,7858
307,8065
9936,4774
933,1535
8701,4684
3847,5848
4329,7440
2389,7333
441,281
3097,7262
4670,7795
1937,2497
7274,4349
9823,3678
7455,6225
8154,1218
3587,7548
8001,6638
9232,6218
3024,7876
9768,3583
1163,8094
1461,3492
5831,5466
2910,6748
6472,4102
1910,2081
3973,7876
2223,2336
3864,3770
9372,3742
3425,665
5316,8405
5914,9223
689,1216
6917,683
7656,5599
2578,117
3108,2934
2493,615
75,24
4788,1412
290,4572
1221,8964
2220,5993
1366,8577
9405,2948
2655,8257
62,242
1489,5632
4457,4060
3514,2985
8179,1679
7520,7312
2153,9596
9451,7920
2787,3267
496,9212
2934,1254
4279,7412
8166,7181
4446,6022
888,4038
7558,9326
5637,359
7211,300
3482,7154
114,1905
1628,6883
8043,4229
9242,6137
9589,1159
6251,5519
5072,5474
6678,4933
4494,9657
2592,7216
755,6655
6671,490
7020,2501
4397,5591
3580,2273
6745,7590
8496,3815
3096,1553
3076,2743
8393,4577
4351,6386
693,128
2506,2346
5973,9660
5758,838
1502,9461
5914,8462
1255,6148
4052,745
5867,6951
9383,3057
9546,6717
5066,8640
6570,8827
6258,3625
4058,9112
493,1301
7751,2891
2623,8328
5832,15
1291,2303
1716,5281
7719,5049
3764,9974
2385,9743
8690,2331
1904,8641
7952,6410
2435,4319
7590,6437
9270,2128
9811,5491
2788,7219
2500,1060
8230,9168
7955,5299
1832,4777
1335,4487
301,7922
7801,6517
7097,2746
7255,9910
7132,7493
3137,225
6847,4072
4960,261
519,609
1302,1604
6262,4896
9313,319
6544,7541
4954,330
7755,6999
5706,1980
5600,2014
5675,5798
8383,1823
2236,1517
3551,9074
5407,5718
5154,7344
4669,7677
134,4350
6265,2193
2376,5905
8769,2623
804,2269
3296,6570
8119,9902
2737,7812
1957,7330
8686,6204
6663,5697
4871,7508
8636,7513
5167,5293
6688,8139
2991,8097
3274,7004
7838,8157
9455,1257
5816,6473
8052,4554
570,3622
7296,5441
8432,5459
8256,6400
7190,5051
4484,1972
7035,1726
3527,7569
2884,106
6573,4331
733,1542
4085,3007
2233,4572
7869,3820
8858,3585
7908,9170
2540,1874
3946,7317
4348,6092
9780,2461
7671,6615
7052,6077
3165,6096
8518,3853
3156,9666
285,4375
4072,608
2555,5019
7024,8034
6775,9055
4684,5290
2121,2663
1690,930
4857,9996
9048,2947
1382,5324
4052,2420
4018,9183
688,701
9546,7057
5073,3671
1412,3088
6422,1555
2161,6452
3765,5155
194,1173
673,7913
3334,1102
8264,6602
4785,1389
5945,5342
8713,4195
2499,8999
6378,8126
6072,2683
6329,9680
3984,4959
8902,1324
1482,546
2026,909
6653,9700
7216,7619
1901,2593
9104,4843
217,6270
3862,2057
7841,9007
3122,1013
2213,3314
5448,1727
4665,8732
4199,8752
6725,8333
7511,6479
8248,7122
1771,7660
3756,6280
8167,44
2948,3144
539,946
947,7395
8300,9847
6102,3627
7444,741
8785,3899
4240,5461
1688,5588
1352,3587
9315,6853
6795,1339
869,9303
7352,5779
6038,2562
9225,773
5291,927
906,3559
1463,9932
2312,232
2876,2789
6276,297
8122,2357
5510,3349
2552,3064
3326,5007
5296,364
9654,3911
1267,3092
1220,3384
6254,9112
7596,225
3173,6141
8737,3838
7644,1772
6844,6546
1589,5730
789,8067
6579,4228
3022,82
9613,8844
2896,2422
174,3364
5900,1924
265,6446
6308,1069
7529,6797
674,3604
5063,5172
9958,5002
6389,3625
1549,2280
7671,6214
4380,9496
3441,1980
2316,4017
2027,2164
9072,2253
9218,2291
658,1848
2536,8456
4331,5847
1675,2646
6577,7603
5347,4233
7338,5169
6037,3271
7087,6095
8613,5780
7452,3949
7832,6545
6452,9461
1095,7379
6930,6104
543,8620
3322,2711
4406,5704
6973,3883
9080,8805
7851,1777
6207,143
1683,7077
1105,5608
8774,9722
5075,9537
9386,9524
5276,2744
3963,6178
5876,4654
5611,3915
8715,8546
7833,2532
4662,5839
8688,9131
5636,6304
70,4531
5134,4556
2101,4780
7629,8433
4343,1278
7686,6449
8698,9282
3968,3251
19,9133
7254,9592
3614,3226
5528,2140
4196,9571
92,5380
5077,8892
290,2858
8197,9180
4517,6273
8947,3576
2829,1303
2100,7006
6769,5815
7679,7995
953,6456
2513,9097
6610,3638
5792,5177
7659,1899
7789,9017
2973,6617
3843,7281
3287,8998
7020,9216
1334,4309
9506,3134
3620,2829
1314,9374
1288,6232
1581,4899
3291,1098
7705,8907
2939,8012
3989,5803
2312,1604
5465,6121
6107,5219
7659,4544
4087,7434
9230,4
3511,3498
9989,4930
1207,5655
4886,8883
847,3704
4169,621
6426,9261
7135,582
9301,9229
4096,3126
4451,924
1069,7607
8060,5877
5028,1580
918,5322
2161,8731
3676,3685
2033,4632
3578,5273
3298,6000
2315,6698
391,3759
9434,9798
5992,6334
1236,46
4741,1292
1903,4901
1515,8712
8516,532
8592,2201
7303,9640
3112,2682
1335,7817
105,5156
7857,2871
8156,3162
3967,3875
2842,7979
8286,8343
854,6792
9917,4691
634,3347
2049,1909
5945,127
9365,2884
3187,1418
6575,3722
7799,3876
7054,3483
706,4666
3136,262
9702,3252
5327,9831
7111,535
2475,470
1598,2983
2803,6816
9424,8221
8269,1071
8009,3409
4165,2649
7714,3348
530,1474
9282,9325
452,9839
3296,8894
7754,600
3926,7202
4400,6217
3617,4133
4933,486
1861,1200
1738,7144
1341,5535
9735,3559
8657,7233
6840,7046
9568,7852
788,4518
13,1306
8446,1624
5846,5700
2596,9427
5534,4425
6949,4398
1981,4682
7328,9722
5421,7846
9495,8431
5989,6381
1906,1474
3811,1044
3344,1216
4530,4084
1465,665
4363,6894
9070,3979
3880,8415
8706,3258
388,6140
3298,6313
9182,6987
9471,600
1148,7165
1869,6475
9211,1915
4020,5314
9845,6156
7171,3850
4876,7249
3604,8959
7794,6574
1082,7996
4139,7909
1048,9441
2986,5872
7051,6880
1193,9962
4919,1812
1156,8138
4576,6542
9828,5229
1743,8909
6649,5888
6868,3769
5521,8743
7402,8765
4869,8461
2662,2478
6323,600
9161,9916
9766,264
2277,5413
4625,6972
2700,5760
2939,1424
9476,3276
1843,7383
5063,9286
261,6785
2807,3473
9333,7610
4303,6357
4728,3487
7780,1974
3923,4381
7738,6240
1099,3416
5443,6012
6571,5813
7810,8066
2947,7364
1822,2251
1245,7661
9586,7777
508,4422
561,3509
8717,798
9591,5565
3520,5257
9914,7368
5967,4009
5855,4863
6268,8709
6505,3194
7034,9224
5133,1900
4146,2137
4129,9581
2614,9747
226,4050
5377,288
5413,9482
1773,8503
8501,4023
4415,6270
3291,7207
5021,7230
8828,1919
8223,1570
4060,7427
2387,459
4960,5460
4890,7812
2961,486
8561,4828
9261,8797
3114,3125
8759,2452
1080,5480
2014,2665
9994,7059
9724,7128
4334,385
4261,19
8471,8660
463,507
7769,8561
864,5085
8385,5959
6803,2268
2754,4398
7717,8406
2922,2424
9420,2918
9763,3799
9686,9878
4917,1691
4863,7311
8552,965
7885,6319
4456,8126
5478,4485
4977,3165
2001,1515
3210,8681
7786,5281
3758,3499
7470,2754
8805,7182
7782,3733
305,3446
5809,4307
964,651
6266,6959
4383,5312
1833,967
7206,2628
5557,3958
8479,2661
1415,3683
1849,2507
8154,1977
2584,3672
8446,2404
2959,5882
9195,9173
3223,9787
851,7858
9659,7509
7360,6125
7654,2197
5405,5743
1332,4251
5041,4737
2326,6459
9590,3751
3937,4051
3287,9482
9174,9993
4759,5152
2299,6449
9503,9417
6728,2520
8927,8169
7263,5552
2278,4429
5746,9784
7453,5788
2600,4070
5005,9531
8842,9684
4129,9693
2792,9605
4054,7398
4473,3346
5966,7514
2655,7174
1588,246
4489,8786
6906,1402
3698,77
1999,2530
55,2124
188,9888
2437,4554
4845,824
4560,2916
4557,6408
6913,3652
186,6449
6855,311
7255,7318
5278,573
7584,5440
1549,2237
488,7083
6553,5251
543,1569
8295,5383
144,3729
4607,7434
6918,6300
2524,1519
5134,9916
3696,8628
1223,6944
5892,5580
6502,9480
6428,8091
9510,2506
6585,2733
2733,3391
4553,6499
9642,4286
6969,6299
9739,2514
6810,5355
7691,3226
9953,153
7383,1725
3529,1834
8481,6183
1539,5765
5806,1941
8333,435
3691,297
5969,3766
8749,2602
9620,2995
8997,6940
15,7677
1281,9511
2810,1823
9120,918
5924,2278
6862,3695
3519,6169
9997,4874
3257,9126
1653,4783
9701,9834
9954,1713
6872,2268
123,6993
7599,7574
4067,8320
205,3409
4408,5604
2195,221
185,6630
2648,7546
8821,8486
3368,4629
2974,9660
2777,5058
6845,7756
7480,9555
5551,997
8530,2626
5388,2182
7567,6609
3096,2253
8744,8635
5954,5710
8777,2998
8651,6812
3122,8776
1,9559
8983,9315
4489,2898
456,8559
2010,7199
58,3586
7510,8954
6196,4846
9412,943
614,3671
4376,40
6532,9567
5973,9031
3920,5473
7577,9101
6837,1286
1894,533
7424,2439
2528,3135
7033,3503
6050,8796
3472,3708
4171,5331
1490,2323
711,9039
1818,1517
40,8965
3764,6433
2531,6053
9453,6975
1111,1436
102,7334
4727,3843
7703,83
3529,6361
1809,7256
2631,5144
8236,7412
3395,6550
5311,2004
4728,458
4509,2198
6443,4504
9308,4453
6304,3963
8210,4838
1385,8382
6312,5630
9401,5368
1152,7022
119,9841
3395,2332
1038,3605
8243,3343
4545,8708
9983,8758
7996,3044
3957,1974
8374,3076
7473,2399
4898,1517
3220,201
8340,8103
3408,2304
1777,9157
3999,1577
9951,382
7828,8448
2123,2761
7449,9472
7962,404
1255,9294
7319,7985
6997,706
2555,8494
1031,9186
5067,5167
3703,6781
651,186
4113,4241
8688,9903
7625,2362
9332,7874
3847,7976
9554,2663
9698,427
3744,5544
8459,1230
4173,8757
3904,6861
4976,841
2449,1700
6560,853
6879,9573
3234,6012
7008,9285
9021,6587
3856,5189
7002,562
3649,9080
8054,7330
9859,1333
2489,3141
6542,9019
6273,6757
7036,8075
216,2570
7732,3351
5621,5300
4833,982
9502,2673
7553,3392
7323,4539
9705,9020
8117,65
5398,8612
8573,1185
3630,3505
6281,5215
3429,5017
457,9908
8059,7201
6488,4453
4003,9409
4702,7567
3535,5251
1954,4844
3719,70
6253,6117
7144,1285
7561,948
2969,9984
5161,6645
3128,9364
3522,3689
8307,7404
5559,2550
7491,7555
8082,4974
8755,9284
1838,4569
4222,2896
8466,210
1446,8651
2392,7084
2321,340
1579,3695
7582,6207
5135,259
5734,9201
4842,679
4429,2311
8496,6543
5527,6484
9884,520
951,9365
7050,1448
5043,8034
4211,8375
3891,1203
4527,4180
9817,940
9678,1158
5594,1559
7170,1888
3306,9869
2836,8719
9190,96
1975,819
5995,712
2938,1848
6628,7272
2182,2256
592,9356
9271,8734
2258,8146
5304,6769
4578,513
4855,2188
3713,3002
9160,4174
890,8154
1125,6259
5891,2170
7426,7686
1731,5539
3022,6625
8109,6657
9526,1843
8075,6707
4,7244
4070,9931
3589,5896
7009,2088
2201,3334
4966,3886
1299,7779
5912,2303
7247,4872
6551,3864
3075,285
2130,7706
5694,5672
8663,724
8350,9958
1222,8602
686,7685
2212,132
8316,3771
4795,1668
8664,295
2910,9973
2456,5138
6873,3757
2984,8081
9927,5024
895,8554
9294,3745
685,689
8886,8180
1281,3710
7447,1701
8087,2636
5743,3647
6686,5392
4354,9434
6600,9332
4828,6116
1898,2687
3346,7995
5811,7427
6119,3924
6938,5539
122,363
1952,9199
4061,6839
7524,3182
3440,2169
677,5430
9852,4433
4802,2218
4443,6461
8477,9377
2228,8783
1471,7967
3702,8154
613,3682
2730,4457
8647,4907
9706,1132
3305,6647
9600,2480
2411,954
8599,3449
1819,2631
3934,9422
4411,2573
3851,8786
8076,6801
4924,1114
1369,7892
1448,9776
2401,7186
8436,7459
2860,7862
7842,7913
3470,2877
9220,9954
5546,3702
4318,3226
7598,3842
2330,9130
1260,3293
4068,7931
6488,2649
5109,2889
13,1092
7406,4560
8347,630
9178,6246
5371,7625
6966,1413
7539,228
4845,5778
8932,6070
5451,3279
5808,6764
8723,809
6746,5263
8764,2431
6502,5357
6790,2080
1983,2226
5082,2527
6487,9074
688,886
5657,7894
1322,7300
4202,8849
1134,389
8286,142
6817,1100
8759,1080
9550,9231
2105,197
9989,7567
2601,4048
8033,6851
9235,370
3778,5088
1722,4300
7417,199
1402,8883
6610,4155
9513,920
1739,5405
6908,6243
115,2646
2647,2443
2014,7312
1436,6853
373,1649
2053,23
330,3605
3084,8568
6521,40
9431,854
1322,1677
881,6387
4642,7101
8995,204
5465,4207
5698,6759
3063,4144
4386,2457
5576,3424
7145,7538
159,4153
6334,8950
790,1020
2175,1912
6803,4890
9218,1972
8934,2779
2451,9370
7406,7743
8173,9570
764,3999
1012,7520
7168,447
8670,4982
2639,306
8802,4864
230,6618
1624,9232
4136,1882
6624,3142
9203,8330
2495,9900
4641,8263
4596,5996
2619,7892
5097,7614
5415,8353
5957,3137
434,7974
8830,5045
952,1740
3612,7171
928,5544
1528,5802
6725,7269
1923,7719
575,6397
6675,5136
1313,9827
2136,9117
4091,3376
3997,419
6431,9353
4122,1790
592,6777
7927,6651
1431,7040
5578,9471
496,4392
8049,8200
4833,5823
6188,1006
7002,6086
4017,3732
9015,6389
3123,1153
8051,3400
3628,534
6087,2234
391,7500
9488,8269
939,2251
6879,6964
50,4953
1081,2989
6424,3133
6719,7261
2574,5743
4024,3401
2621,1758
9194,6543
7176,1949
3591,4448
2283,4043
4404,3146
2304,7373
821,1125
5296,5834
4372,2026
2374,2948
8017,6987
2927,1454
4627,851
8814,3518
5341,4395
188,5920
7884,9078
4636,6148
3404,4458
4669,2837
3417,220
2152,3639
9987,5430
4393,2012
8411,5879
5579,2867
5835,135
1004,1246
3954,6357
32,8287
7485,9824
8161,1358
3441,3790
3507,6249
3236,476
7334,7689
2235,723
9749,6877
9854,7955
3099,2501
1384,9215
1221,4604
6491,4836
370,4515
3424,8199
4088,8486
9452,9019
400,3838
8846,1163
8033,8706
9876,7514
3258,2186
4014,9508
7561,6050
9706,8257
4361,8600
8574,614
9256,1250
9045,1879
4438,6463
7840,5597
2089,7544
2766,3856
478,4514
9334,5313
1546,9475
7857,8311
4862,5454
69,4484
2057,5965
4587,2258
6039,4586
4002,624
3911,7466
1421,8451
1659,9062
7255,8763
4136,9335
8263,51
6205,6398
9198,6484
5409,5310
2797,6759
4549,6679
7668,3509
2008,4223
7813,3133
4249,878
9863,1840
1159,38
919,9789
597,4637
8840,5540
2937,6633
6139,1257
4547,6103
7562,5048
475,5336
7118,8831
1651,4905
3200,9948
1116,6685
236,3187
7876,1641
2338,3164
1372,2332
8694,5592
7160,5496
9512,2334
7248,5313
5422,3318
7540,7281
1437,592
2748,3894
4278,8930
4332,3209
5372,3421
5831,4060
7268,9531
539,2287
4646,6407
9930,1870
3808,5480
6377,8171
570,2779
5889,6147
4820,6733
8466,3936
587,4274
3447,3659
7146,7268
4245,971
2845,972
9262,7119
6305,3318
9954,339
4584,8964
4773,9922
3129,2866
9163,5465
259,6929
3343,1540
2177,6450
9043,839
5081,4368
3282,2747
5839,5498
8721,3235
5543,9788
276,9401
6376,1962
6766,9978
7547,1417
8384,5163
7155,3273
9042,3111
102,6546
6063,2422
8009,3641
9690,171
6411,6160
1935,9386
8744,7960
7733,5332
4989,4931
7871,4768
5483,458
3345,5352
5796,1320
7536,7581
7107,2017
9266,712
5640,787
1173,4687
9409,7511
8924,9856
9540,1252
947,5980
2072,2001
9203,2963
4676,7668
609,808
9359,3659
5713,272
6855,4630
6521,9037
4285,7279
2720,8929
6349,7992
9525,4962
8971,3552
8539,8121
9465,1217
5458,4390
2725,2969
8145,5651
271,8818
7807,2499
2376,1440
8258,327
1926,8727
9214,8781
5413,6999
5743,8374
2664,4341
7506,2146
1388,1015
3453,7867
9517,8091
6511,1546
497,8404
5090,8233
6339,3
253,1606
4331,8462
6038,2321
6840,4015
6261,1859
3647,348
7571,2859
3133,2142
1441,7478
5064,2240
7205,1849
660,4486
4112,878
1714,5015
6587,1385
8307,9897
5375,1046
5050,344
2595,1537
431,3474
3920,4354
2991,3842
5457,8003
4081,5927
2502,351
7748,1200
9544,3208
6052,8790
2727,2997
1515,3910
9454,8295
7300,2857
5720,1206
7450,914
3580,2684
47,9028
4388,6110
1082,3917
5404,5139
3991,4531
7861,786
8946,250
489,2092
238,8223
3769,2323
7312,1443
8050,5782
4809,6327
1758,4074
8416,1281
2246,5142
7069,8441
485,6523
9842,498
4936,5038
7701,1928
4242,4948
1896,7986
6476,4105
7401,6036
1465,3916
9268,1845
7048,2506
7399,8727
2579,8374
2718,6328
3460,3522
6029,4692
6406,6989
9228,8789
9721,2473
8828,7688
3936,3783
5016,9773
3925,5794
6807,7387
8541,1524
6413,2749
1013,1625
5025,4237
2683,4270
8410,3980
4170,7253
2802,7515
3661,4665
4124,7593
4932,9656
2146,9721
9700,2705
9271,3022
297,8187
8252,6774
9751,4208
2478,2641
5710,4181
7500,7245
9500,8263
1606,6352
9564,5347
9105,2944
8604,9105
8919,5858
2220,510
3243,1357
7522,1813
2314,6090
1755,8442
5661,8619
3340,8643
7499,2837
3494,2355
2683,4635
2392,8467
4504,7448
5807,3023
7005,5977
8808,2107
7119,1972
6965,1120
2586,585
5566,9863
291,9220
9135,2113
9725,9404
1424,6353
7128,4203
6930,6278
243,7610
4164,2920
4674,6265
7525,686
3387,3000
9140,5018
410,6004
6548,2770
660,9985
987,5004
5624,9921
522,9077
593,254
870,3918
2425,8426
5413,9635
7960,9600
3236,25
298,86
9989,3940
8894,978
1270,3714
1802,6454
1596,9399
7372,6233
1039,5862
9612,2276
1310,1961
5821,133
9588,7166
8178,355
5554,8958
9005,9231
6428,138
9378,8724
6976,5012
6955,5467
9232,8343
7413,5357
1089,1300
4423,5589
1228,1035
9250,689
754,3506
5796,4069
7772,229
6295,6668
8224,5354
8246,1965
655,6719
4080,9766
1580,9683
9861,2807
1127,8974
7741,8845
7607,1341
1944,1785
471,7166
768,2973
8823,5620
8890,2002
4563,1287
428,1145
6640,3452
7640,572
6995,9437
8919,4768
5404,7636
8705,1834
8767,4121
2984,9707
9139,1077
3508,8009
6003,8131
6297,9755
5907,6546
437,3472
3436,345
8373,7197
1000,1960
4295,5089
3658,2246
1370,6583
5156,2653
2130,3544
7916,590
6088,5402
8456,5873
942,3176
7990,110
6448,8639
2696,5009
6966,3059
45,8414
294,8652
6987,6849
7622,1616
520,848
6463,7502
2232,6351
7053,1220
8369,1856
3491,9838
2570,5189
3739,2300
8482,8707
619,7390
5869,1653
1443,3423
9864,8602
7427,6155
2702,5340
9162,4365
3379,7694
6361,3946
8877,2593
9269,1092
9091,1155
2652,9788
8814,5652
6639,8311
4668,7366
365,5515
8291,8401
9296,4503
4642,2257
256,3581
4755,8733
1494,7244
3405,8260
8524,3982
8150,5557
4959,3578
8726,5947
9974,9527
3831,7411
8029,4463
2696,3244
3338,5003
3264,2282
3552,3153
4063,791
9874,6422
4672,6983
7119,2465
6331,8518
747,7614
8584,5648
1263,7772
222,2620
119,4708
4601,2326
169,6294
8617,3560
4757,7441
2471,6356
7256,6095
9859,5952
2459,2891
3640,9551
4536,6928
8721,9080
8300,6255
70,5429
6808,4620
6238,4203
290,1750
8728,9216
5768,3361
2613,3054
9444,2178
4188,7810
3915,8854
5137,4145
592,8879
4736,5977
3478,3612
8435,1487
2530,5908
9843,9866
2254,9823
6092,3034
8490,9985
6761,822
846,6756
7630,1794
3274,6401
8036,8569
1710,6122
7102,5549
1333,103
3499,7320
5452,8171
2181,1165
1697,482
6870,6464
6199,6250
4170,911
5941,3098
4719,7820
8542,8275
9416,5976
6955,722
1746,7661
5732,9983
4046,4456
2895,6342
4221,3809
4383,4175
5498,2536
9373,7868
1040,4318
4740,6063
4604,6893
2646,2373
1358,85
9212,914
9209,8260
3819,6682
1770,3393
9394,4985
1141,7238
6320,9217
9050,519
2562,4382
8887,2547
4378,5207
6999,1286
3707,4259
6472,8120
8753,9108
4698,1366
8638,9941
1460,7323
8046,7996
9552,1754
220,4716
630,9643
4813,1115
231,4672
5754,4298
6368,9186
988,6102
7374,8189
896,7321
3360,52
9194,8158
7880,4723
4533,9072
3276,1535
5144,893
7049,7452
5749,1580
7991,2667
2667,3192
439,4733
8203,8248
184,6537
551,4189
1578,198
1910,9639
8058,8774
5877,8612
5227,7855
4695,1686
1606,9158
9213,1968
9800,7402
7473,8077
8842,2347
6300,8045
846,6549
2200,316
7941,7517
8911,3249
1181,1718
3186,5984
2552,1904
6806,2092
1160,3791
616,797
6726,2659
5169,5001
1009,4281
1237,6818
5604,4349
7734,7933
7408,3850
9445,3322
3177,8688
4424,8261
1933,6577
4151,4455
5854,632
1937,7241
8497,3094
2043,5943
767,5898
5048,829
9529,637
8373,4625
9240,9911
8283,4844
3810,2401
6839,6326
3785,4520
710,3821
5869,8058
7514,2786
8898,2113
298,880
6908,2505
533,9657
663,2608
2919,2527
8035,4825
3300,1836
9116,3740
2801,5295
7223,8398
8786,8276
8457,7368
942,2686
5474,598
5854,3219
1846,4879
2213,8196
620,508
5706,4504
7072,5287
224,8116
2275,338
102,8409
5106,7856
3450,5082
8020,2260
1097,3016
3676,6900
9698,6139
2655,4153
2824,3583
9423,7318
1846,4874
6406,1091
6972,5222
431,549
1496,2351
8749,9659
6384,7930
8767,9287
8364,7007
7835,6808
5873,3013
5095,6192
823,2729
2344,3750
1468,8699
5009,2811
2961,6629
9885,913
9730,9560
8519,7708
9683,5908
6166,3273
7990,2068
407,8038
8074,324
2274,7997
9997,6465
4047,4432
2849,4235
913,9010
7149,7033
9920,3344
538,7849
7509,8187
3374,6914
4670,1250
902,6488
5329,6848
1947,9291
6973,4575
1415,4093
7628,5576
1777,2046
6549,6425
3125,4598
2991,9793
5839,4174
8879,1675
6421,8587
7810,500
2020,4840
5734,6282
7859,8126
4690,9108
2852,7667
7735,6648
8265,9549
3998,5357
5667,689
9344,7758
1397,2429
6612,9110
1607,4126
8787,3726
7302,6062
5624,3409
5161,4189
8932,5289
4591,7019
9614,8696
2196,2880
3479,5492
8099,3560
9594,463
5252,1487
3826,290
8454,5540
3127,9334
4744,3901
8144,479
258,8167
8284,7030
1025,3063
8332,1521
687,146
9320,6321
8304,5734
3506,7847
9032,8515
6167,6083
4331,9082
657,2619
9629,3648
25,1205
5576,7694
4490,2802
9803,1609
4785,8934
2703,3977
2097,1800
6005,6632
2004,5890
9211,7576
8843,7365
9982,465
9126,1309
7066,7895
3215,5196
9708,1204
5824,726
792,1655
3317,3065
1558,40
8684,454
503,4310
3961,1488
6646,2976
5750,6336
8986,7100
9608,883
6008,999
2444,5425
9877,8778
2544,5962
8249,2181
5983,4142
4398,1882
3108,9705
3784,9657
448,2938
719,916
9926,5103
8711,1838
1395,7967
5921,6821
7771,9491
9482,3720
5550,2226
2545,7094
7626,8871
1702,6614
2762,6465
4014,2077
1980,6679
8227,8431
2593,2822
3448,5301
7437,9224
6954,4695
1054,4915
6994,9174
2185,3659
5384,6344
4991,6900
7265,6753
2543,105
1353,2875
1526,7954
843,1714
7617,3286
9788,8223
7795,7597
6712,2974
6946,1983
5701,8990
491,2927
2452,404
7126,3150
7014,4572
4452,1885
9626,4846
9796,5411
900,4409
3686,4150
5946,6574
1639,522
1976,2412
8155,2483
4211,531
4312,6489
2074,1863
798,6215
1929,2307
7813,3568
5704,9815
6832,2575
496,2240
2525,2424
4317,307
5278,5745
1934,742
1729,7927
6329,2634
11,8814
7612,5272
1828,9192
415,2967
5676,7633
3525,824
1084,3365
2834,2350
3734,3775
4982,189
1806,2239
6054,2238
7586,6470
9212,956
4549,609
8837,2110
5449,9472
3304,5137
9130,9362
9143,4673
2616,1551
7261,8837
1405,4641
7736,7380
3373,6944
4320,9239
5562,3241
5301,5213
1511,10
7639,1493
9237,2988
3838,3483
8409,4285
970,8466
3806,8090
565,5962
8743,9254
1221,5006
3677,1577
8718,4766
7766,9127
243,3348
1863,3387
5165,6468
8576,3040
3556,7749
4277,7437
4922,6774
7486,2475
9463,559
7172,1108
8543,8293
5147,9737
4096,3033
4207,2911
9032,5182
4711,792
4035,758
3575,7322
3201,5480
5809,9998
1414,2239
6027,6807
3307,2914
5228,7756
3427,1691
3519,1140
5576,8807
1290,2077
4067,9785
3065,2745
3386,75
8915,9942
899,2786
7534,6520
3351,4924
1599,6805
4418,4713
473,4557
3223,8211
343,6852
9105,8412
8997,2302
4915,787
1543,4966
3009,9266
829,3626
5624,6150
2623,4198
6184,9500
2370,4411
6386,4405
4605,3500
8828,4678
7605,1605
3009,1694
9235,7961
9141,884
3960,6614
3990,6173
39,2535
3519,2743
2256,9846
7894,965
3517,7388
9749,4936
4357,3446
7174,1606
5535,7701
5383,1689
7248,8883
3084,7031
5045,2621
4676,6089
3196,1873
8260,5338
1181,6277
5856,1070
2582,3841
9224,6700
2931,9515
5711,7578
2061,8093
1526,9859
905,5093
7223,3464
1985,5673
3422,2736
7648,6596
3729,3549
7735,9618
3681,3373
4941,5140
1225,8569
1555,4688
994,5838
9700,3000
5865,7541
8060,1669
2440,4897
1680,6288
4929,1877
3419,3788
3290,2495
9529,8756
2289,565
5467,6349
2305,9994
2283,1719
9565,9245
9162,1461
873,2463
4197,662
1192,8079
3926,848
5103,8019
2823,3401
2521,5717
9985,97
1316,936
4370,2607
4520,3493
4301,374
7432,1494
6316,5683
3681,4431
3808,3286
943,3572
4361,1611
687,4858
529,7668
351,7630
8674,180
6114,3212
8,427
7951,5998
3281,6649
137,8657
2241,5425
8250,2661
7218,5180
2472,3697
169,3302
777,464
3796,6169
5571,252
4415,2852
1356,709
2070,215
704,494
6292,9118
4609,7573
5625,215
3609,3773
9995,3554
379,7914
5604,8997
1319,8152
5977,3913
5388,279
1866,6132
3399,7415
3861,2979
778,6301
9157,4916
9736,5119
4072,4414
5069,6386
2895,7181
9707,9005
638,9390
2255,3481
6947,483
7105,6999
2131,7715
138,5726
3024,6641
7808,9248
4775,1688
77,6361
8901,528
9150,2003
3338,5039
4631,4680
2726,3279
1700,1365
7087,1911
8362,5014
2565,6681
3099,3652
2557,4296
4056,9545
8265,2436
6146,1740
2616,2948
2937,5661
9226,8558
2197,766
5324,725
2355,4315
5826,7760
8727,1320
2162,2867
8304,838
1789,4637
1177,9826
1977,9069
4699,1626
1225,7745
2736,9485
3230,3788
34,3774
4198,2531
6290,3603
3379,3109
1045,2208
5879,7717
2985,9228
1051,7429
837,8877
7855,9393
7550,5413
1676,3381
1413,6408
9109,6779
4750,7352
4283,37
8732,5167
6911,9923
9544,8344
4483,7746
4913,347
4122,8513
2445,2083
7182,1361
2925,3678
4992,1865
8542,3632
7641,2195
9212,5620
1903,2327
5345,6208
6436,5969
4123,4900
1641,6769
9356,4607
5007,144
7691,574
5134,6874
8104,7394
6030,5964
2812,765
1107,8282
9054,8441
3990,8461
6578,4020
9133,7912
8589,9259
653,4406
5124,5394
3462,8530
9857,9742
1725,9395
3831,7471
9063,3857
7453,1966
6800,9528
3526,9326
732,9624
9186,5202
2421,4102
3757,4123
1379,6036
709,4332
2537,6935
4489,5836
796,666
7628,695
703,9343
5689,6002
2361,9421
9905,8617
3928,3739
9583,3991
8975,3575
1661,7392
6955,4179
8752,1214
4611,5516
3133,5831
4574,937
8479,4551
9998,9245
7361,7295
4154,7352
149,6442
4953,7808
3847,9704
5514,4951
1292,4937
4913,5402
7540,2919
8348,3894
3678,64
2131,7623
6443,3583
4446,1454
7738,4134
5584,4910
5651,5242
2465,6147
5695,7595
8618,63
116,1279
6169,2050
1439,2634
7749,7830
8138,5531
1899,7013
5309,8278
262,2247
8816,6761
4094,8795
1471,8478
4263,7697
5686,4156
4186,8658
3515,3770
7344,2781
8172,7698
7611,7423
1341,7133
4175,8078
4292,9488
7773,2658
432,2291
8817,1921
9859,4698
2961,1925
1888,9858
6486,1692
4655,8857
3895,7707
4590,858
6064,5744
6802,3220
5554,3699
9275,1175
3220,8231
6421,5674
119,8803
1754,2699
2615,4936
6341,68
1981,4879
4658,8038
1809,9457
3810,6645
733,5169
682,9824
8653,4025
7402,411
8946,1712
3803,9739
3926,2085
994,1917
458,8859
8753,5891
6956,2785
6845,860
6340,8029
8810,4719
828,4676
1250,644
7648,1384
9556,1183
7147,3583
7449,6474
4433,5052
8418,1389
6059,2492
2382,6509
1773,8479
7992,6766
5908,224
5612,3638
9803,7907
9802,6480
924,6331
9251,7258
4819,4869
1393,7707
9150,7540
3715,2740
1521,9609
5797,7138
4583,591
9230,4173
7795,49
7571,1537
9011,1545
6249,2070
1590,7285
7591,5774
9524,7
6074,7802
2044,3338
7539,953
5643,3373
139,7502
2856,9709
7830,6509
5277,6611
805,5235
159,4694
102,1487
4574,1231
7334,400
5624,3688
5974,3116
6584,1007
1371,2490
1645,8557
3295,5884
5221,9853
8406,6589
7080,5467
7979,179
8720,3243
8808,5345
9014,9139
1700,9516
2200,2710
1527,296
4102,8414
7865,974
5533,7157
5257,7772
3995,6144
2906,8505
1312,7465
5623,931
9509,7799
6694,2647
1767,9900
6331,7596
5132,4795
9379,5069
2854,3252
4705,3585
853,1981
102,2505
8022,9774
6393,8613
9913,4745
2358,8883
5009,597
370,9173
3509,4534
3757,414
6435,4826
1456,2361
1828,7938
9990,2661
859,6955
8711,3777
9830,1016
1344,8336
9719,7166
1838,2361
7437,971
6968,4350
4523,2260
317,3495
4394,6058
1795,6667
4538,920
1662,2346
3795,4812
6753,6905
5323,9423
5903,8186
9760,7107
3146,4552
36,9800
9693,2140
185,3707
9605,2687
2962,459
4553,6957
5673,313
1307,1474
9727,8475
2727,8084
7630,5245
4376,8556
7018,1350
4474,1298
5798,1570
3322,9668
3842,849
5273,9954
4434,7019
8287,73
2730,3566
8445,2299
4294,8950
2283,3896
2438,7031
2224,2155
215,4714
9183,578
3868,6482
3950,8043
4507,3114
7875,920
6036,5565
4535,2959
620,9601
6060,5377
7304,3696
4955,8485
7285,261
8261,544
9684,5216
9276,2210
3138,2213
3370,2528
4598,3223
8623,7370
8692,3181
3336,6969
8238,4271
3866,8631
842,111
8607,7322
1519,8150
8615,9646
9161,9626
1583,1470
4908,9449
1599,6255
2517,2932
2253,4138
43,4955
2912,4659
1893,4321
6863,6954
4693,6076
6183,5678
6210,2699
4955,8937
4643,8852
4902,956
4503,5785
4604,7095
9986,9942
7998,3077
2834,8618
4829,6146
4512,464
9398,1978
6257,6105
8491,5280
9340,5127
3394,2087
3830,5720
9574,5825
8313,797
1435,4065
3875,1926
1280,8815
1883,29
717,3175
4430,9915
5564,6814
9271,9450
404,9635
206,2313
5743,6270
9399,421
1518,9992
9995,6986
1203,1718
2788,2150
4587,4067
7745,3414
127,648
8617,1840
671,4843
541,7340
7615,5682
4326,7199
2382,7586
3118,8373
4049,8200
9178,2746
5823,1875
3013,3030
4021,2316
7944,515
7914,6020
2804,5052
2140,4568
18,8147
9705,6147
6914,3407
9978,4769
8673,5265
5610,2603
9686,8305
5732,8147
1338,5050
4970,8446
6823,9614
2722,9241
9065,983
4107,4761
5346,1212
8205,8627
2250,2188
318,2068
163,569
7953,7023
7898,388
330,4353
9529,6386
6828,4322
5674,888
6115,8667
4262,9784
9101,4030
2780,2119
7954,8054
1629,2794
3349,2540
771,253
7011,9427
578,3007
3897,7745
5799,4958
1858,6426
2013,5610
2349,3002
9822,3721
9021,2271
38,5862
3498,2257
5908,2775
5524,8303
8954,2586
488,2295
7075,6602
7676,5074
7204,7060
2100,1370
507,1920
1191,4376
4436,9119
3963,1870
2075,8624
4652,4558
3611,4526
6684,7685
1877,2378
8821,4088
9132,32
8186,457
4797,7624
7675,5526
77,7276
7735,7582
9226,1377
5516,9665
3539,2884
5178,2547
1652,3090
197,1788
713,4884
7673,191
4515,3813
6792,7557
6313,9121
4383,9141
2310,3723
2087,8099
3088,3803
8039,1026
9369,7027
7878,8727
7806,6893
9886,9660
3661,371
1276,3453
7475,9626
7380,1970
3875,4363
9922,6921
851,2847
4139,7744
2801,4103
6978,652
2002,7286
2966,5753
1819,3355
2152,9007
6601,8414
3003,7085
6106,838
7748,9604
3326,9189
9025,7379
504,6417
230,474
4831,9856
3218,1581
962,3871
2496,2023
1336,6863
922,7864
1540,7261
8119,4461
4695,1996
2453,3563
4416,480
8594,6951
1902,5338
1812,2949
7975,2715
393,6523
9041,4135
5816,2448
2573,2968
5942,119
1923,5676
4773,994
8553,7724
5495,1797
3629,2489
7152,4665
1538,6597
2281,4601
599,7755
6753,5628
9394,5005
30,7551
8892,1352
1777,6574
6102,1318
2056,9759
1818,3120
1181,4588
8956,8029
8875,8891
3871,8331
2560,3883
9204,4153
6078,7501
2861,1006
8348,9309
9471,2522
5706,7595
8150,9192
1474,3546
3554,5548
5993,1013
575,2846
9268,8665
3491,2371
1768,5699
3937,5269
345,3030
6650,5679
1796,601
1811,1798
1369,2283
3137,3191
3504,196
2545,6089
4765,745
9812,2063
2701,3499
5112,4685
9904,429
3570,5155
4241,1120
4646,2923
9392,7165
5913,5611
6016,5167
5550,8248
668,3114
1741,8167
4373,2396
6610,5857
6807,6990
2049,2626
746,7670
6247,7838
4323,1965
3899,9137
9530,3048
6004,1921
9975,3301
6340,8995
4854,5828
2162,3350
553,959
2022,8159
9469,3656
7693,7058
516,9933
7628,5227
7937,2874
8576,6118
2419,4236
9748,9777
8984,29
6381,8331
6451,4577
8511,6377
2265,1660
5443,6677
964,3358
9952,2275
8138,9180
485,978
9656,6187
3017,5819
4248,7931
3737,3642
4963,4063
9984,7750
9487,9637
3382,2318
7832,9158
1023,5905
1133,8811
4804,7450
1330,3193
191,407
4963,3564
9551,4340
5752,9788
2956,3465
5587,2141
6180,4317
5494,1993
2052,4837
162,9394
3490,2333
9451,8247
1959,673
8839,4469
9546,3384
3925,9351
2983,9086
6858,2379
3439,3325
9270,1634
761,807
2021,7732
6806,6259
610,8430
835,2433
2502,5353
4215,7051
4398,5992
7947,3259
6427,606
137,659
4098,2889
2205,9933
2755,3391
5721,1519
2055,8083
8757,8074
6995,4756
51,9312
9098,1731
401,863
6942,6751
5015,1214
2407,2286
1552,4579
492,4474
4677,4255
9869,9749
7205,7927
6052,3691
5857,928
128,8755
9843,6885
993,1889
2479,1832
3122,907
5042,5779
7583,3030
8967,2601
8504,4620
5176,4527
1374,5228
3314,4128
4875,6143
2145,7809
7054,1058
8874,1378
3395,2549
4728,1230
657,2382
237,7871
5421,171
3322,7120
1341,5874
9563,8577
54,7431
5193,4209
5014,4602
9603,6091
1502,2361
4679,2063
775,4073
9337,3115
1142,1117
6646,6486
2362,6865
9907,1994
4097,5510
6702,9883
9018,1849
2710,1880
3446,6850
7,3501
5576,54
9005,6770
2907,9274
4698,8788
5667,6325
6834,494
9835,2304
7155,7380
1358,3996
2675,1531
2465,3920
353,6376
2573,8286
6702,452
4826,9297
9972,3032
9159,2918
6084,2459
7927,6755
654,3989
5941,3960
3993,9679
7656,3745
8466,5738
5249,7973
145,9304
1089,9262
7736,3931
1592,1541
2789,1224
8472,73
1254,8774
3560,4428
9788,8265
2036,6826
9736,2806
2946,1927
7905,7571
2287,2916
3336,1901
2104,5774
7123,1076
3941,6179
8054,7879
9615,8497
7376,2279
2035,3901
1664,8235
4654,397
5544,8576
9576,2243
3594,8810
8365,4374
5712,5548
5302,862
552,8512
4903,8428
3195,2531
9441,5236
8543,2560
487,5848
3874,55
3070,66
2199,7498
4366,2829
29,3108
9189,609
6170,9415
9179,1977
72,2688
3584,3314
5142,1608
5905,2963
2367,4634
5625,2468
9639,5836
4676,3692
7121,1260
2319,443
2317,6216
3243,7600
8287,1690
2289,5960
5308,4062
2559,724
3390,1906
3696,85
3366,6921
1002,2967
5008,6619
321,9207
2146,4333
1033,2194
4751,6056
280,5644
2808,4393
6634,714
8802,36
7566,6684
2819,2054
9950,5738
9093,166
6812,3610
3373,6998
3175,5244
565,8444
9789,1858
2821,5031
6635,799
8305,9745
3119,6890
2396,3472
1694,5215
8346,8728
2178,9970
1043,3153
4603,8449
6259,9856
6711,4822
5102,5428
3100,5077
3649,7087
3441,8168
6547,6512
2189,8741
6011,4761
2807,2344
43,3682
8124,5858
5594,6953
5199,3534
8672,9715
7355,7852
3994,7748
1860,1948
9501,4583
5340,1240
7927,2314
2433,8174
5857,2074
2691,5289
576,8470
7540,7291
3835,8514
3256,8905
2759,6619
7883,6579
1438,2417
4226,4174
8351,7014
1641,3808
8878,3170
2508,4200
1772,8177
2449,7863
817,761
7299,6815
550,4795
8153,5254
15,4517
869,3318
5045,5826
9833,4517
9234,6687
243,4876
5222,5883
8281,8743
3734,8250
7711,1240
8052,3974
486,3048
8969,3779
7278,7242
4927,1772
3996,1885
4956,7279
4487,7087
5416,5410
9148,905
7151,1793
9682,3995
7650,7590
5768,2628
6264,4355
1450,6669
962,2718
2994,419
4685,697
1163,2496
5792,9294
8320,4517
3764,8260
1571,8598
3539,2144
2138,3266
2138,6042
6308,3693
3720,2379
2714,764
3049,8832
7616,6236
2668,9054
3562,1647
8575,7410
4587,7508
4204,9939
9609,8946
4397,8631
4893,9488
2748,7710
4422,7076
1685,5583
717,7399
9676,2558
3827,6018
763,7942
8534,4743
1444,216
5474,61
917,1168
8965,7225
8713,1073
2299,9990
4891,1261
7640,9842
9413,5282
4180,9860
2726,7556
2400,1629
1858,4323
6407,842
4724,5529
4511,5171
1391,4562
287,4851
1474,9128
1194,5589
7113,5306
6266,359
4208,2537
2872,7566
9395,9983
440,3574
3376,4012
7025,7379
6574,7918
7209,5673
6807,5276
7024,9236
5537,431
339,5269
6858,8574
7873,2154
9889,1412
5706,5865
3506,7616
4947,6472
2313,2489
4453,2508
5016,5724
1142,7629
7027,6452
7983,7426
9849,5412
5468,4862
7805,4339
9987,5862
6306,9701
1228,3037
4197,9138
3951,3535
1956,8342
5290,3126
8429,2869
705,1244
3569,4872
3984,5230
8055,3991
8669,6265
5068,645
2136,501
6488,5987
1716,6314
5805,1970
8735,2338
7641,8809
7805,7965
1098,1886
2851,7803
3345,8373
5471,5546
47,6803
2117,5148
8044,5837
85,5171
8678,3026
8872,956
2934,7057
5432,9606
4159,3833
4463,3165
3664,9547
2280,8680
9289,2877
2546,571
2490,4302
8659,5881
5014,7842
3881,3433
4070,5497
9820,7780
6923,6272
3839,4649
8219,3187
6421,2893
3069,621
6800,9266
9311,4990
8500,8435
8196,6375
4730,4313
3548,2469
5089,1181
5019,7704
7615,9611
3275,8303
8550,9967
1373,3602
1729,7790
5851,5260
6349,7652
9961,6755
5205,8965
1898,4788
2949,4418
9519,560
3616,9099
2186,2605
9869,8059
6465,7018
7932,7684
2989,8084
9431,5112
4290,8222
8675,9057
1513,7392
1174,3486
9305,4222
6050,8762
9941,7379
1647,2154
9167,4859
8472,5379
5865,7850
1451,7430
8876,5804
1988,425
7922,4122
4403,404
2477,6245
4249,4820
1675,723
5746,255
5857,9971
2076,6533
8404,5710
4855,543
7062,620
9300,3126
1757,6832
2431,7539
64,8002
2985,7951
7979,4823
7214,470
1331,8750
1686,1356
995,2009
7079,6572
979,8630
9047,3449
906,586
7519,1363
1706,3449
5179,6969
1802,2404
8846,1685
2450,8719
4626,264
2207,2605
4989,6514
4422,5323
3567,9246
4949,727
6200,8504
4421,6027
614,5628
844,1689
6604,7212
9551,5380
1791,1854
5652,1688
986,3168
2357,360
3601,6921
3361,3618
3122,3853
1644,3089
7351,8524
2199,1103
7720,2759
106,1557
4030,6128
8526,7856
4290,7550
8055,4257
4196,9306
7918,8194
9880,5065
333,4992
6682,8901
9540,5033
2242,3882
4649,1828
2851,5083
1227,5239
4349,1022
5623,1480
5826,5867
1811,4084
8870,3180
6392,5654
3391,9617
6958,9701
5292,2627
7151,1132
1394,9234
1869,4583
9314,9982
3551,6327
6854,9582
7670,5746
6410,1473
7487,1882
2935,3119
881,1688
6922,1546
773,8213
9988,7334
1606,3749
5866,5923
1902,7584
333,9731
2880,5662
7412,7852
1876,1183
3205,3147
9564,7716
6306,2403
3750,797
3776,9105
4746,7648
8723,6813
3651,9906
7910,9983
5802,7958
9719,2395
7406,5471
7182,9867
1888,3860
3037,5192
8171,5663
979,981
3153,5617
6107,312
6032,5414
8434,4053
1891,2640
8582,9944
7669,419
8985,1967
2112,2540
6357,6962
6899,8143
7321,7312
7427,939
7634,7703
5048,1836
949,3712
2280,461
4792,2676
1601,4792
560,159
7120,8380
165,9792
5247,3370
2962,8873
426,2108
6345,9322
2626,1025
3908,6132
1131,9177
6773,1596
8416,5466
7310,8415
4567,1773
6605,7212
5822,7784
8367,6099
9956,2585
4054,664
1157,5739
9237,611
8141,1560
408,3271
4638,7724
8288,7469
2461,577
4236,3500
5078,3948
4051,1959
6576,8196
8254,2980
4650,1754
8419,4660
885,1481
283,2660
4252,9836
1429,3183
6589,3974
9924,7822
3515,1346
7907,7885
5693,903
1177,5802
7006,2295
6712,7677
7783,7365
863,1631
2906,9329
1903,5576
6565,8994
5818,4841
1366,4222
4487,9298
702,2569
2402,1266
3166,3015
7601,2073
446,2240
2898,3979
1965,5343
6768,6115
1522,5238
9828,6849
2593,1362
183,658
9241,903
8901,9402
4970,7192
8286,9377
2227,1029
9159,1511
7546,7505
8253,4997
965,4014
6105,1250
4581,8952
8831,3710
259,3051
369,4878
6179,3457
2960,4005
7700,3660
2802,5036
5561,8380
1999,1390
1586,7902
4325,1250
291,5106
8156,7445
5158,8903
2020,6979
125,2837
7770,6482
7855,2662
6394,2300
740,8577
1806,1943
3500,6421
4676,2114
649,7391
3885,2990
2333,8536
2546,3046
8141,3327
9713,4797
8869,9086
1734,8755
9542,506
1221,1523
3450,1420
3299,5836
7064,5112
1028,6954
2387,4215
2878,832
4829,3269
8461,1525
8985,2728
5168,9128
9165,8475
5329,4480
5318,9959
1058,5509
982,957
4851,3637
7736,2
1248,9412
5156,199
1206,1475
2622,3252
8454,1995
6441,6513
4370,9046
9081,2737
8773,9467
4774,3419
3104,4068
5180,678
462,7965
3391,9232
3016,5180
3564,6939
757,4055
5515,9204
4521,3798
3217,6562
2495,9814
8034,7352
3281,8855
3203,2551
4084,3491
6540,6179
3601,2524
7372,6751
9773,5536
5656,5095
2170,4699
5420,7067
6742,8826
5058,5171
5457,183
5423,4468
2957,5718
7050,205
5022,4331
5705,1982
1680,2917
2212,8342
2776,3851
4938,7446
803,8786
6994,7864
4122,4184
9450,4902
407,6352
4219,1720
9777,2858
1310,2686
8291,8510
7623,7109
3612,4709
8688,5530
8095,916
3825,5129
4090,2262
8122,912
2035,3749
6547,4757
4895,9701
8843,4640
7836,1149
4236,3910
8750,1267
7472,676
663,7426
7997,8276
1551,1387
5867,1743
596,517
551,8111
6906,5026
9712,2224
8403,3712
446,946
6122,7944
4226,3197
4538,8086
2777,8210
827,3926
9482,8554
8556,9783
6351,4318
284,3871
6976,5458
6002,3115
3514,7694
3949,7777
6623,3610
3254,2708
1847,8533
2866,4275
5765,1762
9395,6334
8932,4896
4925,9878
7824,4261
3558,3281
5905,9254
5271,8966
177,4053
8063,5147
3583,6488
9639,6696
2124,434
6224,9319
3859,6272
5048,331
1350,6738
5516,2522
1027,1315
1975,8873
9973,8343
8425,6546
9367,1537
1955,6900
3251,7662
7102,7704
1129,7857
2075,315
5931,4764
9653,9484
4485,9175
8819,2308
3530,2849
2377,7613
2025,3120
5502,7489
5854,7238
5545,3392
8885,9506
6212,3389
9146,560
4707,7958
3356,8062
7662,9134
9536,4700
1033,3128
5409,3456
597,5970
9012,3747
4735,8396
1402,3659
342,4115
9439,5925
4106,1791
64,7566
4752,9589
5706,1103
6914,1642
4412,7347
3027,2165
4942,2231
224,5342
4683,9453
4818,8697
5146,7612
5664,9994
8139,2151
1330,9748
9948,6376
5776,6434
8651,5033
9176,7984
4358,3791
8783,1927
7662,6260
6879,6691
9450,2255
6350,1379
8536,850
8831,2029
7086,8368
7186,2987
8543,3673
2022,1286
4857,3619
3551,9661
1291,1111
6354,1570
275,6101
4894,4769
7093,9156
1861,5902
3848,1082
6887,9850
3563,3636
5951,177
3701,1892
3255,6964
8714,3460
551,7134
6025,3819
3835,2453
4482,7947
562,3566
8661,1219
3810,9837
9126,9416
9049,680
9484,1499
4415,4199
9928,535
1335,923
9699,2426
1284,568
3601,5726
7401,4224
337,98
1560,6365
4774,5353
6523,5834
6288,8255
2113,8718
5315,2660
5281,6439
2266,8262
7450,3327
3876,7887
347,4366
4732,2104
1438,1627
822,7608
9375,6528
5349,6734
2186,5657
2698,8199
2466,7000
7271,6460
3470,6009
7218,6139
9343,5997
3781,2048
4476,6021
3138,5167
8926,6637
4947,6209
6216,7298
6495,3177
2781,3234
7561,962
4981,1182
2403,3447
1243,5518
2208,6110
5262,1329
6870,6258
9239,8447
8402,2747
7466,7246
2598,1676
1045,4301
6109,6953
9701,9825
5824,803
5512,7337
5825,1522
8590,9056
7860,4589
5112,2558
1677,7865
7539,5163
7412,2268
3854,4882
4805,413
5766,9869
3796,8442
1683,8307
7406,2052
2635,554
1099,9515
5636,3083
8064,9282
583,4737
5585,3023
4128,7949
2163,6081
1554,7386
3103,8910
1911,2936
770,3784
3253,2151
6321,5532
9724,257
5882,7351
8780,6740
6,2500
6180,2058
9739,1766
5781,3655
2174,1151
3589,5951
6213,2491
4015,9618
8539,7116
7223,1717
5100,8226
7611,6894
5056,6471
838,2956
613,9652
894,6592
5796,7700
6301,9900
1846,3539
4780,8182
8352,8098
5099,5960
7977,3706
3742,4856
2668,9065
4882,7439
5528,2062
2877,1769
1077,6990
2162,5976
5746,9953
9748,6308
2362,6492
658,9763
6069,7787
4897,2097
8650,6203
2103,220
8257,1921
8643,3631
2950,3195
91,4969
3739,6097
5053,6009
6517,4662
9687,9961
5046,1473
6401,4404
3067,9475
7752,1940
4187,6340
6038,4108
432,6351
8205,8351
7650,9446
5907,7452
1614,5315
1590,775
8262,5181
1808,9924
8611,1923
134,546
6245,2552
1179,5186
2459,5739
3762,1187
7213,3713
2384,4268
2198,1506
784,5237
272,6301
752,1474
8408,3336
9480,3804
8960,8248
9019,2670
419,6329
8246,4665
7843,3530
2245,4261
7406,3833
4533,8308
3375,5942
68,6740
2993,9079
3876,5730
2734,6360
4751,9045
9910,796
4933,462
7611,8756
1264,1066
5321,6907
8696,3761
6531,7548
8179,3038
4632,6224
9284,9451
3125,9800
7012,3705
9204,1379
2574,1769
2770,92
2708,890
1822,9540
4432,95
8204,5367
7413,1148
9818,5037
2339,6557
8954,1680
1913,8931
4030,8149
5300,3308
2050,4089
4998,7374
835,4073
8578,4559
2286,6782
9108,756
7811,5667
2942,2949
2519,3844
1100,8057
361,8725
9913,7923
1388,7404
6906,3736
8499,3612
697,7915
8108,9439
6844,9495
1395,5439
9155,1865
4535,4289
2177,4760
1209,974
9970,386
816,9311
6171,548
8362,4101
2782,5525
4573,1523
3740,1215
2140,4824
9925,2524
405,3004
6508,857
7255,1863
3478,3065
3952,9113
3057,841
2453,1449
9968,7451
5931,6093
9028,9121
49,3970
9255,568
1057,9945
7186,8415
6860,4334
1951,6370
3122,5190
7128,9095
7107,8597
606,5684
6463,5882
3398,8267
6665,5591
3742,3364
2603,1424
1229,4437
1107,8047
6296,96
5931,2866
864,7929
983,3298
7513,7107
2055,7760
7526,8390
3467,6766
384,6158
4214,1736
2662,899
2396,7213
7021,5169
8325,9582
3576,2868
5907,4961
6564,5265
8192,98
5210,4851
1681,8663
2712,2481
6167,2079
41,7465
7108,214
5855,7355
9962,3655
2083,4148
4143,4415
3572,134
3069,826
2347,7744
6246,7580
2863,5519
5492,4158
4788,5617
7646,5810
4383,4385
1767,7797
7076,4884
8945,9553
3184,6815
1295,5276
915,5699
1448,1152
5589,486
6886,9688
4185,2463
5486,6579
6974,3454
9515,8904
5266,2342
8291,6327
5442,9799
5467,5448
2509,2652
5798,2274
2279,8094
3561,8537
408,1683
8250,3221
7684,6087
9094,9148
3254,7269
5857,7339
3061,994
280,5126
8921,3654
1299,4889
9318,5863
7751,2058
4503,2644
9016,1134
2902,5532
875,5636
3592,8505
9625,5890
742,4716
4511,8618
2341,1669
1282,8600
1943,5310
1889,6139
3323,5606
483,9517
703,5621
5455,1617
1430,5809
1562,9416
3508,2124
2186,3104
1029,3767
5145,5946
2318,7592
9398,2406
9996,1347
3110,8221
1705,9704
3544,331
9501,841
2805,2695
9856,1413
262,1392
1901,1494
672,3526
9075,9876
826,9841
8725,20
4207,3634
433,3584
3503,7397
6206,2596
688,2463
7406,1522
4850,3850
7875,1491
7471,3162
9710,2587
8001,5675
1554,5895
8030,6233
6263,678
1951,1868
4715,7729
8926,1710
4723,3929
7341,1210
7503,7595
244,2370
4299,2338
3554,7277
6369,6681
2549,4923
2876,1803
4772,8215
8408,4281
4697,2536
3925,6711
2396,1843
3339,8244
9819,7905
7591,2933
998,7817
867,8973
6726,9081
5683,5978
9453,1750
8059,8350
2585,4222
3215,5657
3875,2070
6051,6928
724,4533
3633,9740
8550,6252
776,7873
6344,5584
9761,2025
4508,9046
4221,8045
4891,6377
8859,1647
2504,9899
7478,7095
7409,3734
10,2952
6049,8974
2567,6942
2355,549
2862,5335
4882,9242
5688,8299
6715,6863
7718,7897
1652,2597
2083,4911
4294,5670
4646,3013
8037,5279
9972,3623
2048,7432
9538,8238
7684,4353
9048,1801
4731,7051
9137,6813
3873,1297
2878,9878
6903,1089
2026,3049
9793,5130
7800,6008
3531,3635
5129,9680
3480,8502
7018,2931
3114,8072
1003,2045
5038,3749
6682,7717
4878,9276
8589,5170
5930,1861
3822,4103
3633,8619
1872,8668
6777,922
9184,3515
5550,5253
8616,8276
1239,8228
4717,5037
6436,6425
2567,986
1971,2061
6129,1365
5874,9244
5478,4954
687,5978
348,6113
2924,9952
5213,1672
5758,2759
2495,8445
2340,3824
7286,2277
5780,605
3519,4796
3857,1120
9053,7257
8281,4190
6417,4445
3739,6127
1666,4376
9926,2052
8700,968
1548,8277
548,7856
1557,6775
2521,5713
6096,1799
2999,4151
7828,8166
2086,3666
3045,4000
7023,6110
2226,1338
5054,2770
2923,7528
5970,5010
2961,7272
7698,4561
6053,1966
2410,3543
3186,3037
1139,8299
8822,6143
384,8125
6411,7169
6148,3395
2005,1502
593,4749
276,2231
3324,8311
6424,1483
5501,2075
9988,2393
4578,1808
2812,6831
370,3475
6008,9133
7247,4336
3947,6956
1605,6093
8013,1700
6783,4243
7411,9662
8280,8938
4561,5527
2671,6720
8822,2894
4036,7014
6021,2299
4928,5960
100,5627
5409,9078
1965,8700
2610,8691
834,3457
5833,8729
5341,7970
5577,8887
3189,6212
7864,8457
253,5264
859,4850
8663,2435
5086,9721
6422,7810
304,4253
7681,3671
2506,3669
6723,5644
6240,185
1311,1475
4864,5287
5088,2671
1096,867
5615,6179
404,4862
9838,3029
5573,4001
5537,975
5645,4118
2220,2322
7110,5491
7479,9814
8706,3700
1119,2371
1981,6133
982,1813
4255,6585
8010,1536
4814,6697
5011,928
5105,7964
822,7626
6847,3983
3783,9989
3813,9618
539,1455
5174,5039
3515,7310
7532,5047
6004,995
7469,4283
5260,6604
2618,7748
9759,9239
8481,6431
3975,9886
6850,1913
3178,6068
9774,82
5357,7482
4283,7697
5751,7662
164,2565
1168,6256
9693,754
9624,8562
8869,3840
5588,60
9956,1436
4163,6810
3652,7753
5838,1122
1068,1879
2926,9349
5910,9198
2168,6386
4034,5415
3987,8657
5700,6247
3002,8771
2025,1113
29,7955
631,9415
4978,2745
4162,2453
3481,251
8058,9338
2365,6368
5730,7643
6262,371
3196,6054
267,6448
9679,5816
2836,7166
9434,5275
5678,4793
3539,4384
6504,4699
2104,421
9147,3894
2903,1219
1238,9504
4153,6118
5335,8668
7977,3066
9957,6769
5522,1294
682,6969
9350,680
1694,3672
5051,1509
3423,5079
5247,8779
4269,2972
5389,5149
8849,5368
9208,378
5550,6860
9076,4626
5600,697
4228,9878
1360,3059
9869,587
473,3841
5546,6507
2837,355
121,3896
833,5904
3442,5213
768,348
1800,3123
522,946
6904,4733
6917,1939
4095,5649
6844,299
5864,8308
9131,4045
4850,7504
5709,1083
5103,2036
9373,5460
8937,5832
7640,825
4864,4028
1716,8093
4303,5660
2586,5497
9756,1746
9214,714
6285,2504
463,2232
1096,952
9114,2259
3299,3634
3849,332
3771,8057
5801,8717
9440,3386
2809,7798
1804,3290
494,7365
308,2940
9236,305
9639,5227
2446,9331
4276,266
7038,6050
8761,9958
8241,7354
1686,708
8049,8471
735,6860
7342,852
6880,8225
6951,5242
3563,1196
1890,8391
317,3877
7195,3806
5582,4190
8697,4692
823,4139
1628,3982
9246,3809
4387,1412
4381,90
2634,8626
3985,3171
8096,6971
8878,4242
9606,8874
4192,5463
9188,6359
7052,9677
7126,1187
9141,2189
4307,7936
6618,7968
7422,351
5452,127
6149,3639
2174,7673
5079,6591
4805,9184
7155,7560
9919,9696
2955,186
7536,9517
9127,298
7735,8424
2582,7508
1583,877
5376,1979
3761,5532
6855,4634
3719,9011
4923,8006
1051,4500
2812,8866
398,2968
3546,5246
8181,5888
5801,3934
446,2035
3985,5954
1312,4297
5521,2519
7408,402
3011,3033
5872,1044
267,4179
2898,6864
5961,9461
8746,1856
9230,6944
9169,7327
7242,8226
9110,5812
6820,2681
2223,1517
1524,2613
8829,2292
9226,4398
5085,9552
4737,2270
4219,8779
1086,6093
6097,6299
6322,3224
8974,2896
3583,7789
6017,3785
8184,9462
2132,9347
3488,6703
1414,3263
9236,8374
6993,9454
9669,5198
1418,3563
7406,9839
7782,1910
7476,3389
2457,7465
1803,3331
5194,9816
2917,7869
4883,5274
6773,3487
2357,5710
6626,6486
7080,7740
4695,312
7583,666
6183,1562
4074,4375
8974,8078
5685,2359
6178,5575
7006,732
2520,8043
9364,7437
6803,1491
9419,7590
4152,4386
11,3403
621,5040
8232,8650
192,4994
2765,7308
3139,791
5858,6920
1780,1553
3564,7029
6459,9982
1491,5529
8413,8147
1023,5026
5198,932
8203,368
4067,5970
9324,1886
213,6465
1387,2379
3490,1029
3534,8713
3773,5833
6325,2194
4822,7355
8655,3281
9652,9431
8701,6884
1646,1999
7854,4668
8153,868
794,9662
1691,5843
7851,6266
8367,8927
9941,3509
7458,1990
4070,4597
1370,5619
5959,4600
102,6560
707,1745
4463,9558
7759,689
2446,7235
1991,3278
4872,6
2906,3682
2276,7065
6315,2787
7998,9275
3545,8058
9331,8794
1928,7586
700,6090
4046,1616
1624,7028
5130,1897
1522,4366
9390,7748
1026,4627
4141,1980
2991,5263
5135,5426
4866,9240
5122,9086
5734,2092
9179,2783
7099,4068
1434,8615
6953,3042
7467,5836
7650,1004
1161,9676
7217,4276
7437,1952
2942,7667
4404,8315
1667,5842
3518,4128
5033,7205
3139,2670
7643,2260
7760,5049
1052,7879
207,1333
5733,9182
245,9345
3702,5690
372,9518
7710,380
8593,5355
406,1591
5376,3103
7591,5268
923,4417
1724,6307
5170,5799
642,1832
6092,3082
5979,3690
651,7762
5954,7603
5886,467
730,3348
3023,7604
9551,4969
4861,6551
9053,8132
5717,954
4815,5209
4873,4298
7600,8117
1570,2366
5054,9612
9762,7879
3116,3774
1874,6482
7590,4053
602,3782
239,3421
8287,7761
1399,1920
1398,2314
3241,653
8583,3682
336,7252
3373,9885
4553,5441
1961,230
2723,3267
1382,6436
2739,8520
216,5703
420,5495
974,5230
7420,6889
6902,2105
458,3220
1551,3350
1388,422
3354,7355
9709,3643
5402,8158
1642,3162
5802,3668
869,5794
7069,4612
2867,7901
7505,776
9393,2190
2605,9535
3124,6300
5002,5281
3677,8187
9293,6145
8091,2323
1282,8600
3018,9743
7652,1875
105,277
1401,1403
681,5581
155,2397
9554,6943
2385,86
176,2285
5932,8253
5466,6138
9421,5325
8243,8823
7780,4333
5209,8184
9843,909
59,871
8513,3311
6312,5876
5562,8272
578,9879
1123,2450
2338,8660
2204,5527
9429,874
3839,1900
419,6296
2420,8943
2256,3276
7191,751
2684,7658
8433,1135
4805,8021
6658,9478
7084,8205
1665,3414
6101,6341
442,918
3991,5567
9734,8527
804,2503
6553,9055
9315,2105
7764,4365
4697,7327
6938,3483
6310,8475
7104,2337
8267,6334
9470,3211
3081,5778
9202,3985
3652,4442
8435,7071
967,8788
1267,8880
6481,4504
7406,7788
1566,9360
7279,491
7456,6548
5138,9877
3484,737
6772,1287
5233,5029
646,8564
4546,3465
929,8918
741,3083
9811,3439
6244,5624
3447,5505
2673,6482
339,4869
5367,8611
8651,2540
7483,4863
5411,1040
5089,1391
9761,9750
3867,1023
2241,307
8653,2389
5938,6440
7371,4428
6302,3707
6531,7405
278,6339
3367,3321
8396,1088
787,790
2874,1428
8286,8243
3520,4994
7931,8281
8987,7586
9182,6848
4945,7613
268,8443
9529,8939
2171,3105
6534,8535
5512,8649
8997,172
1688,7185
3836,575
7190,3995
7410,5048
6139,2917
6878,5966
2492,2499
3959,3277
6669,6587
1850,3735
5139,5565
762,7940
1432,5165
8610,5479
1447,4606
1654,8560
6791,6557
5720,1767
6820,1495
9942,3275
5656,2488
5648,4103
1241,6657
5287,7230
8045,9077
5057,1747
2856,3984
5865,9127
3830,6053
3556,3071
1764,4706
3550,1425
2840,8866
867,1436
4353,4655
8777,290
7224,385
362,3907
4966,7944
6144,4246
672,1698
3049,5222
8574,4985
4858,2887
8057,8460
5136,9123
2818,3448
5746,7350
9055,4739
6753,354
2736,1542
9265,5216
2992,3924
6674,9684
2359,6970
3991,667
4636,1429
4439,4148
7352,6171
9442,5032
7894,2711
3243,487
4886,9893
5236,7536
5488,6661
7096,3917
6758,3167
4145,1017
6611,180
8249,5951
8575,9645
4654,688
788,275
9903,4016
5371,5962
1395,4798
5727,9738
7289,4207
564,9195
8265,2581
7040,204
57,7921
3847,4592
5325,8882
3157,4295
9766,264
7987,244
4922,3562
5373,2288
4948,6384
5515,9402
4946,190
3515,5769
3181,1070
1919,32
5078,9401
6034,5196
4683,7537
8950,9069
1480,990
1994,4990
3323,4771
9431,339
1136,8348
2233,9679
3579,23
5371,1567
2355,1676
5707,5959
5707,2442
9293,1238
7677,5423
4795,6632
8192,2387
8409,7864
6136,3234
1702,3600
6844,1012
5775,7039
3586,4955
526,9589
4679,3416
9600,2158
9003,1339
2453,3256
40,3013
2496,4467
6324,5643
1373,4581
5020,3865
1682,1495
2512,1729
2414,6527
9550,7087
1391,1546
2198,8954
6368,7110
7404,6089
4719,9449
6156,6735
2060,3634
5000,9668
3661,522
9981,9778
686,5846
9556,3977
998,156
6020,9407
2917,9456
3876,1720
5706,4458
7326,4701
2817,9093
7535,8572
1769,150
4188,6556
8196,1015
9902,8972
5191,4415
8206,391
2449,9904
9675,5605
8985,3677
6360,8161
4352,4054
4595,7042
197,6785
9008,8457
1911,9623
1892,9318
6133,2136
3469,8295
7298,2220
7759,4287
5716,583
633,9230
9115,2951
9382,2402
1391,2685
912,122
9490,3718
5199,5571
516,5829
1326,4401
7733,4383
1006,4844
6038,8499
6660,8660
3416,5252
3950,3538
9382,6692
4260,9260
1423,9054
4137,8357
619,1872
1248,4495
9551,5460
1483,9549
2059,7721
2526,2538
7072,4115
8914,5056
911,2843
9494,4102
1517,308
1120,2825
322,3148
9265,4773
5841,2122
3399,1440
6114,8123
3772,9059
1195,8131
4283,5302
4317,6706
5651,2071
3818,4132
8499,5335
1269,3877
1189,9633
914,5072
8728,7975
1532,2946
7094,7195
565,7679
8692,5175
4616,5328
776,5338
6458,312
7524,2784
5023,9202
464,9500
8121,4697
1254,3797
3724,6787
663,1274
5277,4491
9771,194
1496,57
2614,868
576,3569
9702,4288
2801,7717
8200,8441
4625,3719
8122,3792
9429,3662
363,8542
6705,8516
7999,6381
3191,2155
5071,2324
5601,4970
141,9517
2521,7096
1236,2628
9493,4243
4942,8270
7904,7980
3936,1507
3523,5459
8624,4298
3971,8987
8807,8416
8756,6266
8609,2405
92,1520
496,5155
7858,3729
4464,4379
6948,7984
6470,2302
7784,2089
4242,5381
9914,2155
132,7533
2757,2849
635,1106
6829,4012
3447,9367
7576,5599
7168,6176
9213,6966
7680,4812
4564,9187
6347,626
6701,4502
5135,7958
3181,5049
7558,9976
675,2005
2264,2154
7993,4501
1918,6156
6518,7445
1537,3846
3200,2758
8961,3665
1119,9121
2722,6498
3724,2741
5904,1220
840,9471
8547,3825
2041,1269
5469,9453
9279,4159
2336,8399
2853,7618
2526,7852
2915,6298
4104,4930
8081,7684
5591,3358
4021,1877
9049,9338
2637,6970
3587,5526
5513,8526
9478,4722
6431,9233
1676,2630
5186,1339
8849,4159
4557,4269
958,166
6184,7215
6688,4045
8333,4428
6407,3097
8325,4711
2603,375
4492,7256
5897,4573
1907,3942
1435,8830
5124,8451
694,9640
3983,1167
765,5278
6099,1978
1107,4045
25,3721
7085,9582
1562,7763
6293,167
6225,9833
3819,6734
9819,513
1846,475
6603,8814
4664,4952
58,2909
9312,423
7355,5293
7433,4193
3261,8828
176,6727
121,2843
7891,1974
7676,3341
708,6556
6558,8705
9997,4241
6272,1113
8605,4677
5333,5159
9056,5412
487,7923
1613,9320
26,9755
4393,9467
4494,1944
7386,9702
5022,7400
518,5339
8853,6750
2505,5564
6720,7154
7172,6231
6782,9334
7907,7519
8325,7798
951,3575
9886,5978
5746,4749
2928,8364
5010,64
5514,1425
8244,6352
4106,8742
8602,6273
8987,8825
2343,4411
5115,1616
9798,1377
5226,9689
2571,5676
8110,400
1441,9572
6772,550
7091,9322
5105,8260
7990,517
6902,7660
419,1879
3394,1496
6531,8379
1329,7154
9122,7501
6210,2095
1558,9014
3175,3689
6489,4706
677,8103
6802,6192
3003,811
6819,1525
2656,9320
859,1773
6405,317
3419,5744
4793,8771
9125,3149
75,7487
2128,966
3418,5428
4120,4423
8617,6936
147,6628
3678,8801
302,3918
5865,1484
9558,6065
1138,4906
3779,4701
1419,3672
7167,1679
6021,3833
3732,908
1230,4034
7778,1513
2695,673
4320,5258
3188,8891
1482,9909
1629,4513
3561,9650
1282,8174
7265,8370
6635,6480
7444,8328
1709,6192
1555,328
184,5072
5364,123
3629,8736
4447,6684
4909,1164
7266,6994
4893,630
4997,8139
1814,3307
6456,9169
3640,2437
9624,1531
414,1309
1440,9923
2301,2810
1372,2175
631,9194
7769,3950
7484,2252
4584,2929
2576,1512
8130,9508
5687,2428
2550,152
2588,8611
3869,7054
7569,9492
3358,8210
4961,4981
2093,5217
5681,7929
2206,4856
54,1357
4023,2442
5792,2027
6804,7806
9011,6553
8788,2691
8326,9474
6049,9793
5092,3534
3693,3742
5376,9456
7943,9577
8054,9724
6189,7766
4157,3699
5244,3590
1208,4476
9282,5635
555,193
6085,5525
7259,1731
4092,4132
3358,5515
4539,8074
3842,815
860,3812
2922,2844
3064,165
2946,1174
6070,215
3411,6441
7642,5871
946,8987
479,1355
9171,9617
9471,267
5084,6363
286,4890
5508,5580
6823,3079
4250,3193
9790,4244
4673,670
7061,2330
3625,2839
6010,6583
697,9170
5566,9398
8568,6511
2640,5801
6444,4256
4359,964
7034,4563
5758,985
8315,8393
1322,1324
7263,8594
6520,6355
3675,8807
9697,1340
4542,6180
9967,5515
3266,8608
4425,5086
9374,1130
4858,9646
2296,4818
512,1140
8920,5537
4881,6630
5463,9750
4856,7933
934,6541
3020,3364
1516,5886
8753,5487
8135,1088
5208,3606
9811,184
9089,4268
8888,3634
8418,2464
6061,7098
9263,6575
315,584
5001,1284
6717,4646
4324,7198
4515,3039
8239,6236
3206,5573
2824,2231
3030,3055
9064,6172
127,2941
1418,7316
4041,1610
5386,786
9038,3741
2664,6265
279,6764
3947,5880
8784,9421
4610,7491
7722,4922
2406,8542
1247,6977
2283,4776
7472,4261
9813,7970
2378,6068
5880,1051
567,742
4903,3657
4704,9487
2654,2966
3936,9041
555,1797
8900,2785
71,9263
7935,787
755,8910
1770,2965
7517,9398
3432,6758
5138,8651
1416,4401
9661,8387
8164,4538
8990,9944
1654,9971
182,7034
393,6379
3006,4543
2397,2132
6967,104
7157,5983
3228,1553
4459,7543
4387,6724
5812,2406
259,4652
8221,8376
8288,5953
116,5386
5105,7604
548,2126
6099,1736
5160,7262
2070,6539
9472,1579
6773,2064
9617,529
7235,7899
1847,8440
7905,4584
566,7610
2700,7448
4046,9180
5731,296
2573,3099
3766,4016
9326,1780
3897,9029
2143,2815
9336,4604
1344,5289
309,4972
887,7453
5454,9134
4145,6063
297,4116
8051,3861
3073,9315
7566,3889
2602,9230
6257,6543
79,4496
5001,1096
2334,7750
4611,2865
473,7495
8321,1571
8285,384
4123,407
1279,2560
4397,8462
1890,7325
6927,6730
8037,7218
6738,397
1674,9190
9861,1948
6818,6345
2087,3087
4483,8749
3976,7032
6043,1663
9016,6861
6302,8689
9585,7236
2956,2501
6464,8202
9198,2360
573,7023
910,2312
6237,7602
3366,4899
3981,3349
3169,2142
2079,3388
5742,431
8353,5928
196,8136
9832,4938
7103,8609
6684,6342
2535,7728
8733,9846
1121,8599
6083,2263
6463,3114
675,8357
7491,2347
1197,7822
3138,340
9426,1685
3795,1360
3667,4677
7846,7495
6293,1567
4689,3637
4849,7251
934,9797
664,3671
6128,6639
1859,3863
5132,8875
9752,9305
4149,5008
6824,2987
6104,6862
7878,524
4694,3268
8050,4787
8663,6911
2067,7072
1915,6272
7732,7613
2283,5193
9653,257
8351,788
1570,1105
8585,3791
2704,1715
9119,2439
4868,3760
3382,480
7790,6485
4553,2895
2306,2807
4265,3525
2535,9744
7247,6360
8,762
2492,8383
7081,4823
6561,4697
2244,2571
5771,6827
2112,8391
4630,2117
51,9490
5058,2719
6366,8613
7491,5173
4871,4628
3042,700
4164,6372
1473,8304
1043,7006
1820,8684
6438,6910
1115,4916
2108,2488
1140,5330
3227,5912
157,7292
1401,9652
9167,5182
6427,7568
7158,1594
6228,7517
8180,9800
6670,8064
3462,3195
3847,5339
6943,2626
2531,3578
9184,9464
9183,2892
2409,4953
4550,5915
2248,5393
7452,4266
7632,5186
5143,2858
5590,865
6062,504
4261,4718
3690,5895
3153,5231
1033,4566
6216,2712
1809,9710
5381,5144
6785,3291
9678,7955
5811,7924
3437,552
9342,3816
9019,4094
9545,9846
4712,2864
9993,2489
7064,2994
8123,2926
9959,462
525,1060
2669,5440
7430,8191
5949,1770
1542,8841
3143,644
5192,4870
3821,4916
6357,6722
4387,8551
5762,3081
5967,6761
2441,5058
8288,502
5861,377
5820,2413
3670,5928
1825,5726
5445,833
6589,4176
9394,9802
7576,8129
5961,1110
5391,7739
1250,780
908,7247
2088,342
5440,5153
2977,9384
2547,7200
9724,299
8003,9216
3242,4357
7384,1414
8418,119
5736,9391
5736,323
934,9278
7752,3127
9012,5008
5308,8506
7642,7757
6846,1938
8863,1421
6791,3360
3860,5748
9077,2409
7504,3020
3707,8833
9974,4301
4770,8870
6883,1468
29,8503
547,2509
3499,9087
9571,5094
9542,3745
4609,4306
9128,33
351,383
525,9981
775,2821
1411,4583
2856,915
574,880
7279,3831
952,4498
4465,1593
4549,4025
5332,5444
6661,9184
8366,4003
9139,6772
7541,3044
7994,5799
6437,4076
3176,563
7344,599
3258,2232
8335,9081
1062,7748
887,9190
3000,5646
7975,8571
9364,6943
2878,1863
1274,9566
7305,9337
2424,8775
1466,7
9001,247
180,4344
475,7446
7314,6479
6718,5681
5944,4804
1961,8323
5458,3265
2806,5183
2344,9046
2398,8749
6067,505
415,5982
3065,6701
233,8478
2676,6446
4728,2070
5169,5143
3516,4106
8643,1072
2612,8437
7208,1703
6233,6799
9204,4857
6343,3945
6553,8221
2070,8117
4712,3198
3959,8292
9393,7395
6153,1789
5879,1581
9932,9031
7711,8956
3437,2180
2166,1726
1951,9690
7794,7302
7627,7470
209,6420
6734,8815
8510,198
9617,2588
7538,8347
1110,8484
5734,1376
8126,4537
7975,1769
4215,2847
1746,2925
8723,4950
5183,1630
9444,5937
7483,4884
3091,3507
541,7350
9279,4390
2618,692
1155,9511
3763,99
1281,2945
9532,6102
4554,7284
3240,4261
6751,5730
64,4493
8433,1270
4610,6196
4501,7793
3782,1206
4132,8738
668,9265
4847,8977
4689,6666
2255,4681
5985,5707
7850,3904
9318,4985
4482,2292
3502,6565
4743,6771
6347,7711
4397,7959
5043,3266
6040,9436
9128,7553
7876,4367
8962,3900
8993,8646
3064,2814
1323,4838
2526,5734
7703,1476
536,1983
7690,7148
5949,4046
2180,5527
9191,6361
3113,7917
6390,2367
7488,6071
4436,7719
1525,6799
5155,4040
1209,2086
4371,6834
889,6914
5808,3400
8108,6515
6872,1067
8981,5136
4169,8532
6921,7202
1289,8541
9194,5900
3711,9660
4770,7685
6239,1917
2876,8645
2532,3435
8011,5288
8197,1563
542,2081
6409,422
5723,3374
2295,6432
2264,2148
9527,7865
6186,439
5172,9152
3108,2712
2979,4655
1665,1628
4764,3959
6124,2596
6775,5161
9932,6078
4643,7661
8590,2904
6799,6579
9306,6060
1451,5828
7064,5868
3065,8356
1323,5899
7901,1830
8699,710
5396,731
33,9725
6416,2729
2779,5778
6257,6245
9519,6717
784,444
5356,4345
8181,4707
2780,9823
3464,9081
4822,3389
1396,7222
33,3794
6648,2547
9474,3128
3991,2949
6470,7871
2735,1271
9627,8850
870,9811
6888,9065
3537,9164
9806,6122
7694,1435
2006,3436
433,3397
7641,6377
3932,7941
5167,6671
1592,9019
2911,2964
7008,9680
3829,1908
3756,5701
1937,6409
411,9015
876,7797
2505,7601
1446,4318
8864,4159
6379,3142
7595,2090
8564,4806
7878,1940
2873,3047
2289,9890
2580,4733
6275,577
112,8817
8667,3622
3585,4841
9746,6615
6798,8902
45,8047
4617,4345
6990,5522
8719,114
2633,1853
4426,935
5380,488
7187,9934
536,4316
8293,375
9541,8363
3998,4073
3697,8592
5246,1607
4353,2676
7106,8111
7664,8490
7114,1407
4012,616
1878,4180
304,4402
3776,4560
8444,6580
2210,4327
353,1324
2312,2503
2504,6962
560,9841
2,6918
334,88
6410,9812
7708,2725
583,357
383,4069
3854,7093
7156,2815
8100,3005
7353,406
4240,5133
729,5479
7983,6872
7087,6383
9281,4395
6204,2045
545,9563
4531,319
5730,9258
833,7020
5925,7702
1210,8973
8183,3406
382,873
9927,5154
2827,3003
9942,6006
1372,5186
3734,8786
9199,1157
677,1065
6629,2864
2515,36
4834,2720
9358,5291
852,5639
831,6943
4176,1373
3469,4551
5335,5699
704,4837
7496,2901
2544,8851
2208,5211
2764,3999
6588,5068
7366,5521
7647,9280
491,7381
8543,8527
3424,7914
6649,5035
4201,3462
8309,9640
339,531
2004,8404
5569,7049
3365,5894
3620,3625
1800,967
9586,7316
1034,999
9001,9382
6207,8926
5150,6914
8237,513
4494,1051
2356,5724
4837,4285
8956,8162
589,2198
5832,510
9758,2164
3014,5220
6356,8331
9672,442
3423,8819
4876,5084
6467,428
1687,3889
8255,8896
9281,5816
3163,3603
5578,3406
8506,9385
3995,703
6495,2644
3687,6757
7820,9704
543,6898
1174,4190
8692,3031
6196,4577
7576,3727
870,4984
926,9787
2115,9408
8848,8250
794,5062
4926,4548
7866,5422
2420,7555
9533,5970
3525,2351
6191,1851
1427,7093
9980,2757
7681,2803
7848,9762
4624,8290
4872,6702
6213,2112
7341,6473
3819,9065
9457,7638
5861,6370
7674,5392
8220,2210
4235,6068
8886,1886
1338,7551
9336,9919
5356,4804
1474,593
1596,3994
2648,9147
6155,5456
802,4086
4946,9310
1161,9771
7699,4842
7729,2110
7325,1667
5814,1009
2269,8317
8975,9894
6929,9753
8208,6325
2969,336
8507,662
4631,8285
6054,5500
3237,4404
8200,4463
9445,947
4332,1780
7635,2787
3704,2570
6087,3994
5112,1363
6247,353
6275,3197
2794,7837
1296,6124
9735,2252
2209,6182
1451,5150
7964,2811
3417,1870
4379,2527
75,5867
5002,2566
5303,7143
7197,3770
4605,2651
2852,3772
4701,5749
7991,4741
6550,8703
4523,3927
745,1021
7079,9157
8172,3843
8112,5051
4010,2209
255,2780
5592,8172
9861,8662
8546,3753
3189,68
9219,9385
7215,1600
6660,4060
4893,7490
5275,4819
1398,8106
9237,8534
2353,2950
5839,638
8804,8208
5726,2321
7897,5992
3663,6792
5441,6105
1816,2062
4147,7018
3372,2567
3997,9235
4814,9194
3179,746
8893,4573
8598,6489
8846,2972
3059,1950
5512,1541
1356,2271
9192,8211
7948,1847
1012,1908
3572,2178
2284,7753
4379,2288
9133,2842
4418,7882
2752,1444
1029,4623
2655,2289
4861,488
1736,4609
8530,1952
6138,6394
606,6218
1995,8954
5373,3358
3692,4900
1056,4740
2740,3599
3697,1980
4985,2039
5313,5271
7134,8781
2637,7909
534,7842
7039,5020
8071,3580
321,8625
8665,9874
6364,1623
9693,6122
3582,8273
4459,3148
9178,1781
1203,4115
7626,7568
3605,5408
7311,3008
5821,8170
7897,1377
4870,6886
3922,5096
1359,9518
2868,1285
7402,370
9179,1833
977,7912
2421,500
2036,5536
5670,3273
4749,3833
6921,5552
3205,6186
8224,3240
9055,9662
7788,3527
5169,2431
2616,8207
1492,8573
9088,9216
6929,204
1279,5300
5867,9671
6293,1226
315,1172
1784,9474
4518,5734
9042,3266
7099,3353
7000,259
2953,9822
8938,4491
6814,9747
6486,8791
7306,5949
3303,1541
4241,1988
9116,8140
8063,8188
2627,2760
9317,9500
6547,3430
7634,9773
9881,4552
494,3729
4778,6021
9824,9565
5784,7904
4319,1796
2816,2131
7781,2161
2639,9641
8335,1728
3797,6245
1393,618
3058,4898
8918,1052
7885,7207
4901,7795
2979,7142
9008,4438
5692,8706
5126,4975
3785,9051
5448,7047
5674,4936
3577,2125
3980,5823
5022,1699
5823,8515
3812,9750
6838,6587
2449,5943
4440,9499
4467,4891
6163,8961
3605,8763
7344,6143
2336,3609
5521,4624
9886,5936
5799,5352
6394,1606
336,7244
9187,3729
2302,5867
8334,2275
4259,8360
1307,7475
6280,9797
9504,2809
8381,7885
4562,5206
6571,2270
3507,9054
7973,8754
1461,8883
5692,9529
7724,8255
9137,4324
6865,5901
4822,9728
690,1509
5006,6540
5783,1714
7123,9337
2672,3202
438,558
9947,7097
6640,3877
1249,9218
9975,8902
1280,5668
5373,1389
5427,8252
739,762
989,8717
5210,8885
7444,2993
6522,3500
1370,2186
9899,5915
3784,2105
7681,6423
9491,10
2565,3207
5728,6522
4381,9775
6307,4471
7806,2602
6051,242
5336,9811
8026,1027
6544,1360
3545,4794
6363,636
5064,4189
1269,880
9658,3443
4706,7981
9454,1611
9612,5304
1059,9114
5931,5218
4259,8751
4178,1987
8624,7573
5510,4035
9101,5556
5690,4629
3155,2324
6453,4816
659,9632
293,1883
9883,2691
2141,4628
6402,9185
3450,2988
8605,2100
2883,2851
2996,962
2495,5244
5135,9719
4464,6733
2009,1237
157,8038
8983,6916
381,1883
4994,6087
3343,5919
2063,6045
4503,6239
8320,3249
7395,8584
6980,7103
9899,6550
825,2338
3191,9530
6002,7423
8010,7798
2307,8088
2828,4649
297,926
5302,7410
471,4470
5878,9074
8507,6918
2707,6691
5726,2605
7386,7614
8938,4652
4550,8974
2247,3173
895,4703
6958,8766
6841,3938
8943,6082
9245,9728
4029,8228
4180,9912
2182,1073
1408,7495
2273,2657
7909,6307
4448,9018
7844,2084
3093,2897
3321,6528
8129,3629
1322,6721
791,1802
8080,628
8832,4663
5474,3137
3623,3133
7228,1314
2132,4444
7311,2243
8310,3875
7986,1412
8521,9675
1606,5725
7112,7522
9479,591
4156,7871
7966,7699
6850,7174
9699,3841
7050,7322
9344,2143
8267,5626
7201,3524
4533,8506
552,1848
6783,1295
3580,8346
8414,1158
3441,7885
4919,2433
1252,4144
59,6847
5805,825
9185,6343
6102,4445
4082,9409
3339,830
1758,9505
3079,7666
908,5121
3902,1451
5950,9930
5978,9049
2883,6606
7660,6680
7013,9781
2820,9943
2531,5329
5628,9239
4090,752
4814,6027
6796,1119
2614,7106
3378,6022
1251,5903
8845,5459
7462,5873
888,3222
1581,7588
6282,3446
1994,787
1272,1807
203,439
2567,313
6319,5169
6399,9302
4206,1744
251,7239
8199,5488
3132,8523
3191,4847
813,2838
4469,2221
1762,3834
5771,5423
7626,8100
2046,3200
515,5557
782,3029
1084,2731
5049,5867
2486,5004
8811,4592
403,319
5440,6538
4401,8967
7945,5336
5552,5996
4029,9011
5230,3447
2295,320
1445,7466
3661,4581
2314,9419
6896,3269
8022,7003
8143,6970
7297,758
2023,1166
5882,1529
4934,6678
5411,8251
2045,5548
8585,3962
1922,3879
4466,5443
7445,6009
9583,4686
6923,4917
2865,755
4838,1659
7832,2013
2550,9953
7398,8905
9912,3567
9713,5770
2220,3703
9208,4653
581,6848
5437,4068
6442,5230
5952,7666
1785,1599
4669,3570
2539,6532
396,8084
4275,2986
6822,8036
9871,7956
631,840
2545,1959
9183,7
8200,4433
1362,8913
7479,9319
4783,6014
9591,2346
9486,3463
4648,101
51,827
9859,1894
8991,6095
5899,6406
8517,6982
6417,8407
5434,2168
5479,9737
4821,4898
1964,904
775,122
6102,9206
9844,5564
622,1329
5775,4582
8069,4816
5060,8029
5509,3583
3710,8058
2082,3621
9113,469
271,1310
545,9804
5116,426
3882,6960
1645,449
7401,28
7174,6865
9583,5106
3043,4901
9126,4228
5380,2132
1204,3948
1782,3652
4365,5529
7644,4137
5541,8390
44,8797
2354,8136
582,8941
9168,5781
2143,7966
6590,3675
9740,2971
8277,5732
9498,4396
8681,7380
2762,5828
9224,4876
2937,3255
8832,7327
2814,7686
2685,8957
5933,3177
1824,3617
9465,9048
715,948
2757,5733
1288,221
507,4425
298,5238
5526,4794
7307,8571
4634,1317
2484,9905
2196,4510
4891,6640
8875,7378
502,2879
2454,5301
3647,171
1015,4364
10000,4851
4405,4457
5453,1971
567,2975
8672,6699
4844,6401
112,572
2824,3403
5819,414
2057,8028
3490,1984
6008,943
3812,9966
6314,4132
4034,328
518,1920
3346,9781
5793,9166
6143,771
2389,7184
4398,1209
5264,3238
6027,3243
2409,7497
2482,185
8957,4437
537,885
6775,1777
7658,3518
1375,6636
5199,7182
3689,4662
4342,4557
8366,7288
9652,848
4312,5361
7638,2130
3558,4414
7122,6941
6735,6116
3836,4052
2196,7117
9172,9168
6014,5374
4269,7013
7799,9809
8601,3825
612,8403
7088,8160
8320,3323
8079,3599
6948,7238
5212,3387
4482,443
6520,5141
8176,5312
4446,4613
1666,5273
9752,6631
6625,8247
5584,5990
5591,5733
5700,84
7820,9482
3171,179
6442,4764
9940,9651
8973,8370
7141,7512
6855,4323
5809,3511
9008,32
8971,1934
9978,9979
6535,1965
8930,7667
4808,4005
9618,1485
9364,3915
7076,9569
6643,2728
4209,9326
3926,4752
360,3418
7717,557
5818,1193
241,9960
1665,1049
5400,1316
9617,9753
4918,4055
9591,4948
5160,9189
8078,6654
8189,90
5264,7657
965,5668
9465,8708
5883,9291
4872,2961
2927,9342
1071,7346
3292,2076
8185,127
9144,3243
27,2614
4426,648
7731,2127
6837,4060
9741,5707
3235,2727
4373,9081
9357,9643
2006,3668
6102,9752
1889,3789
5112,1103
6825,2288
902,4597
3611,4869
768,7607
7020,4150
2245,4469
6026,4904
8467,7692
7348,7032
6985,7811
6358,9955
766,2289
6044,9393
1723,3929
4791,4479
9379,7236
6798,4745
6963,4282
7644,1680
931,9308
5639,189
6172,9280
2785,34
2181,3850
8023,5881
3526,8500
4455,5932
4781,2394
9742,3008
8510,7956
5839,6350
9140,4977
912,5359
6471,3980
2959,4068
5318,4478
9122,8175
804,7040
9675,6162
6831,2426
4298,6818
9307,7021
3836,5447
7437,6282
2,7731
435,2621
6796,6044
9761,4937
692,3336
1942,337
7304,1636
8669,784
9423,3281
7727,2422
2460,3563
3878,8720
9456,9127
4189,5571
9786,9977
691,4852
4185,2816
4174,1495
4291,7950
6731,3874
14,2487
2900,6237
9435,5365
2315,8360
6546,2150
9779,1833
1849,2995
605,1312
8078,6189
9424,3817
3204,3382
3602,1086
8858,1081
9523,2822
8902,1096
9257,6014
897,272
2149,5922
5308,8171
6356,345
6737,4209
2130,1802
52,5084
7770,1550
7256,9703
9560,6340
6462,8257
7183,9018
3832,4932
4726,9695
6411,8573
9308,6915
3715,5431
8893,407
1632,809
2637,2982
5007,9672
6498,8223
4755,7066
2686,6222
7474,5177
2105,6678
4828,431
6493,5070
2150,6324
5963,7509
6421,9554
9739,5875
7974,369
7696,9069
7914,8468
5882,1812
5455,7806
4885,3899
9738,1954
6879,8884
6991,4023
9479,7670
1763,5060
6273,8140
7273,6157
7158,2541
313,5722
440,6291
4687,8480
6050,6138
7759,5535
2110,4712
2406,4728
97,5299
2907,4920
5521,7331
4949,8805
1302,4742
726,1683
6654,5577
7141,5732
3003,5914
2106,7594
1927,3751
2146,826
6024,1602
3938,9167
1566,1844
9335,1336
8488,1146
7212,5888
4007,5137
678,2263
7211,90
1802,1009
2409,1689
8014,5867
1486,9632
7708,8774
2381,9235
1394,9506
7220,7816
2839,3736
3389,7997
6728,4420
8672,8453
8272,8269
102,2848
4439,7730
2712,630
7537,8770
4854,240
4503,6328
5043,7060
1667,2930
5629,2891
2404,8620
7467,8784
930,2318
3040,3591
3259,8030
8684,391
1116,8627
1457,8789
3547,8856
4626,3311
897,7657
248,7602
1013,1838
2974,2761
420,2353
7308,6435
2652,988
8466,7839
4935,5412
7818,5366
7669,4252
5584,3364
9043,3304
3037,7765
8984,6959
638,5017
7837,6331
9779,5555
1260,8529
8964,1380
3041,9111
1838,5310
8286,6103
923,5288
2395,351
9728,9389
314,8833
6223,4161
6313,430
3693,1122
4560,2266
6414,5366
8346,8396
3340,5431
7440,9685
4327,5752
1329,2506
8518,9474
2158,2895
2891,9871
2289,8754
901,2802
9998,7154
7615,6305
2834,922
7238,1889
344,7373
1432,8572
2234,5615
6775,2849
997,4622
9068,8777
5493,5340
9385,7457
4447,2922
7591,2073
7678,8450
4606,6120
8724,4113
3187,953
6322,2031
6187,3286
404,7309
6142,5487
2323,281
87,2167
8574,4161
2440,6156
7299,1090
1594,6481
278,9179
3489,3001
5012,3315
1518,6978
7010,7060
4863,4412
2814,690
3649,3125
2103,860
6773,2946
7913,7230
5601,5851
8624,992
5645,6660
1646,3535
1565,1252
1559,1686
1167,2420
9929,4057
6986,2550
6298,3581
9271,6430
6537,3191
715,6049
7831,5808
2418,473
6590,1361
4248,5459
1439,3121
6064,5974
4650,4584
9192,9631
8646,5183
2435,1405
5937,1383
982,8934
1121,3282
9775,8756
8136,1009
9166,9088
7462,9067
696,1705
792,5751
48,8481
3359,5719
790,5237
1116,2673
972,6166
3526,7114
8947,9689
4302,6465
4325,1927
1882,2534
8987,5537
5774,133
622,2213
7721,1683
298,8453
2698,4324
2719,8554
883,6998
8033,1525
9318,3949
3216,7085
5533,8668
6706,5738
8598,6621
6779,3005
90,509
3454,3738
9183,311
1950,6803
4163,1307
5630,2322
4009,3355
7526,2482
720,8034
7031,1019
7071,4033
7941,9384
9389,1640
1011,1527
6796,9101
7773,2908
7046,8187
7070,3762
4015,4026
1586,5471
2762,8839
2918,1667
280,1057
572,5213
3386,5536
4746,586
6040,8913
4130,3259
2267,3633
12,4625
5316,2806
1695,9624
3087,2293
175,2797
3474,4579
352,5198
3168,7836
312,7052
6491,713
2259,5151
37,5986
384,9351
3575,7360
856,6874
4122,9213
7743,3103
9683,3643
6756,2213
7596,9502
3859,128
2141,7542
473,8306
6170,9020
9319,7458
5542,4473
655,9308
7317,846
8331,5845
4799,6003
9422,8936
8672,1279
2130,578
3484,5105
7488,7959
9552,3689
9967,5167
6259,2134
4515,272
3644,7693
4006,393
2317,1635
4933,6088
9213,6775
801,4328
7492,638
9126,907
8719,5436
9896,8544
419,1420
1753,81
5198,1692
2519,5692
6089,5160
8866,2668
2009,4226
8715,179
6213,5835
7752,6966
9506,3265
2549,4805
6426,7364
2980,3365
4828,6598
1717,7900
3580,6991
6784,5001
9915,4810
5903,8813
9313,272
1721,2122
7927,287
7177,9078
177,8486
7725,3100
4056,8944
698,6799
9542,9018
4365,2956
107,4003
1581,4235
652,1119
4348,2049
2603,6120
8955,2950
161,2497
7389,3342
6680,9096
2036,3062
7270,4760
5416,7996
2739,6232
3126,475
7227,612
5381,6194
6575,1157
6515,3136
2694,2528
1278,31
7105,8936
5807,1722
3229,3632
1569,5579
5633,3169
3888,2182
6438,3125
3884,3483
3926,1838
3580,6924
4382,9125
9791,3852
5757,546
3101,3840
4255,2949
8189,4341
7907,2032
3568,1565
5719,1953
5530,4919
5654,2447
4369,9242
3111,7424
1949,2558
4151,9380
9136,9447
9105,418
495,9502
6394,573
6238,5614
2601,2275
5450,5528
7331,9650
3120,1252
4389,7255
6795,1765
4090,852
2410,3062
893,3325
9168,9991
2888,5024
7093,8591
8890,7919
3226,396
9079,907
9290,3422
4506,8174
4508,1116
9846,980
1220,546
906,3047
6025,7928
9362,534
2785,9104
650,8386
6361,1707
4542,9829
6913,6296
6012,4655
4900,746
2491,2766
5,7141
4165,3753
9301,7109
5168,4425
4081,6299
8266,3125
4871,1493
626,6296
1337,7513
6244,3649
9611,4750
828,519
2535,4743
8668,8007
2784,3692
3961,4907
3347,9238
3951,6857
3017,9927
2932,4037
3881,2148
7514,8948
9210,9521
1886,4062
9798,295
478,7919
8875,8596
8600,6154
555,7951
2253,6042
3603,2022
1508,3607
7400,598
890,8353
4829,6262
9815,3581
7713,7537
6333,457
5110,6766
7530,9661
7420,3069
5676,47
188,4352
4548,4035
8913,8084
7203,1038
9936,283
4817,8341
9704,3736
5164,1111
4788,5254
8222,1683
526,3988
1591,1335
2878,7649
7721,6919
8416,3376
19,8358
5059,3544
9685,5156
2253,3563
7106,6468
4796,3889
372,3353
7735,9696
7849,4445
6003,1162
2954,2045
7538,9635
6589,2308
5734,9646
9808,2562
3508,5331
4982,8088
8995,7487
3535,787
8739,9175
6895,2947
3370,8666
3776,327
2393,4227
7971,2775
382,5784
274,5550
787,3010
5777,9697
211,5465
1347,416
9181,1771
169,3256
865,8952
9989,355
4487,4349
2253,2221
239,108
8938,1411
3875,9396
7056,9754
3416,1234
4936,7434
8787,1444
4185,2149
7401,7461
8326,5943
5503,7210
4785,203
448,1720
988,3160
269,1664
992,2823
6590,4953
6199,7122
6087,5304
7443,2138
9958,1662
7858,9189
2088,365
793,9778
6059,968
5821,4794
6238,5591
1088,4613
6821,6068
9033,3286
5017,1637
1868,1077
1836,6934
1913,3654
8730,5602
929,3595
7963,7086
1762,5395
2885,978
131,4189
3854,677
8443,621
7534,1668
6252,8442
7635,4846
3181,7393
9711,3151
5494,1866
9948,3095
6980,5893
2640,2038
1996,1088
2411,4407
8268,3528
4173,7078
7837,1993
6693,4991
517,7045
7956,4357
2553,7501
9359,4555
7407,4766
6307,1234
9041,6650
1011,9680
8718,1714
9965,9289
426,126
4492,2301
9446,4105
7430,7422
8202,827
9973,3564
3215,628
4386,6430
4201,5426
7341,6191
5137,9424
7049,355
6561,2187
1013,3189
3305,7521
1254,3278
6863,6360
8127,3284
5266,7577
2659,6285
7311,8055
6017,9966
2492,2480
3869,8052
7922,63
1424,2846
4393,4362
2342,3301
9579,2719
1701,1946
3594,4006
9261,3434
3037,2403
8251,8848
117,6844
9671,6055
7359,2913
9790,2138
2914,6524
8490,3963
6519,5286
6924,9788
7225,7986
3724,2749
6946,6651
7479,8114
7365,1382
6839,7616
4954,1811
3585,4341
1571,2054
7144,7073
8446,8508
5391,6084
1459,7084
8075,8965
1725,8075
8326,5885
6229,9836
2576,5838
4842,8450
2496,5891
5533,7667
3433,6261
4505,7468
7656,694
7264,8315
6553,1262
480,1853
3529,4768
1812,9620
3237,713
855,4548
1170,212
7123,394
7574,6844
2520,7737
4772,3663
5400,5379
4709,7563
1214,8897
6881,361
2271,3807
1182,7603
5385,9287
719,5538
265,5368
7997,9976
41,418
2883,4599
1909,3841
4227,2732
894,9140
3222,5996
1016,5049
9041,5401
1470,8567
7971,1040
6,6343
7306,7747
3070,3455
5686,5582
1413,4412
6389,8088
2215,2188
8286,4872
128,4758
7753,5169
5938,5558
6315,1468
482,1609
8879,8288
716,7121
9568,6321
8199,2085
1267,8066
6754,9321
449,9560
4398,7381
2307,6460
1670,52
390,8172
1512,6140
8046,7184
3160,9621
6198,212
362,9367
6277,6615
2188,2068
3196,4110
166,2719
8844,9013
2058,4568
245,7843
8118,38
617,9753
5128,6943
7632,4376
7537,1239
5140,6156
4994,3954
7420,136
3379,9159
5061,5375
6723,4580
3996,6572
2105,5720
1337,3743
857,1617
1782,7189
3346,147
7869,1810
3988,5777
8287,8990
3695,9419
7840,6169
230,3172
48,5548
8642,1134
3637,9774
4644,8804
4276,6911
2018,9428
6654,405
9027,5096
5047,10000
981,4528
8738,6316
3067,3645
1192,5699
8645,556
9079,2108
9991,333
8327,1764
1627,1599
6200,5383
8723,1993
3335,5771
2918,7576
879,9914
9772,4448
6844,6026
2869,6497
5835,218
6883,5976
2958,5787
8680,5086
6315,280
8457,3105
3732,8340
210,1037
1745,5759
3684,9975
1865,9204
7529,8614
3776,9410
3544,4702
5306,9125
5796,9034
3374,5393
2431,6006
9478,2618
1900,9894
2322,914
3793,4534
3564,7600
1403,7006
806,3673
5964,5074
1679,1534
3743,7204
3957,9314
2732,6150
6133,8230
1831,1040
5006,5907
2195,5850
7571,6772
6628,7271
1823,3533
8402,2558
8530,8011
1433,6437
8906,8858
2718,9501
8253,1677
636,3333
8930,6877
6459,5707
7920,2433
5490,2022
8478,8935
9204,2073
6586,2460
9670,4996
9589,7726
6560,9549
1275,8267
6530,935
7744,4901
5550,6732
8598,8948
1587,9820
3740,3464
6634,7186
7456,1210
1705,815
7860,5854
3124,3798
1646,5544
7860,1379
9674,9623
8672,6137
6603,930
6103,3366
8638,5358
9968,5397
3711,6793
4313,5696
9205,2790
5867,6079
5864,3365
7919,7201
6355,8766
9354,8838
3460,8362
1219,9656
1633,8367
6677,5860
9940,5718
1231,2856
1799,5370
4969,8570
5531,3295
2594,9842
4162,188
5700,9477
253,1926
1577,384
3039,843
5495,605
1536,2392
1286,9925
6125,4503
5011,6946
2093,7881
941,9311
6111,604
4700,3823
2943,4201
3969,6743
5415,1068
9529,3337
1618,7761
4443,7662
7356,328
2721,4927
7477,5140
7411,1519
7380,9317
7310,9385
1288,5280
3796,8113
1098,888
9309,4906
2286,1788
8188,6276
7224,3933
2060,3935
7308,6569
4073,656
5902,1897
5339,8463
55,4739
924,4667
8809,8925
2315,2762
3274,1503
5529,689
204,2115
8001,1469
1501,1644
8101,9115
6618,8112
3603,5722
686,3524
4950,5627
9544,9091
8889,3378
9291,3369
1862,3404
4416,1058
9165,1292
7894,378
4672,4436
6393,9057
3851,6908
2431,8125
7537,8082
3775,9708
2641,1615
3597,1284
7591,4866
128,329
8335,7387
8789,6619
8037,1558
7132,1080
2840,3121
64,9237
9645,8396
5413,9285
5423,7772
2169,4899
804,5100
7292,6722
5946,2386
9548,6735
5552,297
2105,1535
2898,8047
5192,8842
301,5389
2003,2580
1568,8718
4397,5460
195,8414
7604,8003
6625,4929
5263,9698
5521,5854
1686,1576
1571,2134
8880,6375
3109,1924
6455,5994
9221,2546
2249,3645
1233,8357
1704,2729
5450,5431
705,6235
7719,2511
4794,2095
8646,4543
6851,5918
5197,6538
9087,4577
5727,4624
61,5969
8138,2951
6830,1629
9293,2679
4827,2119
4358,2546
8799,8444
3401,9103
3151,6189
5213,4786
2091,9678
5665,2569
316,9371
4316,885
8461,8418
2546,7587
9318,1553
130,9750
2451,4701
348,4259
1059,6204
7728,457
4796,959
1186,7531
1100,1888
4345,9675
1931,6164
2646,7300
3020,1884
2226,1172
5362,7278
3137,4244
5583,1995
3538,8502
8760,6333
6008,9130
2676,7103
1811,8861
531,8633
6951,8142
1851,6902
4047,2846
8558,4884
5146,9892
7512,9111
8595,7738
6644,3306
9406,1847
7293,2915
7070,1274
8482,6402
8324,7968
2531,7062
1619,322
7944,9788
5150,6574
2369,6452
6098,6911
7464,6930
128,5772
947,6126
9554,4251
9221,5001
9887,2032
5444,269
9258,5126
5845,2959
2949,9208
4899,8771
4083,2188
3999,6620
3370,5948
1953,9919
4119,7555
9853,7442
3516,7553
2545,6295
9877,4187
3787,8383
6680,6306
9447,5421
2682,4174
7557,4424
7102,8886
2025,7323
9672,8783
3292,5501
7552,7871
2960,1161
5090,9884
2881,3817
5922,1654
215,7108
429,3998
6232,1009
747,2530
5594,9750
4465,3046
3302,146
9587,1072
3448,8979
4662,1887
1987,3748
115,1417
5298,231
9559,9664
6809,7531
6055,4545
8857,1866
2609,1145
498,6066
1982,8291
3731,2638
8260,7762
5821,5488
4680,152
9813,6813
1424,9009
312,4677
1063,3839
7082,2077
7209,4898
5223,8955
3246,2691
2426,1165
2516,6926
9820,135
2212,7034
5715,8983
9543,1527
2268,694
2530,8306
9332,606
6540,9127
4624,4530
112,2916
7180,6639
9358,3110
2048,1197
7531,2259
9439,4817
3049,7955
6825,1155
1090,9451
9265,6454
2654,7255
9624,3465
3428,1060
9800,2666
4092,3271
1677,402
35,1021
4989,2160
9384,6272
6345,454
7219,3203
1291,5210
1285,2299
9327,4522
2219,9258
4526,1328
4668,7592
566,7069
9538,5440
9493,7892
9749,1876
8820,2854
3730,9886
2913,5558
5627,3317
3764,9161
6585,6888
1443,9468
9052,9674
2129,8449
9459,8826
1569,2295
1830,8013
9736,2164
8608,7034
4560,6130
3547,5090
9097,2116
628,8971
7835,3172
6813,6519
6742,1066
9297,5397
5402,4810
8914,2916
9122,3931
5230,7439
4123,9216
2128,250
6835,8757
1619,5192
5421,1463
5217,678
6865,2751
1530,6295
5423,3981
4400,4652
1348,9102
5615,9776
1701,8122
7946,3245
5048,2092
8176,8463
1539,4303
1118,1507
7404,9969
6878,6988
7647,9334
3757,9586
6430,3660
9018,8278
5186,7799
5706,951
1104,4232
8024,5370
967,6958
5849,5994
4838,7897
942,1836
6171,2967
7668,7517
4885,542
3461,5818
4683,1429
5889,5340
4037,1023
6295,3118
2824,6868
2060,5964
8288,5341
7935,7994
2213,6524
3683,2014
3440,5014
955,75
8855,5086
5653,571
9572,800
3933,1463
1396,262
1474,9334
987,7642
8885,9393
756,9737
3277,4271
2198,5504
9880,7186
4643,3622
3292,2124
9706,6918
380,1359
9004,5111
6390,9632
1531,745
5465,183
6767,3294
5107,9014
4562,3347
313,916
411,6522
6208,2564
1384,6598
3128,8407
3844,4689
8296,8314
7928,7389
1908,4365
1838,1781
8091,2594
2176,576
6589,4526
111,1346
4666,2895
8464,2606
4149,7882
2688,3051
5016,3360
7304,1234
913,1516
1740,8097
6586,8796
2622,8192
1831,9241
9296,1022
8632,1556
2646,1318
8701,1279
1849,180
4153,5766
8215,3325
4640,488
2888,864
8378,8182
7356,200
5081,9942
7280,539
3575,6164
16,3314
7065,1270
6326,2212
4528,2954
8944,945
3198,1023
6992,3561
3621,7901
2429,1927
3691,5202
4758,3261
9210,3801
279,61
2116,9785
6292,4032
1411,4007
898,519
4174,8793
8149,2237
8632,8953
2948,1557
7955,8530
3993,9604
1506,4586
5396,1357
2796,6331
895,982
8620,4175
8348,1668
8228,5960
7611,2551
3538,5674
3000,5684
1275,2054
3713,9131
4036,3683
2053,5684
1200,2059
1847,7659
8500,1407
1074,1861
502,9304
1190,2046
9683,3675
4401,8833
4767,8280
138,4547
9815,9728
2854,4572
179,9952
3773,1747
8584,4270
1990,5429
9322,7023
5263,3889
4910,1618
153,915
1853,61
6816,2171
1796,3314
7657,9801
8344,109
7108,8872
7800,9325
5424,2804
9659,6780
5294,3609
9112,4125
1805,6249
7476,2321
9844,8330
373,8454
8527,7802
3637,3581
7793,8399
4851,22
7080,511
4804,5882
3053,1193
5527,981
9562,5023
9765,510
9399,8193
1831,9140
4829,8054
8722,7398
3579,3353
3405,9519
5191,5598
6067,8397
5020,8720
340,7165
1649,9976
4262,5924
6219,5436
4105,2796
2057,8737
4567,9177
4828,2047
9738,615
4522,8240
2312,2786
4696,8195
7898,594
2484,4964
138,1185
7781,6912
5930,809
2762,967
4578,3647
15,5843
9105,1126
335,7231
1477,7186
1299,4742
9685,394
8072,7562
2267,3257
6766,3949
7567,9745
6716,9935
7087,3820
7601,4068
619,2640
838,2817
5900,46
9936,1363
7173,5768
6465,9981
8865,1341
4718,3148
2956,6130
1338,4184
4286,3518
4641,4617
3826,9922
4642,2819
1508,4851
7444,2640
5113,517
9465,473
9049,7062
8559,5120
4135,8181
6163,3901
2161,8685
5009,9699
4562,5233
1430,9743
4709,1110
8582,4988
2421,3735
8570,6501
3999,9913
97,5528
1977,2973
6455,8371
4156,1755
6963,3503
4812,929
42,2101
9176,7719
385,4993
1453,8141
2511,882
8757,900
1105,2810
6204,4838
2856,6792
2868,8452
957,6624
2766,7578
5268,1508
5721,5696
1518,4930
7847,3808
7032,9001
5674,6830
577,9912
2271,9
5593,2677
6224,429
9189,9543
9501,8787
2543,7601
3477,9254
2699,9100
8574,3377
7812,8495
5348,4362
5204,3645
5886,7542
178,5532
2876,1640
4630,189
2252,1977
8856,1309
2813,2261
151,1767
6714,3200
3397,1683
5848,5939
7999,7983
6619,3543
3963,6537
9010,5389
2554,9542
7251,6871
6365,834
4385,7670
8723,4149
8858,8034
7360,4029
5389,15
1114,3054
5241,5650
1501,9619
5296,1392
1439,6831
8490,207
4349,4613
4694,8460
1812,7600
8251,392
3819,6736
9517,9231
6541,6530
6187,3206
7877,7434
54,5873
2963,8255
5452,9902
2235,9780
5921,2017
2156,6799
7135,8701
4318,2231
7412,9724
8021,6063
7114,3307
6386,4137
3349,3621
3448,2793
1893,7482
4876,3031
490,3516
2485,2848
4855,8934
1651,1114
7952,3642
5693,7106
8205,4789
5762,8276
3521,9600
8737,4230
1252,8822
980,3122
7755,4253
8615,1261
1114,4579
6215,3001
1008,8215
3589,1859
272,912
873,5162
9824,1022
4819,8845
5690,5899
8365,8127
8880,8638
4317,1691
4268,8796
9927,1325
6341,6395
6367,340
78,1972
3643,2307
5273,9380
1174,7630
7961,9231
8305,1703
5061,754
9429,7477
8120,1700
1284,1693
9973,2423
9069,9056
5479,8449
5661,2385
3191,66
2899,3569
4151,1185
4764,5465
683,4039
7725,6211
8807,3624
3103,7286
4707,1305
1893,2188
1900,562
4377,4433
628,6178
2388,4602
1881,457
316,1824
8211,5431
2903,1512
7,9342
5342,3440
7481,1846
3502,6119
8878,8989
9975,4681
9151,7528
535,9479
8857,6187
1633,9167
1698,289
759,9709
4390,1081
2135,8302
767,4525
3584,668
6723,1920
6598,9659
6215,2755
3099,5854
1394,4467
2670,3463
92,4051
4928,1850
8085,1874
2384,2636
3634,9177
2441,4797
3826,7699
1361,6079
6382,8185
2098,3682
5711,409
6614,8862
6426,18
8315,124
3126,6463
6902,8674
5422,8558
9299,585
9426,7915
2827,2156
2024,4750
3966,3118
4000,8253
7552,2840
9845,2015
8624,7519
4031,1055
1203,606
9893,4777
6432,245
9503,2036
2788,4270
3434,3132
7765,9175
1125,970
8980,8657
617,2243
268,452
3477,5738
1767,1309
1383,2146
8271,1173
70,5925
4290,1007
7004,6090
5758,3245
5905,9766
8732,7487
7235,1714
9562,6250
5474,7508
4544,769
7175,3357
1076,1843
7269,8382
9241,5536
4776,2744
9554,6633
8265,8703
581,8195
4979,7033
3882,5144
496,6521
3747,7850
9309,3043
8677,4677
9693,2059
9252,2576
6009,8255
8253,6943
6260,4621
7884,3560
3820,3298
5358,7743
3356,8097
3169,4257
6383,7180
5880,4825
4064,5345
9467,3587
9933,1476
6315,4635
7385,9413
4818,2417
4272,3790
1273,9563
6565,364
8195,2022
2743,9431
5879,7723
5443,6095
715,9930
6915,4789
1595,7494
3284,3715
7897,2557
5861,5993
9647,1921
7931,8917
6928,9960
5762,9774
1756,5965
3917,925
9010,4464
2142,3609
7695,1761
114,4781
7669,4036
660,4440
5576,3185
9105,7505
9666,3420
1803,6133
8677,8588
4823,143
9280,1482
9426,6066
5211,2759
688,5254
4541,5226
8868,3837
5773,8389
316,1520
7733,6483
964,1675
1618,8640
5851,2625
5432,1316
7699,8957
8579,9502
7217,7703
3672,714
3604,2175
4649,4494
7938,7658
4664,8775
5086,4966
5235,2282
4118,5531
1421,585
7961,3071
9022,2341
4630,2358
8624,10
1487,5637
7434,4076
4076,8497
4970,7084
9452,4025
9531,8023
3751,749
9207,187
8575,8921
9589,5718
564,4594
259,3565
2534,3339
4271,5621
2741,5892
5791,562
2277,2592
9457,4858
4366,9874
4700,4933
2799,1476
229,9380
2946,9667
6302,3754
8555,4842
2504,1579
5194,9497
6154,4464
7872,6897
5498,8820
3870,7279
9351,927
1704,2387
4425,3052
4297,2925
8704,936
8960,9363
8762,3802
376,1984
1217,2617
8166,7196
7792,1375
9883,3204
2805,248
8409,5654
2242,7974
2515,7340
7022,5605
5564,8226
9081,902
5218,3173
716,8986
451,2938
5870,6365
8301,777
9124,9484
1652,7460
6592,1156
6940,7767
1354,7561
823,7502
6236,4799
3544,5869
3510,7289
7542,9152
5554,3708
316,1680
4467,9630
5773,3999
839,4944
2757,4192
4827,7302
5370,6470
7229,3263
4817,8663
4540,5365
2542,3836
7483,851
8003,1512
5365,8558
6601,4130
3643,8833
9261,17
9945,2377
2977,8836
5766,969
8723,75
3722,1019
6331,8581
6042,6100
4430,7687
382,7715
3936,1445
3124,9446
6742,48
1742,8152
9305,7084
3766,571
2599,5661
7249,1614
2547,8637
8945,8971
1325,8029
1349,4832
5388,8262
9947,6087
6151,9882
4502,4820
2755,5180
8074,3643
183,6697
3732,6476
3099,3393
6343,6588
6799,6662
5537,9169
2232,7120
1868,9337
9605,5466
5248,2280
8895,8493
2550,1164
8351,6070
8311,2366
1290,6759
7378,2936
1431,487
2317,4861
5330,54
7523,3882
5401,6738
5916,7655
5778,7903
5210,7033
2687,406
1759,6423
2314,7133
7644,247
9323,1295
1253,3589
2009,2711
8704,2223
7421,5342
9468,5696
3362,127
4846,2663
8104,5171
8486,8563
7272,63
7632,8237
1217,838
3238,3682
5937,2267
7092,1404
8991,4407
6212,1484
4293,4691
9127,6917
4220,5123
4228,5496
303,8959
2907,6104
7729,3359
7923,4105
8427,7075
5313,7418
2125,3532
8458,7884
7014,2810
4191,1518
9407,6147
2615,9319
1393,7981
299,1151
9415,9848
8299,8026
62,8347
8014,2609
7000,6297
9558,7198
5136,4752
2546,7733
5849,494
9773,1498
2255,6336
8852,83
446,5784
5412,8443
9313,6138
8850,351
5155,3171
7540,8344
8962,2471
9324,294
7793,6118
7653,1670
1564,4457
9414,1040
6999,4735
5236,6255
7663,8511
5429,829
2530,4361
5390,6155
1450,4653
2333,8682
964,9271
8387,681
5743,1766
6137,3867
8192,5976
8627,7908
5250,6260
1346,5712
3835,35
3956,2720
5914,7867
2358,2082
5485,970
5369,5595
7039,747
1490,8148
3437,5464
7484,6286
6234,5869
728,3028
6728,1524
2964,5900
6119,1827
2234,5001
1067,8270
3567,1952
1205,3129
1756,356
3492,7647
1385,6512
644,9480
9685,3505
436,1530
5283,2414
1125,847
3006,9492
4431,1791
7484,3842
5678,7258
9425,1438
5225,4372
955,6243
2451,461
9050,9976
7930,6220
9746,3453
9229,6936
9721,7892
1211,6642
5691,9386
3702,3618
3150,8241
4871,348
5343,2251
9995,5790
9451,5317
8778,4266
8858,878
7608,5035
6101,9586
3605,3781
7192,6727
2975,3246
7715,7923
3607,2882
9562,680
1617,4424
4445,3870
6612,5887
3698,2699
6642,5715
7517,3793
2226,434
1009,4148
3641,3462
9889,4678
6647,3887
3408,3489
4493,6462
6230,1249
7452,1904
8819,7451
6040,3669
3150,8334
12,8620
3687,3941
7992,8301
8667,2309
7765,4114
7749,4745
1256,3251
1041,5128
3781,8957
4748,8896
9211,734
2711,65
8413,2767
6314,1480
5553,3166
326,7446
65,9607
6195,9021
1311,2687
3528,4759
4454,7005
3000,3762
7995,421
6985,7932
1506,7587
3025,1847
1325,8976
2457,5208
5472,2787
6195,4450
7535,7271
7176,7947
1848,7797
7226,1527
6158,7134
1272,553
9546,2183
1600,1363
9734,9554
9534,4005
4068,7525
1043,922
3624,793
7025,5243
4263,2400
9187,7406
1591,3844
1273,7791
4581,7288
2704,5657
1142,9134
6208,2192
3205,8309
2576,9822
9595,235
8852,185
4733,2743
4950,3022
3007,9356
8115,4380
391,5739
4732,191
3996,5096
6428,8775
8412,2182
186,5300
4477,6338
1588,4336
2907,2089
7371,3130
6224,5943
8334,1642
9634,5229
3343,310
9751,2718
4049,6336
9555,3334
755,8361
7010,1912
3446,7095
9825,18
1754,6126
7542,943
7047,4317
5824,1209
4839,5656
6760,3784
8449,2206
5863,9932
9536,3638
3410,3139
9042,9595
2113,3367
2988,7377
1917,3463
4395,1522
6935,9024
7477,6682
341,8536
6910,6731
5479,231
2119,6446
7288,5859
6080,4279
2944,8070
8830,5091
7062,6254
3288,3329
4579,4097
1099,8730
5986,2186
5182,2350
3539,1252
4639,3309
3630,8514
8476,1486
4501,7785
5118,3519
7171,9595
9312,3834
3152,8193
1645,4305
8182,1092
8551,9190
30,7544
7908,4297
4099,4053
707,654
217,7763
6589,1498
7526,849
8470,6746
2590,4834
7458,3792
8029,2533
3940,539
621,1008
4354,1202
1383,9801
2693,2814
1798,9760
940,7217
6071,8667
1839,3734
6076,1455
8305,3637
9488,5369
7583,3443
7878,1655
2662,308
1194,5957
9073,7423
9416,5607
1391,621
6971,4704
6163,380
6062,2477
6117,2758
6047,5601
6038,6409
6610,9246
2401,5091
8785,9965
9660,8460
1616,3066
4942,3200
1694,2975
7290,7559
9336,6762
8842,2531
552,3182
8263,8406
6924,3108
7444,301
1937,6091
619,6604
9485,1891
3727,3959
9387,7794
9793,2907
4497,9664
1342,7959
6942,7462
4708,3002
8912,1726
6469,3210
6434,6230
9013,2366
242,6935
6126,713
7056,1789
2371,7732
1858,3154
6305,5526
3940,4347
3408,4594
1709,1902
6937,3917
5725,846
4659,3435
5315,4581
7574,7414
1259,6734
9968,2073
2789,1436
6485,4847
9088,8874
2641,8067
3860,9327
2377,4851
9808,4333
9808,7366
6104,6391
7877,1799
5424,6237
8698,8014
1350,9973
2831,5145
9689,6824
3229,5884
4632,4550
1455,3906
2086,7462
5946,5166
6313,9038
3789,6883
4305,2076
9395,1932
9030,4367
181,5001
7770,7685
1101,3286
7581,9921
70,9562
7471,2248
463,9081
4129,7785
6622,7974
372,5431
5937,4441
7315,9764
7375,8361
6605,6315
765,4486
7514,6714
7197,3717
7423,1259
7985,7945
604,13
1677,3802
4802,6643
5403,5429
1682,569
1960,9376
6433,239
3947,1960
8599,980
9029,6169
7063,4879
7843,7657
1945,1276
241,2801
5315,6786
858,5417
8342,7741
1594,9087
1669,7533
132,5732
2336,4026
5887,2307
2462,7058
1243,5055
6041,7665
4482,9496
5795,108
7001,5721
2679,2138
8709,3281
9530,2223
9259,2475
6897,3862
1824,7277
3356,1162
1199,5098
6319,9521
4185,9876
1313,9366
1158,3377
5597,4097
5113,5609
6102,6853
3154,2954
5384,6598
8781,3143
7177,6118
5256,2852
3471,2250
3810,7142
6171,5533
6687,8843
4770,5809
4888,7670
413,4077
4927,2484
7862,7047
4128,6736
5251,2175
5027,9903
3551,5190
1725,3546
1091,7978
3255,9702
2740,6431
406,9953
2518,5803
5945,874
6127,8254
3570,13
8470,2795
8347,5035
4281,9272
5994,3266
9166,1262
3039,2926
7857,7373
5258,5227
1309,5920
2601,2134
2006,2840
4463,2287
3362,7063
2033,3421
1336,6524
8121,3694
6096,4774
2957,1817
5882,4294
9771,4403
7307,453
8123,8682
4451,8511
854,8592
4761,9515
100,7752
2487,5225
721,5334
6386,4071
8713,4646
7026,8127
8515,733
288,8816
6282,4035
1645,5943
7590,2565
8623,137
3162,262
8454,6304
5062,5629
1757,4385
9788,1279
5756,3894
8912,8842
6139,9052
40,2203
9265,5835
1603,4156
6345,4189
246,4478
342,6477
5265,4990
2285,9342
897,8279
2625,6485
7710,1157
3389,6580
9092,4481
8201,6355
5567,606
9871,6717
5552,7374
9864,5413
3469,929
1760,7651
2292,1836
6600,1358
7919,7442
6794,5607
6211,7922
1222,800
1282,6732
5595,6952
5777,4049
9682,2549
1636,5078
6308,860
5238,8804
4220,7359
9652,6000
8615,9475
1849,9314
2200,1533
3284,8772
5624,3849
293,9465
6330,1559
9079,5639
637,1539
2214,5378
4683,7006
5154,7639
3630,9934
1869,9521
1569,3423
222,8220
1476,6676
6920,1796
778,735
20,6520
9485,2264
5658,8145
3985,8333
2783,4313
5222,2054
5032,5130
8727,4788
7837,1508
5919,4342
5113,842
6907,1720
8942,7257
3787,4152
4133,9190
8578,166
1811,3491
524,55
9271,5726
4511,5942
5039,8374
8746,1464
1147,4267
7163,5978
2265,8561
717,809
8303,512
1678,8382
7416,620
6238,3028
2437,9276
2259,6439
6613,9016
6794,315
6655,612
9016,1766
9676,3331
9950,475
9170,9882
5563,3268
7578,9139
6667,7531
1571,4906
3293,8757
624,2488
9875,3404
508,2953
7346,551
8846,252
5961,7432
6807,6823
2927,3394
2472,1652
8277,3828
6257,8443
9914,9734
8340,3053
3341,8288
4936,1931
2605,9730
3658,5489
9405,5107
2141,67
2787,921
5794,9922
2927,1537
4323,8810
8265,1132
7689,6395
9187,87
5869,8642
1006,5237
155,2292
6568,3691
4115,2455
7506,8759
1738,1580
2192,1102
2653,3852
9802,6657
4373,2334
4800,2891
7990,2435
9434,858
6897,7567
4045,3111
6378,7555
8601,6659
8579,3035
7695,6800
9927,9745
8944,6874
6964,2093
8273,3360
3391,1498
6843,5827
2923,4085
7070,1546
6468,1780
9510,3486
6406,433
1253,681
5995,6402
9936,2182
7361,7735
4838,6821
3129,5663
5771,6494
8220,3366
5235,6927
9832,3327
8841,179
1480,6554
6335,9521
434,1187
48,2078
1450,3863
4801,9264
7732,3267
5175,337
5383,8139
7938,8108
1900,7443
374,6855
6998,9662
4122,9148
6971,9856
8921,7702
4496,4978
7734,3925
52,1362
7869,2862
5459,4276
277,1473
9738,3530
7185,6744
3194,6619
4981,4426
7589,546
7478,1561
4486,7190
3722,8862
4653,6658
5343,4334
9208,9312
9880,2457
669,5174
6049,2944
5011,3261
3827,4256
3777,906
3811,4687
7982,3980
1093,7698
2168,3729
8319,3736
8224,4484
6008,7223
4658,4263
5375,9873
3746,6136
1799,5266
5730,3060
9312,5593
2704,6213
7649,7761
1916,9977
5281,7019
23,9089
1494,9305
7464,7474
5413,9657
1912,3755
2663,2956
5149,468
876,7618
4547,3423
2777,7556
6022,814
4573,446
301,6529
3954,3303
4064,953
7759,4606
9466,5934
1914,8451
3529,7482
9739,9039
3842,8848
875,1952
3106,5916
5275,8085
3504,2569
3394,6531
9790,2409
3054,4802
8717,7988
8987,8359
8176,4176
1217,7998
6345,9800
5591,1443
3248,3277
534,2045
2946,2166
4809,3176
2358,1957
8608,4830
4411,9640
276,8274
125,2488
1189,1736
8422,5522
5519,6884
497,9680
4266,1038
5529,9107
5009,7918
4321,7278
1018,9305
9005,1842
9988,7976
9597,9202
3135,7858
8217,7666
5701,8966
3224,5777
8647,7543
315,3232
6466,7731
3878,6366
6960,3106
2063,5297
1978,5272
1951,3587
4027,1350
5061,1655
4304,9348
9642,8230
4188,4547
9455,5307
4552,3330
5682,631
9607,2208
4192,2545
5912,9208
7076,6238
549,9790
621,4873
7064,9220
7150,8175
8173,7417
3871,9177
8162,3663
1393,8295
9834,1943
8639,8326
8017,1883
4544,5853
2091,4760
6872,1402
1254,4438
4830,1076
7101,8406
2665,412
46,8791
3043,5957
2019,5556
5744,5037
8668,590
5735,7351
8478,3729
6927,8519
1813,5
1797,841
4197,6244
7913,2510
6526,9346
7977,2292
542,2078
1221,7264
5264,2980
3954,2107
7970,3869
9466,3926
5668,884
3312,908
6220,5861
8369,7203
1143,404
5270,2509
3802,9318
4854,8161
375,1312
6233,3217
7546,4075
7143,4761
4227,7249
8974,2947
4046,7511
5570,7673
750,6022
6831,5848
7560,2423
7259,8733
1259,4571
4918,1087
6110,9956
771,7768
7906,3284
6416,4577
1750,8816
6513,5801
8634,864
76,146
8203,7078
8093,57
4700,3000
7961,6720
9510,4475
6719,7897
8150,6814
3626,9985
5604,4129
9476,4662
965,6673
645,2391
5926,2321
3177,4615
4313,2197
1999,7197
9596,5214
1373,6394
1460,6381
5921,5240
6345,5734
7795,7212
3195,7283
5286,8056
322,6465
4781,208
3923,2411
2666,7302
8414,9330
9841,8292
1924,2982
9388,8374
8742,4723
2776,4049
4985,106
6076,4836
4118,4763
7081,2681
9710,1084
9149,1464
1466,6601
5650,697
8960,920
5108,9859
3873,7031
1343,5686
7632,4292
8406,1746
9213,9497
4784,290
9087,9251
7645,424
3105,3053
7559,2165
2515,174
2404,8885
9937,4923
5415,741
5920,9162
9334,7347
1941,5588
4854,7249
544,550
7490,1012
6341,3173
3147,3903
6539,1547
1289,2151
4477,4210
8912,7619
7631,396
6318,8083
2667,7645
7824,9449
5176,4037
7284,1032
6556,7982
9417,7768
248,8766
8931,8690
5698,4377
1691,4158
6560,6151
3107,8967
3152,3613
103,8312
6757,4811
6015,1222
1403,449
673,393
5195,31
7555,4967
3194,9223
9726,5455
8157,3233
6766,8127
6695,4171
6710,8931
9810,3931
4048,5339
6748,3
9682,4007
1065,4191
2876,4385
9414,3357
5454,4231
8526,9546
5351,8852
6773,549
4760,3930
8257,867
6567,6863
2441,8318
4495,3825
2582,9594
9252,374
3302,4838
9156,7492
5999,9083
3401,4890
7936,6740
5531,5257
723,3978
3155,4339
4751,1099
3243,7854
1547,6455
1409,4229
9180,5270
9257,2348
383,3577
1042,9277
8866,2764
5985,9780
5516,9172
7049,9155
8781,443
2909,3299
3920,8293
9612,9864
2670,5389
6795,1455
812,7746
7984,6774
2804,56
3386,9657
4369,4700
1854,9909
7379,9719
6941,2762
9091,7726
3121,7426
6561,9588
4598,7656
6169,6333
9253,4326
419,7456
7195,7056
42,439
5241,7799
2500,1046
8901,1131
3520,3654
4461,6272
3263,4045
4603,6427
872,2524
1332,6345
3551,9717
6635,6524
7312,582
4083,3075
6357,8086
8513,6501
8648,2075
5872,8362
274,5334
5838,8166
5073,1724
5779,627
744,4289
8001,6234
8080,8227
9543,3917
4172,3200
7568,7380
1323,2661
2361,3554
3911,9541
8880,5283
9498,7586
4920,9828
6784,7115
2776,7727
5287,3041
1491,2658
3203,7303
3554,7755
2238,2391
5182,6786
9276,1467
3370,2979
4477,7326
2764,7846
3452,7952
3484,7805
6228,1167
293,9513
7779,7257
6057,5593
7526,4907
1682,1729
8435,1284
5698,4179
9910,4939
7467,1660
9235,9193
8171,8317
4458,853
4112,5700
2889,5099
5321,759
9899,3336
7692,3405
4702,1412
4788,5257
2563,2460
9043,788
8270,8970
5925,8501
8844,1972
6037,8239
4949,2670
4536,6727
9767,1165
6695,7281
818,442
4587,4934
5746,4302
3793,5636
2503,3904
7245,4034
1600,1416
3498,8766
6118,383
5151,3861
2677,4101
4014,879
1429,5551
4150,8820
3831,6811
120,47
4874,9009
8406,4189
7518,776
5607,7730
5264,6385
5896,6585
8691,3396
2237,9221
640,8550
2740,9512
5764,4532
8426,1631
936,3230
8039,7049
7534,7683
5573,8883
631,9540
7438,7457
6497,5432
8227,4602
9726,5100
8281,1313
9776,4724
6029,7467
6400,4643
616,4114
8205,3427
3182,261
4226,4737
9921,153
9153,7416
5298,8593
4059,5656
6471,4261
689,1571
6856,3986
5941,212
4628,4046
6265,2412
145,4774
633,9754
4032,5478
7477,7558
4926,9284
4182,427
6374,649
3650,4703
2164,1533
9003,1056
8246,8670
7057,5036
4395,6252
280,909
1453,2709
3620,8079
1546,4824
1601,4319
5662,2232
1071,8002
9565,2335
5546,9072
6492,9500
6679,2635
895,8426
6331,5855
7613,2303
3798,6856
3567,9422
4636,5403
1896,9401
8116,4594
8799,5350
8458,535
8119,3693
2223,5003
5327,7563
3504,8868
2005,4646
6052,7089
8454,5262
9166,6012
2577,6588
8371,6539
697,106
7157,226
1913,6174
7534,7000
2850,8388
953,5124
8847,4488
4761,5349
8378,7053
5677,6075
3239,6716
6155,9365
1630,6076
6026,1176
3910,9610
3932,936
4157,4101
9047,1846
6036,9977
8405,630
4167,2055
8753,1452
3562,8205
3746,6915
8479,455
4725,4873
8245,1425
2546,2459
8234,55
1921,3880
7872,1260
5861,8100
6350,5747
9382,4748
5341,2238
9757,9984
755,9184
5192,226
9245,5793
3469,2202
3700,878
699,5667
9650,7274
6780,7126
6447,6293
6423,9857
3044,2982
4931,7651
8352,6808
7749,7238
392,8559
7194,202
7929,3846
3344,362
2970,8519
9358,2557
5981,518
9557,9196
9156,1690
4126,7803
5072,6504
6994,501
5796,8525
3401,9912
3752,6008
5850,1146
5578,227
4289,7415
8974,6476
6526,7624
3942,3796
6426,5042
3981,8547
9525,40
1630,6245
4219,6557
4642,9989
9269,6602
2453,7525
1275,4952
4074,2679
1383,59
1941,5947
9716,4524
1334,6886
9366,9777
1366,6507
676,1866
3145,2392
6336,2283
4963,192
5543,8785
5784,3728
1667,5027
5628,2801
2781,3351
6233,9177
80,7805
2350,3517
74,2204
724,6967
460,327
924,4960
4224,9644
2100,3035
8201,2681
1417,8606
3798,5051
2087,2141
8849,4916
8187,4949
308,3096
7929,2817
971,2773
1641,1725
6420,9804
2797,1957
1139,1616
3582,584
8098,1338
7219,8287
6950,5174
3779,4260
2205,6430
7522,1856
3955,6833
7624,773
4915,2800
8591,357
4122,9765
7083,5821
9336,2416
7188,6930
1232,1903
9214,3190
5919,1545
8106,87
8777,4663
9365,4101
5694,6127
3774,2493
636,9535
6421,9014
1598,7395
6623,9159
8226,8515
3942,5940
6761,6075
877,1043
9175,9096
8098,7151
7962,2716
3820,1545
343,2127
6131,4053
8928,3650
3070,3528
8465,8880
9048,1548
6538,1092
2076,1853
6887,4449
9616,8259
3995,5490
5950,5933
8172,3887
7228,4086
5287,4712
4749,5415
1780,3601
5681,4777
7252,8778
919,9749
3543,6122
5891,249
42,1880
6571,4025
2989,8693
7195,4400
4723,9769
6408,6578
1170,5064
3554,2000
8715,4353
9682,9366
2211,3203
7571,2916
9600,9165
9757,2791
6943,1040
5708,6628
7826,5042
7695,9056
3527,6674
2316,1935
9475,5395
3169,5255
2959,5048
5686,1744
7048,186
287,8346
9610,1769
381,1675
8103,9484
4387,4100
3088,3638
4885,7806
1638,2936
9837,9638
3467,9741
5800,7587
7138,8021
2701,7136
5541,8545
9822,4522
2724,4424
7271,4551
5739,6021
8675,6753
6813,8686
1037,4782
413,8800
1700,1885
7275,5420
6664,7247
5595,6200
385,6016
2001,4211
8304,6273
8744,6025
6844,8483
9539,2927
3006,849
2731,7820
2265,3370
3494,5269
912,5130
73,9507
1852,9525
180,5730
1925,319
3740,4424
6093,6010
8326,1184
7740,5805
590,2067
6342,8238
2391,4115
297,44
9469,5699
2179,667
3351,8773
64,9148
5193,305
880,1257
3845,3359
951,4714
1297,3618
495,1191
6932,4625
1752,1514
1001,9475
4639,3471
7222,3223
3148,8412
2999,8493
1637,711
9347,244
5648,4280
3681,8400
3270,205
2147,2375
3187,2068
7583,7593
2202,7304
1999,842
8918,4874
9871,3678
2315,8587
7428,3599
1914,8852
6219,2894
7507,5699
9999,8900
4853,5202
7812,3235
8433,4997
17,3102
5549,7728
3019,7025
212,4035
715,1582
7754,3107
1170,7478
1277,6038
5187,7121
1144,4538
3438,394
5697,8130
109,9545
1970,8222
5624,2750
4325,4438
1571,9239
1144,1988
7799,9310
8224,5163
5965,6850
5161,615
3174,7041
2267,1634
89,8815
5705,7712
8308,981
5267,6345
9795,8072
9084,2576
7311,5429
2406,1556
3053,2935
4488,9138
2919,7844
1169,7829
4568,3898
7511,7420
1217,801
968,1654
1721,6957
8530,4396
9873,1635
2958,5738
229,7701
2198,5852
9662,6188
359,4818
6756,5169
1010,3343
6449,664
5901,2852
4913,2585
9975,740
1013,4332
9016,1923
2391,5617
6646,8832
5464,2393
4420,4524
5781,5076
7333,9142
6568,5480
622,5892
6235,2458
8586,5168
5927,8509
1255,1452
5546,5844
1197,2628
8167,2597
7391,1535
40,6317
1658,6545
1582,2746
2346,5984
9241,8040
3820,785
2035,1291
3022,6591
3318,5094
1603,9511
7774,486
9571,3026
8697,4751
8910,5472
5547,8160
113,4765
5055,6613
2033,9843
4583,1145
4948,3517
4372,6918
6752,3490
3729,587
3227,8582
7354,2649
8689,5833
9994,4569
420,8378
2050,6941
6430,5180
5893,434
4786,450
1744,8735
5376,7466
8279,7420
3095,4868
9658,178
8388,9230
103,2955
3545,9581
8137,1014
4986,858
6607,9337
1072,4006
9783,3155
9024,7771
536,9933
2630,8625
1007,7964
1562,2906
4993,9239
5093,9163
5872,3599
5069,7383
9817,5327
3180,2313
10,7649
5247,2622
784,555
2938,92
3070,3604
8585,4595
5114,5463
1713,2735
7665,2723
2212,6999
9067,3372
7428,4069
1993,2066
1327,5250
5547,8091
3416,1837
9758,1072
5142,5112
4994,2641
166,5888
1466,5990
4524,823
5037,1715
8727,3823
8041,7222
1026,8245
39,64
4902,6567
6841,2030
4909,6403
9280,1332
625,6462
2043,309
7027,7086
3753,3089
9624,3269
6463,6171
142,9994
1605,4389
3964,4629
4091,9466
8695,6455
298,2200
5921,3988
4469,1193
9947,3166
9293,700
427,671
2275,7781
3913,3235
5961,5549
4916,3231
5250,6839
754,3602
1528,8305
6724,3094
5900,2771
1383,8723
4983,9335
7991,9473
1615,8036
5502,583
374,1529
2506,4469
3245,4851
8861,4938
6197,5739
1790,3251
5430,6015
941,4833
9784,2347
1091,7525
2607,1556
951,3179
5412,9361
5662,4049
8109,4806
8730,2754
4783,7982
9283,19
3914,6212
6083,6200
3843,3310
5690,292
1023,2727
8962,7484
9546,7272
4029,7527
3464,4434
2523,1557
419,5850
568,6904
9203,3985
1538,4179
9291,3407
7816,4829
1024,7884
8541,8226
2917,3019
6236,3863
4017,3459
7590,6199
9090,9402
3847,2127
7323,1568
150,2243
1913,4918
7435,267
35,4698
1867,2653
7424,4528
6766,3176
7330,398
7138,3642
6224,9844
5608,9999
721,6598
1164,2822
7524,7319
2739,6242
9549,4740
6045,2010
7530,474
5017,6253
4739,724
9400,7174
6016,614
2681,2999
7236,2895
3684,8549
2791,7182
6562,7312
962,4005
4601,1373
3043,658
5238,8114
1953,8975
1683,1070
2089,8040
1112,7378
374,197
365,2800
1440,4723
1470,3870
2715,6051
4647,567
1504,5342
1775,2895
6681,4355
385,896
6357,2031
2500,4150
7323,4056
6125,2339
2380,1558
3451,8095
6449,3390
7840,4176
2979,3453
9199,2322
9322,5789
8560,1060
6269,4871
7153,9471
9720,773
2919,7059
1100,1874
6146,2831
1568,4193
6078,9309
5461,7815
8309,8232
7383,2070
6418,6011
335,3350
3489,4471
8037,8786
3379,5120
4547,2077
3901,2405
773,1999
7343,3258
7661,2768
2530,8867
2338,975
3307,3664
7465,4799
6764,6512
4332,7055
3338,6803
4630,6772
1529,3296
3425,5798
4675,4911
4710,1140
6311,9716
1299,8916
5582,9656
2235,4107
6442,1830
8792,6373
7303,6095
4971,386
3251,5035
2532,9102
7738,4941
29,9819
5033,9697
2208,9612
1204,3476
9593,5712
8308,3840
4583,841
7928,8211
9164,4233
9948,2187
9715,6441
4487,1328
6065,2245
9070,9373
6244,2470
1654,8045
5080,8765
7367,5374
1944,6361
4827,3669
8754,4406
6662,6270
9891,8114
7136,2669
1330,2093
541,2086
6441,1164
3614,4581
317,3482
3601,8683
7454,2876
8339,87
1146,2351
2885,2188
8093,385
1452,2132
6915,2936
7426,6897
3069,3635
9947,5627
2898,955
9026,3276
8589,7029
6641,7652
6564,9511
9520,489
5705,6244
7716,2830
4089,2438
3161,3471
5777,695
4570,5702
8545,2172
5517,3278
8345,9631
5708,3266
5519,6119
6701,2608
131,1142
2276,3727
9610,783
5854,2778
4502,9009
7406,3976
8567,5925
9893,745
7370,176
7930,1920
6607,5413
1977,3784
6569,9850
7832,2548
3359,2917
1348,5622
4639,7124
2282,5467
5794,4726
4913,8066
619,3000
9941,6919
9241,1648
4703,9825
2747,3551
6335,8308
4867,9687
4396,7971
5619,634
6002,694
1460,5882
5338,2179
7206,8098
5879,5468
4530,976
5292,4774
923,4573
4604,49
2,7339
9257,3128
905,4442
9102,5767
6127,6534
5944,9892
7226,4577
3919,1580
7523,6568
7826,3003
4603,7669
8656,1750
6124,7569
8755,8681
7498,3731
999,7528
3752,2634
5929,7732
9782,371
8122,5325
8488,3847
3923,9566
1379,4963
1442,5481
6208,7829
6498,848
9411,8129
3353,221
1925,9486
2250,4527
4892,1151
1707,1506
9261,9441
5138,9769
9080,8622
1288,9002
9554,9084
6927,9158
9984,3734
3216,8323
8479,1332
8797,3656
624,5705
5029,4869
5216,7337
9333,1213
5654,5189
4908,8513
1414,4581
2279,2538
9651,2752
395,2146
7585,1787
7874,1903
4327,8332
748,4269
7251,1657
9062,9495
6344,1154
6344,9522
9971,2872
3897,7270
2459,5032
5149,1882
2055,7208
6878,2043
2105,8189
72,7176
4248,1927
5646,8445
27,8441
971,1594
5377,681
8803,8080
5646,1168
1816,5447
3056,6510
7896,4399
2304,4653
1379,113
3395,5680
6730,5296
2128,7545
4707,7042
2556,2148
7193,517
8625,1731
1904,8128
8861,9606
983,3143
5367,2294
4758,1466
7004,7919
2327,331
7159,7496
9473,314
3327,7807
2171,8663
863,1842
7345,8550
9062,6490
8300,2060
3856,7265
9835,4934
4870,8673
534,1081
1576,4493
3531,6991
1258,3534
8582,2908
4732,8665
4192,5516
3216,1129
3502,8732
6064,2462
3515,3601
8568,8865
7696,4936
559,2738
1119,9243
5715,9649
2415,1453
4962,6118
4913,5971
1813,8877
5137,1422
8055,1233
3560,1945
7939,4196
174,3835
6587,7368
4237,7466
7109,9165
2529,6381
5712,8424
1356,7803
3108,2060
9398,7237
2680,3383
577,9149
8157,6204
2826,1778
4663,2760
2011,9305
2603,115
510,3753
1620,9125
5036,1587
1216,2755
2468,7149
3111,5013
3623,9993
4284,6597
895,6518
2556,9125
4384,7491
7780,1629
3879,571
2975,5920
2927,4722
6684,4043
8754,3018
3726,1369
4189,690
1293,8486
8220,3196
9610,7390
4612,9257
5167,4208
6783,324
1173,1108
1586,6232
31,7158
5707,1630
2388,7487
3846,3047
5226,2879
1535,866
9325,9145
1825,3258
5392,9210
8765,7727
9642,6855
6343,576
8129,2754
6218,4770
6997,1656
6475,6464
9522,7611
2810,847
2969,9559
9861,1436
4153,8739
9896,8388
9127,5110
3343,6911
6892,9700
9740,2314
5421,2291
6691,8352
5718,7278
3874,8613
9920,4197
9838,4287
5554,9519
745,737
5939,3229
6736,1349
2333,8844
8849,933
9389,7351
3529,6853
999,4615
5611,5953
6935,1720
6909,4527
1106,6793
1917,3313
8891,5839
8737,297
3713,38
6555,6809
534,9078
6523,4646
458,1886
4382,4056
3269,2111
8517,1793
5140,3879
7600,2247
1947,9961
9849,5216
8969,2918
3854,9321
5945,4026
1622,9347
1477,4181
8564,7306
5429,1860
4665,8051
4916,4459
692,8370
7459,834
341,2117
3463,4457
9855,881
2414,329
587,407
4159,8681
6009,8658
95,1113
8610,1583
8944,9359
9113,169
884,268
8783,3473
1055,329
3926,4295
6202,371
1085,7431
1844,9537
5018,1810
771,686
9639,9352
9736,8231
7235,4527
6801,3970
1432,9171
9800,1896
5580,7962
168,1826
5297,2227
9807,5164
7096,3002
4255,3848
3283,682
4975,1409
6295,1040
8047,3514
2096,9143
7385,2115
2590,870
946,2311
2318,8882
1999,3557
7187,17
8053,9209
4899,4172
8169,6935
1502,9024
8982,3747
4489,3666
4092,6223
4313,3580
2917,226
9483,8857
1780,6306
7153,8952
4327,7598
3494,368
1387,2746
2786,7953
2110,8871
5049,5218
8447,7198
8381,8237
7873,7417
2580,8179
2191,671
7781,4349
4700,5120
990,9495
9069,9436
4067,2425
5493,9362
2334,314
9835,303
263,1215
8614,2569
550,2502
8952,5620
7783,463
8056,4770
700,8788
4350,21
6418,8150
7927,7842
4347,8598
8408,4052
8250,477
1615,202
4958,9097
3556,6862
7494,4836
7647,2931
7506,7746
5508,8394
7002,4183
7881,6449
2952,2450
3512,2345
5584,1482
2911,3586
9184,7124
7829,9237
8834,8862
3895,9646
1118,3595
8080,8371
5148,2315
3304,2806
2264,4951
2787,6227
9870,902
7274,5286
7093,6446
6055,8764
4792,2618
7737,3828
8687,6340
7288,6675
4476,64
8882,8240
5233,9605
9668,5234
2111,1017
6436,4692
426,6807
6747,7762
584,6176
3040,3956
3096,3723
7312,36
2047,362
3401,8028
8493,8363
8805,3777
3359,4391
5861,8390
6589,2235
979,1439
4115,7200
7849,7955
6973,233
9967,2332
4124,1592
8495,4895
2981,6158
6149,562
7257,4190
7683,639
9119,7452
7841,8628
8748,7575
4753,2691
7397,351
9169,4813
8428,7029
5705,6550
6214,7279
7156,4341
3677,7972
9931,3339
4065,4426
3165,8429
8329,3273
475,9407
6999,5115
8511,2847
9018,8867
1197,9899
9517,8344
6114,4241
8572,8060
713,6945
311,8877
8237,5664
591,9287
3736,668
958,2579
7321,5447
6323,545
7108,9378
2314,3421
4468,7159
5818,9697
7516,4819
3416,8903
2331,9694
5370,5049
1165,5480
1862,5943
2478,2482
2583,7924
5993,6358
593,7262
8143,2437
3244,9160
3267,3595
9069,2934
8082,2176
7779,3763
9105,4877
2140,6770
2078,8281
5176,9760
2232,9696
3285,8722
7371,5535
9193,5953
5443,2814
5055,4206
1890,3450
8072,6707
9532,7742
5602,8040
5423,6349
7639,399
4961,1567
4684,5389
4994,9334
3626,7797
400,4507
266,4434
440,5754
4424,3264
3514,6103
8378,7608
3286,8059
5434,3703
3987,1487
63,4201
1295,211
4090,311
5248,1276
8156,8986
2552,8472
9285,9563
3223,4111
1063,458
394,7912
6633,1846
8530,7813
215,2319
160,8940
6983,7942
1756,2818
5366,9757
1828,5766
705,10000
9617,7336
6512,8384
7286,3284
8204,2712
5986,623
4466,286
4724,1405
3967,2216
7118,4572
1707,5143
2002,7520
7298,437
5178,3676
8301,6951
6324,8650
384,5854
4201,8759
9020,6128
3311,686
6628,8718
9092,2095
9021,2306
1243,6348
7743,568
3315,6928
6328,1781
6851,1276
9792,8152
9282,335
6231,3995
5698,9090
3370,4213
1245,3837
2596,6048
6903,9673
7313,3
3299,787
9150,4187
1602,6810
556,9035
9461,6709
7540,8284
5604,6388
5252,5490
6008,3329
1591,2574
9234,7394
6195,2873
8351,9487
220,1188
962,1978
7638,4009
2977,2832
4296,909
9565,8410
6923,308
9384,224
465,8161
5739,6507
4035,9
895,3877
1283,4627
6185,9184
8656,4094
243,2751
8632,63
597,2709
392,8645
867,3432
8606,3803
1264,1297
9471,7129
6896,756
7669,7639
5163,7014
1840,4992
9597,5391
5614,8222
2026,558
5493,9864
2159,8051
6700,1045
4355,8077
938,9275
8029,3457
7302,8777
7503,3843
6845,6141
352,1492
7203,7523
744,2553
6432,714
8612,5956
7676,1764
4025,8545
5157,4203
1029,9294
4012,6011
5633,8391
6112,3423
2706,3582
8163,6491
2639,6180
7033,6740
2397,6806
974,1319
5350,8295
5111,4461
6665,8582
384,8233
5243,9596
5861,6778
2890,1380
3661,9540
673,4615
6800,3381
616,6867
4169,7943
9971,4583
3478,8625
5899,8558
7276,7258
9562,837
2312,8411
432,811
5840,4111
8658,7956
8024,1675
7266,1161
9969,9956
3097,192
1291,6529
2385,4420
4907,9422
1008,7457
3784,8121
1294,4398
6464,1165
1767,8231
4311,2505
3612,9125
463,4701
6084,3837
4819,9488
6704,5906
4749,512
8669,1847
568,3559
7954,1381
7375,3702
424,277
260,7793
5658,971
9725,1350
7522,5184
3113,9772
2115,5546
2449,9524
8149,6058
7225,1614
4362,7569
8629,3355
239,6592
3416,6298
7999,1403
3656,6946
3825,8616
3182,3755
7778,7482
5593,6233
125,1861
8386,5686
3527,9981
7834,5194
3655,9088
9071,7993
258,1996
6446,1754
4693,414
2530,6960
5963,3208
8122,1031
6735,5534
361,5468
4827,3086
4135,4793
334,7033
3989,6476
9053,3810
7806,7299
4480,7122
1176,4342
6525,8262
1098,9696
5602,9526
5976,8875
2651,6594
5849,9704
1924,2459
2138,5112
8809,3835
2539,9898
4585,2002
7142,4977
3384,4638
2049,3393
9843,6342
6297,2711
5919,8483
4430,7986
9642,5179
6814,4065
483,3340
7977,153
6902,6322
7268,8371
831,741
2841,4321
7888,7106
2187,9083
1630,7811
5095,7851
8005,4206
470,2608
139,1543
7391,291
5074,9155
4569,5124
6663,2842
4638,8415
9864,184
587,8577
4339,7264
4693,8817
1465,9005
3333,3277
1345,871
9524,2274
6392,3150
7041,2615
599,678
8975,4871
2221,5520
252,7465
6011,8192
7532,4782
1214,4576
5221,374
7111,4401
3106,8303
2471,1496
7419,9931
2566,2061
7836,1420
8210,2396
4273,1615
8053,6053
931,1795
8719,3190
1356,9524
8114,6163
3719,1160
3549,3279
5619,6741
1152,5194
5702,9149
3870,6967
7534,9224
3073,5417
1859,4685
9367,8617
3864,7948
7385,4839
3008,7466
413,4634
9581,6153
625,5621
3523,1267
6264,9945
9740,3780
3362,4961
3044,8354
2627,5166
5717,4234
2341,5327
957,4039
9993,1084
7642,753
1257,2511
3960,1120
537,5376
290,3500
8636,924
9780,1699
7811,7137
1105,7909
1264,7289
5904,2752
6409,8016
161,8291
8152,3203
1422,9297
3582,3895
1405,3828
6199,4483
1217,3226
3865,7068
6591,5313
4663,9147
2959,6907
7043,4460
9065,5294
3983,3174
3726,8347
4964,7154
5145,8456
1884,794
9130,8060
2601,8095
7042,3559
8521,3542
8318,2076
769,9345
554,2491
4838,406
1270,5871
9498,6526
9062,7457
3940,7564
5427,1575
7992,9399
4527,9373
7286,7494
677,5710
655,3592
5471,6543
8065,4797
8994,1464
7187,4436
7156,3248
1116,9441
1118,9972
9135,3402
4620,883
3664,8223
6929,4201
7946,4004
1607,534
4409,1597
9668,1835
6786,133
3128,3168
3539,2778
7267,6564
4645,9736
2803,2866
8750,2864
6315,3501
3235,2917
2048,8216
7802,6596
9149,9333
5549,4189
6214,3111
539,2
2297,3173
1608,6203
2224,6286
9477,6179
9715,7236
4154,1122
6443,295
9776,8616
8450,6191
3579,6259
6981,8980
8597,9917
3659,125
9302,1398
8143,9124
8174,3753
2681,179
165,6029
3500,445
8281,9210
9048,8587
6647,710
7135,1761
4598,268
3317,1213
2684,8135
1760,6363
84,3696
3391,5016
4183,6546
5127,6657
6359,150
8425,1974
3099,7344
31,5265
8500,6005
9157,8973
943,9944
3284,3925
9459,4351
5801,4251
6298,358
53,2705
8476,9904
8189,8471
5158,6694
7970,1057
10,3518
5803,1284
8896,8072
3662,6670
5482,823
7694,1727
4598,7947
2909,9464
5660,9831
4339,6158
5431,5268
6903,1866
1377,3649
938,9088
5414,3301
3987,5706
698,3363
3556,5873
2791,5657
3180,4968
6367,9413
8246,548
400,1555
6399,5836
8437,3304
6789,9513
4777,4
6970,7593
3062,2984
296,6855
6572,9556
7487,4303
5437,1195
8873,5488
3924,3430
6190,4434
5702,8065
9347,2273
338,7094
9486,134
9218,8228
2932,8768
7827,7787
3604,660
3184,7063
5900,6942
5514,7399
3145,8259
8805,3913
2924,8021
108,7860
23,6098
9045,5585
4712,9785
3454,998
5996,3465
4022,8000
7557,6872
6617,5581
6102,109
5188,4740
2875,2540
4134,913
1957,9947
3079,6673
6835,1173
4482,5542
6220,3914
1646,8359
2201,5824
9291,3128
5168,2363
7943,353
5706,2901
9936,3229
7814,570
851,7985
9623,2450
2868,4951
2664,3067
2519,3271
2608,3331
2490,129
1345,4015
661,6713
4010,7883
7914,5279
876,6079
8471,6538
2857,3466
747,3568
9720,9085
1844,3732
6006,5030
5382,3645
2230,6040
2952,8703
7193,9011
7097,8185
7849,6534
5152,8698
4639,7645
1073,6032
7876,1720
1259,9951
213,4059
318,5898
1199,9899
106,4320
1018,2300
8946,5094
9906,2516
9295,1134
9745,8106
8914,3089
5736,7793
9601,4350
1036,7867
1699,1743
93,9996
262,6836
1153,4300
4141,4766
9936,8760
3480,6362
40,2278
8523,535
8593,7747
7297,3206
7435,6988
3625,6926
2387,7653
4286,1033
1461,4744
5476,4687
9563,7725
5726,8317
99,9474
93,2369
1710,3288
3699,2676
3349,7723
9382,6036
2487,7355
9567,8301
1757,4235
674,5956
4254,2886
3752,1952
4638,2185
6168,181
945,144
1013,8974
7118,4081
7569,8838
4734,1103
2447,8180
1492,7804
725,433
1078,319
560,8838
3369,2813
7490,4070
6588,1927
5798,6694
9387,7104
7604,5317
2355,9034
3760,396
2117,1804
493,7907
7652,3073
6127,3308
4632,3359
7710,7680
4037,3299
9350,5877
3797,5110
9436,649
5042,9310
9371,9406
3856,6628
2123,7618
5159,7933
4931,5865
2206,71
5078,9769
6546,8914
6825,4226
647,2376
964,6264
2438,4714
5831,4415
2020,6185
4484,1937
8131,6062
3098,7246
6865,3478
5682,6257
4798,3182
5842,843
2156,9271
6862,959
79,3317
7503,5033
8003,1754
8140,443
6285,2042
5781,6326
6154,2586
782,9521
2387,2490
6264,4697
2498,3404
6715,4006
2350,6513
256,1061
8035,5743
1564,1415
7405,8080
6102,2165
1986,2953
2841,8430
271,4149
1108,9952
5435,3966
4479,5982
2968,3288
6889,740
1399,2554
716,932
9819,7241
1874,8171
422,2947
8033,5046
2336,8405
5633,2811
6647,3098
9359,5109
6640,4272
3434,5439
5402,9320
3146,7644
1411,5962
5776,5665
2613,9587
9513,5184
4392,3180
9596,5714
9723,2760
2195,9247
285,2505
1414,9853
4566,5248
5602,6403
1827,2495
2969,8617
4461,4269
5811,6254
8987,3349
8611,9798
8478,9627
724,9982
4554,2093
754,7228
3893,4129
6741,6968
6040,3489
5239,2721
7874,607
71,9821
7500,6167
2502,6977
8103,8368
2239,601
8945,4046
4148,9029
7239,1063
9347,8641
7045,1871
487,3743
5560,1859
6395,7730
1492,9135
4809,6650
609,844
6081,9479
4304,8058
1141,9595
8972,8869
2465,4225
8828,5159
3848,628
6133,1482
6681,9582
1083,1256
2608,3406
5080,8977
2585,7684
678,7608
3744,1372
4342,8570
6388,5412
2019,2332
4234,3756
3776,4641
989,7657
5454,7317
5971,4790
6650,7400
3146,56
3443,5626
8498,2380
6761,6655
1796,1184
177,7408
9552,1051
421,9822
597,9257
536,4739
7512,1862
7927,3703
4871,8646
779,2252
1112,8351
6635,1238
5867,6341
8079,634
9246,7760
895,3122
4271,6939
3177,5963
5020,8107
4546,4827
2838,570
4420,2370
1876,1407
8661,7276
9316,6780
2328,2511
5724,6132
93,328
959,3590
6611,6316
6779,5515
3550,4590
47,5688
2548,8812
5673,9232
8209,5110
5069,7626
8410,7645
6178,8874
8718,1219
9735,686
4361,8212
6259,2423
8290,3168
586,5682
9716,4581
9163,3986
7706,3541
8982,6908
275,3913
6059,6239
8566,3474
6990,1694
3807,3751
2406,3051
4038,1968
6837,4225
4689,8878
9409,2126
7632,3124
5665,4843
8422,5286
3828,7002
6615,3373
6234,8123
509,1813
6694,7211
4357,5043
6043,6601
5670,1477
8868,9574
7297,7288
896,665
9396,2064
5802,6492
6249,312
8742,5734
8204,5702
8872,8070
6617,3226
910,5816
8963,1075
782,727
2146,9166
6874,1776
1844,4796
7535,1231
8292,574
9054,6793
6855,4496
4257,7573
4531,927
767,5671
9338,9496
9323,2185
9604,1055
5575,9896
396,2280
646,2153
2129,6022
8974,1655
5628,7966
2220,2203
161,1735
34,422
5182,4576
8556,3757
6128,1117
736,4833
1813,1808
7027,7081
3997,4880
696,7999
682,5385
2995,4885
9798,8816
7436,9250
4739,9376
3615,5356
5165,3510
9056,7827
620,8101
1245,6584
3974,1943
4635,1673
7441,2097
3714,1146
7942,7938
1013,1456
2497,8488
5785,9069
3525,8655
3783,1620
2028,9734
2332,776
3596,9775
5709,6469
9622,4659
8072,7834
9351,8880
5510,5474
2881,2945
3933,7950
6692,9176
1186,2992
886,7130
2971,1639
9762,551
2483,5986
3564,6180
6230,9106
6706,231
1068,3056
8895,8990
2163,5192
1513,525
2820,8833
5402,402
9528,6634
3019,5767
1732,6899
8908,7827
3567,9349
6049,6701
4964,8431
5639,4142
5619,3422
196,7073
7777,5944
9275,202
6112,5349
3999,5617
5626,8106
3071,8410
2903,9843
9920,6626
5054,125
6824,3895
5879,3005
1638,8996
4719,5264
1840,7128
2869,4160
1588,7106
3025,8416
4864,7019
2068,5813
2317,7376
1419,128
1333,3819
77,3740
6485,2285
820,7600
2174,8218
7000,1170
3094,5168
5318,5081
4587,5205
6128,7037
1815,1245
4479,3469
4911,757
6899,1324
1158,623
8779,6905
3199,1018
6175,5705
7824,8605
6970,5779
6225,1952
9238,9528
2227,6054
7760,7949
4845,2107
9338,7671
8930,5126
3711,2306
5695,8924
7233,8974
7440,2689
7566,5750
7586,3515
8001,6814
4499,3189
6421,7704
9430,9356
5444,1619
5234,5546
2478,2722
1834,2092
8229,3796
8727,498
1509,3396
546,1139
529,6303
2062,3467
7401,3630
7617,9586
807,2815
2371,4697
4808,3460
4192,2084
5880,4280
6872,4367
5286,4985
1733,6382
7911,519
4796,6901
9046,6999
1628,9200
8601,3252
1956,2768
7326,8835
6129,419
2149,4609
2901,3102
1223,5931
8403,5946
2084,6217
1495,8425
8923,7737
979,9219
1154,4932
1699,9665
6341,2143
1762,9589
4587,5455
9910,5188
4708,6041
4918,1378
5470,8854
4795,952
7287,4640
1828,7267
4173,7772
6180,7212
2049,5396
2199,5392
6378,2015
4194,780
3750,2719
2455,4599
8731,5990
9400,8508
1660,2102
3763,6706
5239,3620
5995,7466
7323,1128
4199,9828
3255,1924
5300,7853
333,5134
6502,7385
1749,4476
267,8906
8174,6843
1168,9547
8431,9276
8829,2299
7068,8172
7788,6409
5460,6990
4424,5400
6999,8887
3199,3151
9157,133
953,1904
3090,605
4883,7634
3557,9168
6692,2254
2159,7225
4785,3187
1673,7893
6315,4790
8839,5280
6486,8329
1625,5048
3541,5334
9295,368
8065,5977
5036,8483
4729,6728
9316,4739
5859,2175
5311,2157
8400,3324
3263,331
7597,2340
5694,3574
3877,5216
7281,1509
1893,4424
2265,5654
8424,5433
9880,6536
7536,2966
7296,4195
5318,3401
2919,3317
6809,3988
2871,6729
242,7321
1714,9958
2104,1602
8082,8273
4879,9021
9534,2752
3020,1976
7721,781
7715,389
6293,3618
593,6458
8869,4199
2998,7432
3696,7350
6138,1381
8401,6263
1888,7144
6570,9853
5144,1729
393,1180
1822,9490
9715,613
1199,1022
7565,3567
9628,557
2762,5108
1672,7945
9439,3141
779,2232
210,8251
9961,1478
5088,6523
381,174
8301,7909
3054,4996
9622,5930
3732,3170
6467,9159
8163,4830
7001,3122
6518,1909
2476,960
6776,9062
5505,3568
7019,2701
5713,3576
9739,4282
4201,2826
5836,2445
3503,1170
1488,2881
5839,7279
2966,7954
819,4363
444,1052
6513,4041
1749,3474
7374,2042
1365,3239
3744,1772
5641,4396
561,1904
7955,8071
1968,5670
5875,7452
5218,1591
1426,8827
3206,4463
1608,1429
2261,3333
2733,4300
3192,8136
3372,9367
2692,839
7380,3214
7856,6765
9576,6328
4839,7352
4742,2783
5273,1253
7525,3277
4332,8969
4295,6981
688,7534
6462,1888
9727,4344
9579,1026
9907,3715
9969,9128
1602,5643
968,9217
469,1383
1822,3942
6662,7811
9032,9207
2583,6793
7990,6932
3984,3676
1668,4260
5328,1328
4460,1366
9973,1257
1449,8658
5206,3422
599,4410
4733,58
422,3954
9474,1807
654,3017
6099,8359
1468,5219
864,8984
186,7157
9522,9267
7580,4733
3324,5242
311,2283
5193,8731
6300,687
1061,6798
3394,4912
6136,5991
3874,7318
365,4743
2460,9158
1120,9078
4550,5239
8790,2661
3365,773
1479,9491
3540,5442
966,2270
8209,8820
2769,884
1047,3183
403,7877
838,8095
6839,9254
4367,609
7464,7621
5083,2799
7411,3716
6428,8375
7710,1652
9579,8312
2322,3408
4527,2792
4323,3986
9439,6484
7888,4390
5839,2788
8038,2921
7463,8826
4847,7709
9410,5064
344,4556
4193,1563
5616,870
1919,8967
667,2682
5104,3328
7991,7485
3906,3075
6902,9369
1334,8175
7226,9621
7288,739
400,5885
457,4693
8130,9310
6830,9900
3600,8976
2049,9067
2441,7760
8949,3115
7411,2265
5944,5460
6858,4991
2977,5447
6181,3912
6584,6682
1988,4342
3557,8241
7750,5909
1872,8677
551,2702
3351,84
3702,9318
2943,5686
148,2070
9506,6663
168,7607
9239,3509
7120,6953
2271,2568
9746,9185
8506,1784
9297,7325
6650,3392
2507,7013
1040,9934
5231,7712
8659,8195
7308,5024
911,221
1652,9083
9657,8222
2703,6839
4161,7817
5260,3937
6416,1929
434,5257
4897,5678
8357,8990
6556,6773
965,7106
8461,8546
9920,1097
8403,8717
4903,6436
6133,3526
4957,5940
1391,2838
3788,557
6826,772
8354,8569
7225,9440
4729,9925
8655,5711
4021,6556
7055,9396
1958,4734
27,6503
8989,9485
6350,85
4954,5108
5237,5876
4148,5781
5271,1505
8418,9053
8470,5656
6631,6997
6702,4511
8267,5512
7946,3552
3363,4460
9862,8497
6339,2319
5422,8865
3770,8511
2885,2801
7035,7078
5827,3452
8764,2657
5862,2277
5335,3547
345,1068
6094,2986
7330,6588
8251,9526
6772,2740
9669,6449
5845,7456
5983,9832
8618,7763
5755,6325
7951,3411
60,6429
451,2225
1497,9853
1615,8164
6877,412
8103,6241
587,6348
3225,345
7566,6659
7795,1599
8479,241
1745,1796
8192,9677
8900,5521
149,2464
4926,6448
5714,7469
9129,5544
7103,2748
6583,4739
1369,9394
6676,2893
5810,4959
3976,1515
2152,4643
153,1830
1987,4797
5982,3779
2456,2
5054,608
3099,4759
4470,4125
1713,3435
6985,1828
8691,1443
7538,70
671,5779
1941,6212
760,6518
2995,4087
4541,9563
4940,9884
9975,1116
6191,4015
3308,5691
1725,7299
4689,8764
3788,8316
1069,7449
4903,2313
6984,7798
5619,5169
258,3714
1804,7769
2192,246
4093,7183
7137,557
5679,5654
158,96
6793,7214
2144,6845
9877,9119
3852,755
9491,1378
3897,4605
3399,6204
5203,6008
3390,2312
6231,6307
558,3936
5566,1154
6091,7912
3415,2095
6453,8535
7645,270
4639,1170
7704,7643
2251,6807
9983,7858
5888,1955
7115,9002
5998,8576
4214,2063
6424,3871
6738,5946
8192,3517
4423,5072
3888,2005
2516,2932
6932,9987
167,5449
8342,1776
2823,1880
97,1951
7294,651
5111,3266
1141,4612
4878,9338
5063,7676
4885,2537
4791,444
4,1830
4478,9889
7569,6908
812,3584
9503,5231
4432,342
273,5868
7138,5114
9501,4204
1406,3986
7131,853
4619,5695
5084,8589
8121,406
7752,2188
3738,4939
9551,4812
1559,4860
673,2528
5107,2247
3306,8606
5292,8793
5765,3610
2413,9012
5329,5105
4081,2045
4321,3743
2371,1039
1004,8445
5153,2703
4341,138
1422,6797
9190,5125
4262,2467
4741,6324
8220,173
2265,85
8864,2822
8757,2494
8412,3259
178,1842
6557,7005
6972,611
5951,1273
2355,6799
3409,2684
2113,7209
520,5445
8283,7332
2336,4699
3841,654
9852,2791
4479,8967
3054,9568
9110,4396
4915,4129
7429,8436
2902,7497
9584,3831
5684,2015
2435,1062
1695,6544
6368,4715
2284,7911
1028,5070
5192,2839
4551,9728
1719,1096
2914,1432
5565,107
8123,4248
4405,2508
7404,5227
3726,8771
4467,4861
7062,2679
4946,4919
3055,8096
2453,8325
6334,6471
8291,5542
610,7068
6750,1792
545,8916
277,3517
5774,5229
441,6486
9015,6687
5757,8362
6283,7248
5286,8474
4969,2052
1314,1285
9427,8192
3637,731
9265,7657
5294,5872
3698,4174
2680,9840
5454,8559
6828,4297
8567,1192
9444,6505
8141,1901
7786,5829
3152,3140
5103,2915
9568,474
3752,980
9281,4915
547,2001
4027,8658
9783,6913
2397,7776
1289,4853
5921,4093
2507,7201
9339,688
4559,2727
4907,7485
1337,9840
18,7442
4482,8762
961,4205
5305,2329
6268,1774
8036,7803
8926,1428
9700,7021
406,9367
4502,5811
9535,3138
1990,6120
4590,2843
6654,146
1412,2384
1037,2112
6499,8767
8547,3860
910,978
1031,2695
6393,1253
2795,4621
5519,2565
1208,4230
5842,6455
4291,7630
4908,4402
1233,5058
996,3947
7927,9775
8365,4779
5705,2793
3497,4671
2228,8708
6987,443
8888,947
7962,6363
4621,3531
8961,9816
4582,1107
19,580
4259,9530
7100,9138
4368,8932
4530,7108
939,9570
7962,4659
5219,4990
760,6341
2828,3328
9198,1214
9039,7392
9109,3909
6797,969
9946,4353
6692,4341
8319,3377
5803,1322
4546,1173
1959,7089
9947,5468
3920,3264
9391,5770
2430,8483
7314,6022
2397,2011
9145,9278
5567,5458
7277,9399
3648,74
8156,7924
4037,1618
8473,626
6894,3780
388,9919
1498,558
1268,7029
9674,9611
288,5254
1838,1613
4957,6853
267,1177
7906,2879
5806,6382
1687,6372
6266,7955
956,358
7101,2285
2694,829
2737,2331
9764,9124
1966,3086
1551,1171
876,4007
816,4410
3190,1535
1772,5447
6347,1597
1978,661
990,1048
470,1025
7294,2585
4542,8169
543,8939
57,8932
1751,4018
1511,9672
6981,3077
5682,5964
7099,7130
4644,2554
8316,9949
2356,3360
9840,7372
7944,4516
1957,7538
1726,5842
1184,6686
6677,3651
6593,5519
7190,7291
4373,7663
7712,5295
9316,9320
6913,7154
8218,8519
3360,251
179,6252
3607,1988
751,5499
6015,33
3334,8674
5603,6634
2565,1127
6358,6823
7926,3614
8273,2856
9886,7412
9413,3278
7647,3147
4526,5129
7790,2594
3320,4687
447,2511
747,1078
7628,7852
2418,5550
1957,8780
3002,7646
1841,3544
1542,6921
5506,5275
9823,1453
2423,1254
7480,1720
6427,5200
799,6391
3626,3390
3231,8076
1300,2219
5379,7019
4442,9044
6086,6801
1894,1379
6246,4786
7143,4581
6502,9581
8745,2282
6546,3710
3235,1033
3278,9905
3530,9581
23,4749
5635,1601
9579,2789
7510,3699
4596,8262
7358,2231
9583,9341
2748,9771
7323,9497
8107,2194
8077,7080
7791,7200
7393,8209
2007,4849
7194,4413
5489,838
6698,1634
44,3165
894,6685
8985,8923
369,7948
2523,793
5281,6566
4701,9481
5262,9816
4115,5331
8958,4396
8136,8304
7261,5319
2806,4482
5090,7392
7797,1854
5917,6120
9002,983
9997,715
6545,5352
9038,3537
7270,8782
3071,9040
8588,5344
8369,6786
3408,1084
1500,4559
4776,3599
9852,39
5301,9792
8264,6926
5624,121
1027,292
8321,3715
4139,7648
4386,350
4735,1880
578,5610
8734,5072
3533,7764
3034,636
6809,400
3308,8052
3027,8576
1585,5507
6968,7198
5681,4972
3952,4908
3488,938
6132,3109
7582,5665
1184,2271
201,2246
4243,8432
4786,5176
2452,9962
8077,554
6767,5381
5090,3391
9021,8599
2064,2000
690,9730
4305,3868
127,1866
8249,1853
3335,7473
5848,3203
5311,5073
6943,9247
8719,2422
2927,3198
6053,1686
6732,4224
2777,4317
4753,2580
6858,1385
2094,130
6871,6559
4524,8532
298,3128
4832,6130
9423,2859
4990,3240
5859,8648
3733,1959
5192,2510
2488,9685
7284,266
1357,17
4952,7246
2958,5031
3550,6809
6349,5868
2828,8696
7205,3575
38,5657
8667,7292
5632,9447
8068,6838
480,3623
7151,9297
4914,7358
8723,8145
8053,845
7651,834
323,6666
2206,6365
5214,2348
9956,3555
7509,1474
4081,8809
9910,7921
7054,416
9821,1049
5821,7184
5515,2706
6002,4289
4898,3160
6274,9910
5452,5824
5251,8710
6348,6886
1842,3912
1996,2069
9716,6954
6325,4818
4228,6158
5917,7525
9963,3858
5851,6164
4302,3835
3750,8510
3057,5549
859,6849
9658,2008
5661,4313
4064,4723
8903,2182
9313,622
5069,440
7491,1943
7665,554
8594,2123
3265,8920
7368,4614
2109,2286
6955,8153
7174,8606
9041,7639
8290,77
7982,9868
4652,5387
9934,7898
1273,1822
7454,4850
597,1578
932,6427
6684,8335
5903,4354
7700,6670
9512,3471
6296,8921
824,5551
7487,8951
7460,4051
3483,3536
3156,7621
4814,2283
4033,4834
1125,130
9788,9496
7657,3998
7179,6365
1851,8469
7550,4857
6396,2444
6416,18
7471,218
8969,2450
534,1020
9920,2727
1864,8286
446,5126
1893,4876
2526,77
384,6246
6336,2308
4763,6473
4988,2655
401,784
356,7987
3836,7558
3155,274
9895,902
785,5445
8621,833
1336,6069
5344,5787
8881,3413
1638,8627
6440,7344
2142,9869
9310,3899
7776,8446
9692,6022
3971,3107
7237,8852
5352,3711
1541,9588
5075,8159
4758,2620
3113,7099
9281,1617
2373,8459
5889,4134
277,4515
1683,5966
6818,6573
4857,1391
6413,5074
3886,8997
5844,8484
1269,3808
9315,4811
1226,8156
1832,6842
4650,9643
7487,8669
4174,865
7964,9889
9889,8379
8343,3552
6563,4524
3600,6520
7271,6134
3892,9655
135,3314
9193,1062
9559,8524
7923,4286
39,5453
1049,619
5425,9894
9969,1932
4419,8727
72,9219
7127,1273
4814,4175
1341,1598
8302,8980
1130,5283
4251,3396
1977,4270
2469,5308
6736,26
1099,8893
3614,8236
8443,6438
6129,3026
165,3867
5220,1159
4989,9635
7397,7813
7183,8803
7044,1815
9325,8483
9559,8266
5620,6202
9786,3344
9437,1196
5540,9024
8175,3420
6150,8269
9185,3998
5324,5665
1613,2334
4101,5318
993,1175
1312,834
1023,449
2668,6316
3699,1370
9474,2655
6581,7519
4926,6826
4468,7176
807,8913
803,7422
2208,9156
4320,425
3495,681
4687,9322
4699,4088
5461,9393
5515,1044
4528,5788
6234,5809
7444,2093
4830,1270
6592,7255
9575,817
719,3717
429,1537
3643,1911
8834,2900
6204,2650
8822,4813
957,4130
8073,2337
256,6454
7548,8367
6216,6520
3281,746
6131,8144
4976,8692
571,9573
2283,5080
9922,6519
2409,7620
9115,5371
479,3681
6680,9460
45,5809
4253,5867
1476,1188
9747,922
8789,5351
7593,9898
8277,3146
2485,4615
60,6171
2824,7597
5405,5012
464,2866
5376,8670
6151,2432
3291,9601
5224,4092
9871,8057
3058,6824
47,3078
5221,9969
2459,944
8985,9302
890,1077
8637,342
8022,4321
3373,4628
6513,9769
9918,490
8710,2612
4899,919
4106,5286
7937,6487
9122,3002
7023,6925
7854,7531
983,7455
5106,9983
6682,5870
7749,4785
144,4369
7698,1369
109,1805
8988,7562
5727,3219
8959,760
1779,758
4209,7876
7447,6903
600,6294
234,943
8085,3254
6032,9016
1389,6694
9602,6536
825,1696
6290,9531
4323,7303
4972,2157
1041,8060
3175,7249
334,6896
7787,2064
2387,7521
7309,8385
869,4323
3990,8545
2712,4476
9186,9504
7762,2027
2803,8520
5210,5910
390,4602
3038,1007
1501,6631
404,9251
3275,8791
5145,3903
9855,6970
4517,5839
4616,5049
2703,6532
7287,5352
364,80
6129,2714
4035,1473
387,8465
6908,5753
1920,3424
6679,4102
5590,159
1914,9522
4287,5051
7490,8041
1811,6055
9737,3362
7915,4755
2728,765
4112,8583
9076,2391
4514,1708
197,9421
8085,8039
8260,4730
3109,6387
4146,5070
186,8762
3461,4206
5046,3871
5821,7138
2044,4859
1397,6832
9819,307
5158,3458
1143,1010
9141,517
2729,4248
6524,2929
7932,4991
2565,6912
6408,9701
9539,6445
493,9387
4971,7467
981,6713
1600,4527
764,4187
8109,875
2091,5852
8954,3799
4959,6798
9889,2526
5913,1411
3531,1346
7102,3500
8916,7725
3855,667
4573,5926
6899,5382
4672,3932
3695,3003
4109,2434
4920,7658
4163,5079
16,6532
6491,5441
7900,7406
2926,1237
9158,2258
8871,757
8942,7282
2707,1750
2587,4393
7173,3261
7328,2000
7574,5798
8777,4170
7722,2881
8116,3997
6541,1673
1133,6846
8348,7714
4258,4919
9296,5199
9845,8151
5828,5901
9936,7270
3656,1343
7794,4739
5231,2950
2855,8349
2195,5085
3527,7290
4249,3567
8181,215
206,8725
6775,4029
6080,6976
1589,9900
4985,2335
4458,9367
4294,3534
4280,411
4775,2379
6408,3885
63,7174
1806,1263
3002,6772
1019,1119
7998,3024
9741,5885
7290,5711
7969,7574
1948,6638
6825,1266
239,5258
8056,2294
7809,3132
2617,8454
866,2591
2688,715
3400,8191
8056,1981
288,7216
6924,3501
9439,2520
2689,5602
1046,4602
624,2814
1076,2864
1154,4331
6389,2772
2948,808
376,5387
2041,1370
8799,7967
911,1473
3007,1911
7817,1080
5767,9669
9820,9400
1438,6411
7414,8890
853,619
488,9575
6235,3290
7940,2638
4735,336
2593,2704
3936,879
2011,5484
3649,2558
6424,178
2776,8225
2389,4470
3717,9670
3455,1252
8016,6542
2270,2762
1995,3910
908,1510
1287,6129
2931,3484
4578,1316
2948,7604
8317,5469
7075,7055
7564,1889
4624,8484
6983,625
1281,1163
2430,2136
1562,7108
2713,8611
6063,6437
8381,1022
1440,5775
9946,1351
339,8060
6129,9889
6336,9911
7251,6936
1733,3271
7205,7067
7354,3529
8896,8939
3055,6681
5796,4670
2721,6638
5949,1776
1819,1295
8141,4344
1017,1622
6041,4018
3912,7167
2704,7454
8170,4188
6870,100
6821,6937
8495,6017
59,4423
3670,7827
8436,8391
6029,686
4263,1268
4703,9272
4632,3933
417,647
75,2990
856,4277
3878,1547
3892,1629
789,1944
4041,7653
1559,6680
7118,9191
4470,4704
2766,9214
2900,790
3804,633
4336,2187
6596,1327
2680,9987
6781,5712
73,9069
7370,3156
642,9555
7312,7810
4614,8000
9761,8655
4415,984
3750,513
7584,857
4540,478
1523,9212
4134,2102
6658,600
2768,9226
2321,9987
3843,3463
7383,742
8068,435
8942,7676
2168,4275
6544,9334
5090,6390
4225,1262
1260,914
7804,9510
9060,6585
6966,5373
9661,5319
718,5021
1383,7883
9878,8004
6985,1184
7275,4876
3163,1958
655,7449
4096,2530
2840,1631
3216,9295
3650,1454
5827,1823
9391,6091
857,7154
1599,2012
7799,3873
3738,4479
1821,3224
8570,7591
7842,5726
6854,4629
624,7266
7929,2527
8285,3923
194,3711
1230,7596
3956,3147
1792,6523
3133,412
3329,7341
2643,8701
9880,4488
1722,8626
7733,7251
5667,658
1155,2022
7167,291
1226,9370
5905,2145
5521,4332
3985,4250
7089,323
2956,8985
3125,651
8841,8172
3646,958
6038,1205
5090,1071
2257,3882
3364,7922
5716,4457
6319,3531
5191,4267
5259,4721
1305,1075
8531,1327
9321,6388
1821,1671
2382,7948
6056,7859
6903,3985
2964,1178
9805,7415
891,5115
1012,1899
8862,4696
4944,6078
7354,1474
6757,241
9801,45
6022,1402
8404,8608
6559,1921
5974,1388
9486,5273
892,4486
716,3150
8217,1459
7770,6023
2806,8607
7142,6760
8854,1850
2557,2376
280,335
4890,249
2246,2065
7389,7257
3082,8325
2183,5140
4960,8983
7953,5188
1350,474
6412,9286
3535,5951
4675,5290
1640,9520
1580,6391
3538,3818
3326,2792
798,6869
2605,3927
2502,1266
9920,8549
3352,7952
1588,7203
6750,4778
1273,5583
6856,6448
634,7199
5148,241
8122,1027
7235,6290
4234,9866
9508,5341
1543,324
3838,793
2192,4847
5919,434
1045,4945
1714,2357
3578,6496
1301,3851
9083,6321
2232,4351
2907,9835
6033,9565
837,2791
3437,8520
8531,4471
5809,2952
8972,928
5311,8031
5175,4565
1475,6295
1822,737
1469,4890
7583,5888
5977,1276
9484,5003
4938,4233
6178,3999
4741,6551
710,3881
6761,199
6763,2304
5133,1262
8753,7406
4770,1994
6071,8092
5047,8756
6241,7130
556,7425
1764,7864
7982,6739
9982,35
640,4594
7235,8399
2331,8307
339,1310
2620,8323
9127,7450
1180,3171
7898,5269
9341,6607
5044,42
7935,9468
2800,9999
4675,7422
5616,1946
3863,6803
2407,1021
4464,3488
8132,3151
1590,1974
7870,3224
9033,7680
6267,9177
4817,1355
9259,486
2339,8178
3425,4769
591,2597
9265,2373
1510,5014
1684,7179
2377,7361
5625,4812
7853,325
6535,3507
5195,9746
3821,4542
2228,9153
2810,5569
5457,3674
7624,983
3832,9959
5426,8135
666,6787
9575,1439
7882,4397
8951,8911
3480,8335
8586,2420
2060,7638
736,8559
9102,1421
2723,6385
1745,8778
5352,6966
4880,4325
4341,8140
6976,9201
9884,6910
3430,7448
5813,7569
1650,9591
5466,6858
2440,451
8460,633
895,3542
3588,6055
8275,3706
8035,904
4597,9377
4954,4300
7218,4446
662,4856
880,9604
2915,3451
2037,5658
577,7872
194,3815
4404,8416
9261,5071
869,8273
9980,1322
150,9486
3181,1517
1075,6372
7987,8472
3268,8999
6794,7531
8671,3631
3579,9910
4122,1666
8412,7499
1566,7167
1759,402
7479,5140
2282,697
8856,3373
9974,9846
3451,6698
2401,4282
8614,379
8511,9604
473,8858
9421,7935
9988,7430
5318,6937
70,9063
3854,8129
3871,5379
2556,971
2855,3404
740,8884
3128,9603
9826,6509
182,8061
6691,6118
1664,8704
1549,3576
4958,5355
7903,4190
3945,1632
179,3953
9546,2926
8496,5343
7322,1407
1197,2440
9353,5642
5151,5876
9979,2790
1299,2772
1932,1581
2935,3587
3060,520
914,8633
2102,6924
7348,829
5298,529
7896,4307
2442,5275
1431,2457
4098,8823
4422,3050
7969,2132
175,1902
8836,8315
8109,8702
2577,9452
8608,167
9880,4694
4097,4091
2102,2867
6576,542
3299,3966
4953,8627
428,4658
2389,692
6939,1824
4620,72
1458,3228
23,7124
9126,9685
804,6337
392,7903
5188,7349
879,9711
5886,5729
1361,4034
7446,3910
1121,9466
4104,8101
6642,2134
6798,1810
8569,1933
9586,36
1232,8615
4461,540
4199,3384
9085,8527
3621,250
3957,9745
6189,8342
8654,6400
3996,1438
9339,4874
9470,3562
7659,8748
8128,1517
1448,137
7936,3203
1372,2531
1504,5257
5459,7544
9018,3017
9739,9308
9693,4177
9816,6831
1910,4991
3588,4747
5834,7179
739,2013
431,1441
7413,1645
2827,25
7301,1307
9684,7349
78,3832
6966,3047
3630,4910
4915,9852
8498,5165
3556,3176
3840,452
8030,1439
5892,1032
3120,8573
3266,9219
5625,8372
1994,5084
934,6848
2794,6750
9369,3608
381,3960
4197,8466
4369,6194
6,1587
2919,1462
9533,4915
2899,7202
2873,2553
1059,1881
9249,6616
796,6640
9998,8629
1679,924
4598,4004
635,7605
2851,414
1116,8295
1074,3121
6482,4678
3830,9540
8236,7067
8653,1878
4499,223
6411,402
9443,7682
6082,224
7636,6553
755,9851
7095,50
5630,4170
5212,7077
4262,862
8672,2489
7200,9335
8755,6623
3193,5683
6135,5087
5975,1764
5861,1278
6584,7389
282,4313
5175,345
4367,2208
7581,6648
3510,1201
6019,3510
4320,464
7078,9161
7771,9233
580,5336
4425,7586
8578,931
1900,6263
4208,2867
5517,8595
7876,4142
5772,7503
4531,9846
33,7963
2334,592
9009,7967
1049,8764
556,1740
3895,8054
4435,1155
6129,7255
7240,2689
4469,6936
7181,3063
9083,965
6430,7826
4915,5610
4459,9787
682,4093
3885,8733
9228,8519
9194,4557
6979,6640
2564,6043
1069,9926
3499,9909
9612,6378
8115,3490
5654,2647
336,5490
5741,2143
702,4991
3737,6372
4957,3599
7105,8368
4297,4377
825,6386
8487,8930
7814,2870
9596,5075
8412,3599
7368,697
6936,4019
7983,8920
8505,5443
3192,9485
6745,8070
4031,8079
2538,6865
6005,3440
4572,4917
1815,8950
1819,1316
8892,3744
7445,9921
5799,1111
1992,6452
7693,2868
9002,5303
4880,2824
6227,6913
2682,2443
7460,2604
9878,5220
3867,4356
9688,6898
4878,2366
9388,6501
8629,8386
2523,8188
5476,3559
1595,4860
1046,458
8974,8649
21,1515
4394,5444
1910,1444
3497,4033
5890,4518
1622,6804
9822,7537
4648,9192
1100,2064
380,2827
2186,1007
5386,601
5592,9819
186,52
3400,5444
7919,5373
446,5809
7185,689
151,5808
3721,2371
4342,1544
3477,6178
5992,333
571,3063
2297,1263
5514,125
9248,4288
6668,7245
2325,8000
6569,7412
7843,727
8373,8420
2553,3982
2568,8292
2698,1562
3374,7253
8260,534
8453,8754
3934,3099
5492,9346
5434,8751
3148,3806
9722,2808
3750,921
1182,7035
6267,1713
9468,3974
2003,2241
2393,2118
5525,3504
9139,3845
397,2394
8769,3539
5211,4168
1314,3856
600,7486
8226,36
228,4242
2523,2315
155,7764
696,9504
1158,910
8309,5733
9021,2105
8050,3884
6122,4393
678,9478
1433,3910
9680,821
4539,7913
5321,5967
7994,4975
5558,9442
7527,3245
9081,2318
3679,6448
5382,9028
1244,3775
3795,3081
7495,8512
4265,6598
5067,7619
8008,3216
2758,6735
5383,7071
249,9543
5496,2333
7694,7545
473,5532
968,67
8327,580
9222,7330
365,2729
7298,7848
8715,8805
8102,441
8770,4103
8158,2754
5099,3175
3304,7399
6839,1044
4296,4008
4289,7789
1256,9231
6848,7912
5469,3080
1913,8642
1925,9677
6097,9652
1212,6829
5471,1598
2877,5865
4176,3010
3077,4139
6020,6432
9588,3811
4950,986
8893,7791
2586,9779
989,2246
3118,7352
6632,9089
9155,1947
2174,5046
2981,6136
6269,7347
7269,8135
480,147
7928,1165
629,3984
1448,2846
2733,3158
136,5347
9324,2640
2949,9123
5776,3201
4856,946
3198,1152
6792,995
2808,4161
8669,7147
1610,3276
639,6164
8852,9005
4029,8650
7378,6663
3609,1638
1175,3285
4688,2948
4697,9647
536,6355
9797,5365
2050,6936
6403,3915
3758,6159
7236,6417
7278,9968
5544,1326
1139,426
9100,6649
1203,1022
6368,1539
6333,6315
7095,5716
8643,6545
5623,2672
5381,3556
4209,1862
8063,5519
90,2981
72,8114
8824,1947
7499,1146
9528,1468
5795,7692
4076,6603
6352,5774
2899,632
7302,3297
416,390
3956,2318
2668,9416
8706,7180
7126,7735
9523,8379
7737,5442
4266,1937
4023,5363
8985,4047
1009,7690
4261,5583
9816,2296
5381,3164
4734,3882
6105,6061
4774,288
3016,9935
9018,1833
9649,5550
9402,941
3427,1488
226,5271
7640,8575
6629,9356
460,8705
5030,9948
236,1446
981,1268
2985,1917
7366,5598
155,3922
9165,6694
9106,2184
7446,553
2504,7343
6817,5980
1523,5698
6074,7286
8934,5521
2278,6331
6919,3110
5642,7383
3483,9477
1734,4563
8846,4692
63,5798
7215,4581
3450,827
3095,4365
7027,5931
1546,978
6173,2807
966,8837
4037,8565
1240,2025
4879,7188
1391,9616
7042,7197
3064,7089
1567,7848
4680,5847
620,3688
4856,2121
2112,708
8298,7713
5095,9459
2714,3356
8884,7443
496,3709
1942,3014
9330,9998
1523,8138
1063,6436
9906,7636
3734,4925
8453,5144
7580,2489
4547,1431
9356,9714
6595,1557
3584,7050
6116,7221
2078,3968
9274,5156
5591,5838
9794,2575
3817,2145
9335,6434
2691,9670
1101,3919
9224,1534
459,6038
1613,7006
3894,2759
7741,6021
4952,7777
3581,2714
399,5590
5609,9170
5777,7101
892,6171
9789,1459
1135,5672
2557,3312
7785,5818
8601,9906
4916,8167
3877,7272
192,3705
3098,7420
353,4405
9937,2253
772,5527
5259,6264
6687,199
9695,2371
8101,7178
8027,1607
4009,7943
6171,7607
7882,8611
7064,6497
8333,8108
1575,1455
8457,3279
5538,4922
6427,6791
1844,9805
4825,755
9534,3425
2212,1218
4951,5258
1014,1197
4080,4829
5035,4865
7045,2940
2445,6199
4031,352
1735,4370
7046,2994
3851,9749
9812,8710
8431,9390
7893,3492
2737,5107
7850,6708
4555,1111
2701,9685
8851,3945
8479,763
2505,5834
4317,9219
9539,2649
1377,3812
9830,4748
7605,4659
7530,2269
1186,5986
4832,3071
3654,5079
6336,6251
6484,8053
5770,6251
598,1689
5790,4866
4541,4083
296,6807
5433,8655
2787,9932
84,4191
1470,2287
712,8663
9371,4956
1009,4324
9860,1133
93,2810
6009,5487
7088,2616
7764,1602
8661,8122
6910,6285
814,2251
5530,875
7884,3397
1919,4102
6618,5223
2691,526
1204,273
3938,1702
1301,2159
4398,3484
2638,4416
9904,115
7538,1666
7309,4559
1694,6107
4101,4812
2326,630
5588,618
4714,6601
3371,3833
7224,4351
5625,3342
4348,390
6274,9695
2706,3239
226,9041
8699,1774
3131,5435
4173,6837
665,5238
4661,1425
1911,8851
8937,5304
9371,4313
3032,7134
8012,3978
8290,7451
2404,6609
1700,7962
1488,5355
3163,3200
9044,9247
9802,5511
5947,2666
7639,967
2220,9627
959,9536
665,5656
7898,6230
3441,9324
9929,4889
8085,1614
1100,6703
5880,7294
3600,5009
511,5326
5349,8335
4840,1578
6750,3025
198,6630
2818,4747
7210,2835
1759,9179
7742,8942
8926,2418
2172,293
5873,7021
5755,2503
9833,608
8857,838
5,5134
468,7995
6596,3654
4690,4039
3179,4557
1088,7458
5890,5493
7639,7778
2025,1191
7899,7129
9017,8402
2078,7354
1989,1151
8162,8170
3950,5136
2971,4912
9718,7349
8642,1016
4060,443
3718,1658
1894,2818
2604,8417
6557,3497
1208,5851
8418,8264
804,2828
7886,3801
2861,8879
3863,6787
3261,2570
3951,4325
8786,6045
6199,2444
9982,3943
480,2289
3208,197
5250,1474
1119,3304
1845,6843
863,3170
221,7089
7740,4972
1395,1211
3451,1799
7358,61
7456,4781
4096,5778
7298,867
6236,1141
1979,5934
2486,476
44,6462
3731,7186
749,9820
1439,288
2769,427
7694,5095
9992,9358
7354,972
9358,2694
5531,2096
7792,1286
388,6427
1839,7397
4378,8325
3902,3023
4896,7040
4710,3113
5741,6053
1352,2639
1887,1530
1250,1147
4265,1453
4507,4532
1208,4256
2312,4561
3107,4465
1345,7928
1873,4020
3150,3768
2932,9999
4346,1535
4867,1650
2506,8185
309,8065
311,7878
3273,735
9446,1670
4387,1608
1369,3523
4913,4796
3919,2715
987,6259
2822,2409
4489,7233
1201,9711
1246,3608
436,3650
1218,8980
620,5602
9934,3255
6812,5365
2881,2034
466,8719
5231,4444
7608,2543
7576,9874
1606,8953
8423,9323
1124,9963
8241,1383
4781,2639
5277,148
4400,1932
9827,7084
2880,265
1885,9518
1675,8784
1322,9911
4504,4106
3105,8381
7273,3772
3891,2664
4928,382
1593,9565
6942,7012
444,1000
4183,3915
4548,582
1793,5073
2440,8141
8602,2369
3284,7528
7113,1738
8489,7826
6205,1484
1006,6334
4339,5246
6900,3009
7827,974
9719,77
7433,8806
7952,7066
7057,5127
3863,4051
3451,8005
8854,6555
63,3599
3705,3802
6490,5337
5490,9704
7174,8600
3593,3380
9975,2809
1392,4833
3122,622
3236,2222
984,1398
8031,7456
5616,8072
6187,5791
7331,1468
625,7546
6641,1606
5199,743
369,8048
4648,1899
3317,9586
5190,7874
6300,9297
8922,4828
9185,8673
8436,4757
9184,6792
8222,1230
6057,5809
7442,493
429,2297
4620,9566
2309,3658
2539,9412
8914,8018
1841,6273
2752,175
3321,4205
8147,5785
2520,6950
7091,380
1468,3749
5108,5936
4033,9657
6622,2839
7074,7266
1404,4114
8925,5323
7904,3984
2783,229
7059,1316
2303,7261
7593,6466
4327,4537
371,2647
7484,3476
5486,7010
1630,1475
3401,4082
9131,2019
597,7165
4175,1794
2469,8601
4934,6630
5796,8523
8577,4509
8597,6155
5255,6531
5494,5808
1939,9482
8702,6573
2939,2809
6741,7927
9313,8691
2211,4802
802,2754
1584,7959
7483,2800
5627,964
6396,7858
294,9728
901,2177
1294,6809
2812,3399
6825,6636
9569,1411
6008,8096
9353,3976
8124,6336
5238,8712
4085,6499
472,2424
4661,7818
3788,3009
2642,5029
1938,1459
443,1474
7309,309
5506,2579
3124,9181
9720,6779
5685,1160
9542,2373
6809,5047
3319,1456
6931,407
6019,2043
3154,6379
6982,5081
7365,2648
7600,7937
7246,8317
3141,6725
2335,9613
1924,4557
5217,1898
6421,8960
9252,1967
7100,6942
3025,7290
1786,9084
139,980
2114,9004
323,1838
4393,9929
7003,4619
6838,5420
1538,5828
4890,7198
3374,3628
4729,9323
2536,320
7238,1935
2721,442
5117,7216
4691,8787
9289,3863
7602,1442
9030,4092
5105,9830
9249,9597
8528,4091
3243,5722
1123,6092
1276,4832
9679,1270
8324,4097
6301,5669
6877,6253
7921,2078
6621,7999
9508,151
2616,9125
2653,7286
7698,1709
1022,6629
6001,4665
5866,719
1553,6943
8069,1834
3201,1616
5076,3041
4074,3283
3092,6300
2032,8221
6662,8254
4641,6510
5191,6043
8299,6683
3806,5492
3242,7652
351,8977
4479,6226
5837,5145
4508,6543
4188,3505
4491,4865
6371,5983
7919,7412
3200,5449
3922,4035
7078,9663
4781,9427
1058,3250
1750,1228
8779,4975
2100,3285
3208,5276
6334,8715
1355,7310
1649,6974
955,3989
8960,856
7359,5956
9750,3610
8614,6560
3159,8468
2788,6645
292,5201
7399,8352
4173,5885
6792,8652
6401,9444
2716,2332
1,3625
4858,2706
1779,1839
279,6250
2499,7559
4061,7846
1907,1847
9882,2614
2274,1011
5093,7827
2795,4987
3787,4649
4356,1297
4760,3663
151,7989
1729,772
9902,1583
1885,9480
9031,2520
8500,2356
9207,3845
5440,9303
4843,3793
1792,2909
9497,4693
7052,7438
1845,3191
7058,4897
3648,1277
5422,9563
9018,6860
3865,3432
7672,9905
8537,7141
3409,5451
4758,9095
5266,7907
4524,667
5553,5690
7932,3035
9503,6941
6125,9034
2855,2279
8224,732
5939,6708
1249,4549
973,2653
8809,8525
4931,9332
6384,1516
3172,7981
5424,5655
7655,6632
421,8423
7770,5463
4065,6883
8936,416
4108,858
3044,736
8120,6015
8946,4938
6626,6129
5141,2235
1925,2373
9971,2715
9368,6850
5348,5827
9256,1801
7097,6885
3440,367
3034,3036
3908,4425
5256,1297
2798,67
81,3527
3743,5101
9553,6612
9351,1586
6902,8236
5424,1398
4908,4651
7332,3211
8902,3695
6720,688
6798,2336
288,3239
9876,9469
4793,6257
2243,4836
3557,601
1713,2046
9801,5849
5045,3397
5123,1133
3090,1682
5615,6370
6066,1175
601,7386
9806,3734
1932,8528
3385,8556
3193,7602
4013,5662
196,128
2349,4718
3304,4383
4313,4698
7306,5802
9344,3153
266,2613
6976,5939
6294,4975
2809,1476
2954,1797
6879,4572
8770,2669
9310,7294
48,725
168,3395
1208,8824
4074,4274
5336,1578
653,3439
901,1329
5959,1533
1233,8896
9810,4833
9161,5824
8789,5893
1179,1485
350,2645
404,9099
977,4441
1175,228
1258,2415
5002,9231
526,8677
363,5245
5647,2704
2416,8883
527,7244
9499,2352
8508,3281
4844,3482
3530,4174
8432,6425
9550,1412
4088,2959
5622,2
9956,8434
4742,9864
7518,728
4077,1818
4948,3982
8630,9715
445,3941
8298,9283
540,5545
7075,1847
5538,6703
7116,6372
1470,9067
500,9215
5584,2123
9457,683
5355,4916
2689,1152
6920,9479
3019,9573
5687,3551
3588,5403
625,1913
8398,9717
3737,9952
6987,9335
4608,2277
1823,6698
8040,40
5331,4073
2496,2037
9846,1915
4782,557
6174,5885
6684,7472
1612,2347
5273,7444
1341,7659
7471,5941
7613,1015
3524,3721
375,6741
7802,4782
6727,9204
1794,8147
8896,7253
3726,7136
8873,4244
6163,4274
6226,4417
5805,1911
3076,1167
7116,9138
6167,3321
1373,5708
8253,812
5124,4632
9467,8981
8724,7488
1960,9943
3713,4865
8158,3656
7692,1760
5534,922
1150,8679
7344,3921
8640,3137
4087,4950
7271,573
9635,8823
8093,3954
5536,9464
3402,3856
588,5402
4978,4446
9718,4598
2807,5846
8770,7319
6687,5897
5545,3649
8481,3808
1901,8738
5513,7360
4106,6851
315,441
7271,5130
1668,3323
7164,9504
2667,2342
5358,1722
5863,8444
198,2726
4410,7861
6191,7508
1067,2991
7070,2078
3090,5200
8188,4822
252,9690
8911,3418
1726,3289
8647,9446
4278,4300
4308,7879
5820,9757
7396,2503
3448,1919
3466,6394
318,8291
1290,9812
7556,3655
5137,4309
8052,2748
5698,242
252,4802
1675,6608
7731,6674
8534,8495
4102,903
2075,5634
6449,7818
8931,2359
2489,6425
3559,967
6517,1684
7783,5115
5629,9556
7254,200
6747,7671
403,4361
4414,1548
8242,4953
2718,3591
1497,5881
1913,6530
1271,8484
2044,769
78,6748
3725,7776
6625,4880
2901,8043
7801,4509
4491,4969
4066,2030
4348,2838
9026,2129
4550,8732
1833,2055
9411,2958
243,2776
244,7552
3403,7537
3683,1190
3690,4331
2378,8919
9533,4137
1377,7373
7412,2094
706,8636
2279,664
2218,397
9667,4349
2776,359
2770,720
8487,6312
2953,928
9528,6117
2394,6446
6009,7420
5450,8792
3666,5650
8877,6871
1374,9470
9453,6417
4662,3152
2506,4620
9753,5456
3435,3056
6024,8399
2227,4280
2845,8924
9646,8053
3996,8005
8602,462
5570,5495
2243,9511
8938,9253
4919,8029
223,5377
776,8860
4043,7498
3023,7342
7373,1538
2174,8288
5721,2330
7342,2738
2138,4412
2247,138
1827,7925
9534,2870
5683,7165
3192,5484
710,7380
3341,7648
6344,5163
456,3490
4372,7916
3035,8176
6955,455
975,9135
3520,7947
7656,9762
9248,9181
9095,597
8704,7031
2058,8729
5182,2416
4254,2427
4665,3620
2757,323
5421,1824
1602,7382
8326,7468
7264,7113
6118,5589
6787,7011
3265,246
2918,8957
3381,1314
1267,4568
3880,721
5778,4235
6410,4565
9257,6904
5977,5431
1793,7322
2210,9619
345,653
1173,6637
995,4154
9954,1470
2621,494
9824,175
314,8278
7933,9280
2527,72
1391,4870
6010,5153
4376,3375
9900,7287
2584,7939
9351,6122
4396,1369
4914,8844
4165,3426
9145,3273
7556,1367
5281,1573
4161,7210
1322,1969
6602,6859
5550,666
1896,9770
9942,8158
6926,7091
6667,667
8331,1627
665,4598
1134,9237
6352,2997
3113,2882
3076,9242
2335,9283
4917,8748
3511,2156
6217,3347
8066,710
3668,8592
745,5217
4970,2199
1615,8037
8827,5914
7525,6707
9373,9811
7293,3533
6616,4109
327,5022
506,9039
5255,4551
9034,8951
8615,7655
5370,9567
8888,8630
7942,1199
7476,9519
9274,1823
2639,9832
3456,5254
300,9631
789,500
620,3235
7501,7032
9025,443
6797,8847
1040,2599
231,8090
6181,2577
8211,74
2160,1391
6104,683
6014,3433
2938,6874
5299,3585
845,9300
5746,9923
5655,3357
2719,891
8580,6858
9355,1630
7587,5611
3647,198
3790,3112
4628,9389
4503,7031
7215,677
477,1560
4666,721
238,7805
8877,1236
4342,6137
4908,4564
3462,4771
6602,1002
6096,6647
5947,3689
3615,4201
2823,5945
3459,935
1546,7423
3289,2955
472,2491
6010,1465
6686,2701
2474,8299
7875,1396
5760,71
8030,7285
2470,3641
6289,68
1814,3986
7875,2690
7828,8317
1820,8868
4523,4298
6185,891
1327,457
1007,6661
7154,4276
636,4000
5746,1625
5177,5174
2383,8227
7884,5418
5658,8724
153,9309
2697,2545
3944,5180
2936,8618
2547,4970
2217,4484
9078,1846
3772,949
905,4393
1337,6556
6857,6766
5498,2538
1938,4494
486,8561
6537,2471
8904,1639
5493,6216
9726,7862
9438,6251
5693,8388
9982,5552
5682,9210
7765,1538
3540,8164
5736,2169
341,4436
905,4331
3302,6562
8465,3919
3290,3828
3610,2032
1443,3462
506,5130
7545,9079
6297,5140
5289,9120
4163,4410
5370,8193
7625,6725
3739,9817
3474,8041
3671,5713
8624,1564
5947,6582
8045,8750
9758,754
5267,1865
1263,7926
6410,5830
1357,8550
301,2073
6703,6337
5894,1275
4228,2123
1656,5314
4180,7609
9067,5215
5382,6024
4545,4547
8523,9514
9175,8383
9847,9614
3752,2038
4544,3610
3579,9265
190,104
8845,896
3571,6283
1785,3320
9636,7565
9940,6013
1093,3606
8261,1789
995,107
33,8838
5227,416
2517,4053
7768,779
5900,2428
9210,7335
3105,1295
9169,4241
446,4700
8728,963
4098,1956
8991,4187
642,4618
1729,2263
5334,5783
2469,8223
7588,7992
6047,4798
9898,9269
5350,5455
2196,8718
5233,1952
8718,1812
1802,2101
4708,4529
3444,3228
6133,5813
4409,8041
1765,8766
3116,4222
881,2803
8670,6712
3006,1485
1164,6472
8026,1794
8005,7836
8324,1424
1753,6282
5224,9987
9516,8952
4834,4739
1498,1035
2420,9132
7301,4475
8899,6747
9354,3055
6347,9922
2130,874
994,4793
3940,2785
6026,82
1607,4167
1040,7062
1894,6744
3506,5840
8380,7390
8158,4134
5598,9987
8245,7168
5720,6964
9134,4663
2111,7438
4967,2091
3078,233
7702,2512
1629,813
509,566
9411,5108
8300,3284
5212,1950
2048,1585
5901,6539
6250,1054
1476,2345
6539,4291
9813,4762
7451,8581
3311,8016
4857,2992
5278,1656
1292,1751
73,9169
9879,9157
8795,5815
6411,8863
1615,5473
9623,1048
5828,7187
6699,9648
5136,8784
2346,42
49,7407
1038,9625
4670,8889
4869,8550
5373,5677
376,448
6253,2528
7933,7361
8995,5812
6978,5753
8323,5092
9082,1706
8564,1161
5541,9279
7782,2156
9255,1417
8959,633
7834,8535
3072,4604
831,1937
1463,7018
4016,1377
5646,831
2225,7199
9744,4687
5333,1544
876,3995
9485,1962
4994,6643
7579,2287
250,2114
9621,5107
8356,202
8549,5043
4554,957
4556,1348
3297,213
4167,7421
1887,7681
8090,5091
1574,2988
7816,4927
3790,7387
277,4685
2273,419
7363,9476
5248,6325
7832,4909
9251,8903
3841,9425
9662,4816
1343,4820
7103,8480
2528,9016
4211,7882
2825,4784
9864,1775
4319,1426
2429,1175
5685,6119
1270,4318
8991,8546
732,9850
2772,2730
9009,9589
259,4278
2833,587
1197,5796
8516,6752
8768,8151
1536,527
2835,9131
4203,2779
1437,2277
4398,5124
8337,9035
436,9401
2116,3773
3922,980
494,1247
3906,4198
7006,4949
9495,8399
9480,6810
7317,3498
5978,7356
2552,9459
5533,2663
6898,7222
4407,732
7811,7141
1341,1390
4160,3510
5701,8762
8342,3607
6217,6384
7160,5183
4984,6418
7189,4354
2230,2023
8501,4800
1156,2557
4353,1994
1355,2201
5042,642
7073,9756
6257,9327
526,3812
1070,1994
3512,1259
9485,3224
5594,3329
2378,3731
5715,1665
2653,3431
5243,7890
6920,4535
1840,9020
590,425
671,9205
3486,1925
639,5383
4284,2453
7718,3280
9649,8137
2895,5638
4569,7562
707,9669
9626,4984
6324,8246
9284,8099
4425,909
1092,450
1683,8463
8290,2724
1631,6382
2315,97
5732,403
4985,1259
7148,6839
973,7702
4223,1086
2687,5585
9930,1120
9756,5585
6975,3653
6783,8649
4390,3373
7738,1751
2865,5609
435,8862
9246,2521
4284,3563
8917,7475
938,4534
4513,2189
7943,5895
2812,4631
3635,7346
6162,7080
9606,9985
3544,6179
3184,6525
2773,7285
5505,1769
9326,7790
7316,3371
5536,634
4998,5223
3334,5275
8069,8841
6475,197
7987,4783
6089,8246
7946,3137
9744,9711
6121,3550
2754,2675
9900,324
219,6139
3179,2955
8733,4819
8121,9183
7146,4325
5756,969
9195,8544
1100,2313
2941,2532
6724,7729
3115,3357
1142,8097
4470,9210
683,9946
4306,3705
4552,8305
7722,400
5068,4259
4196,3786
8598,2175
4014,3821
3603,6773
296,4932
981,3161
5051,2030
4287,643
2183,3090
5548,4230
3562,844
6816,7227
2764,7353
582,4649
7064,2619
8313,5411
9429,5897
7182,6047
9299,2934
7822,1038
4032,5629
6610,8125
2442,6422
8007,7399
7119,1095
8081,9764
6032,4394
2555,771
1028,6903
9948,8447
4952,2590
9109,1713
8133,4579
2487,738
1162,8518
1746,954
2840,3725
5017,2122
2557,3857
1409,450
2487,5282
1127,6736
1370,5496
3633,4103
5325,2455
5420,7384
7423,3214
9925,319
6823,6700
2212,7404
3929,8015
67,8572
8196,4602
2060,5939
4648,3666
2272,5481
7621,3670
8468,2398
7086,9385
5781,2923
5436,9246
4204,6039
4432,2510
1165,4322
8224,5752
3289,9761
4883,3158
2404,8311
3464,8519
6177,4189
5823,8799
2537,7598
8603,6904
6986,609
6575,9122
556,3363
86,6254
6447,4288
5519,7395
2880,6446
8117,4619
8858,9286
4892,2702
617,5008
935,3465
3594,8731
7319,3626
4447,3462
9902,186
3423,7869
8898,1879
1225,2515
8508,3405
5192,9384
3904,9153
9986,535
4631,314
2011,6655
8329,4956
2247,684
3254,9266
3885,9393
931,5175
2183,1300
3138,5521
2453,4999
7001,3227
9473,3310
1653,4334
2173,1778
5304,2299
3881,9137
61,3703
3664,8927
6812,7460
530,5501
7273,200
5917,9476
2023,9739
8916,9566
2794,9730
3330,2386
9738,1251
3927,6954
7795,4229
7617,2866
586,6086
1334,6047
2282,6744
8958,2154
5899,1993
4189,1912
4052,6029
3454,5719
6344,3850
4763,9831
6236,2768
3384,7234
4088,9731
7744,8890
4140,5126
2376,5533
5850,470
2367,6711
8817,1872
3191,5013
5594,8496
2733,4065
6699,9783
4675,5759
1657,1448
4623,1971
3498,879
2797,1804
4008,4670
9776,4209
2834,1558
421,9319
6476,9998
5400,9244
7815,3491
64,4339
3804,8909
4485,6620
9889,5849
3106,5583
2238,8248
9749,4533
2201,1939
5284,9875
3005,6249
3034,1876
2969,135
9070,2034
4821,6755
7860,4001
6944,9861
2973,744
6324,1683
9050,8829
3579,8327
2590,2587
6299,8655
1905,6450
4125,1984
5584,2444
3339,6008
8498,4872
9703,8543
2406,6004
6472,2169
5832,3899
4863,5195
9554,6137
6121,807
7103,4503
6509,7942
1787,5928
9109,4336
310,2991
7849,8395
7335,9754
2726,9454
813,95
3950,3057
417,8993
1097,6931
4567,2335
3194,1207
227,2265
1964,9148
8265,768
3083,5560
3661,2473
7151,1824
4824,5886
8338,9799
7740,6338
7539,4720
6623,5006
8259,7233
9699,4220
909,7078
5334,1855
8355,1711
805,6573
8947,776
9003,1883
8152,4275
2600,7347
2573,4355
2861,1220
4604,5335
9107,5910
2565,5826
5611,1321
4202,5475
9872,8713
4663,886
2312,432
7679,5718
1930,5432
4833,429
9562,5371
3418,1737
7472,2777
2323,157
9830,4325
5131,7937
7056,2925
1984,8343
5125,6388
3111,2364
9548,1693
2795,2870
8402,1190
6082,4400
2583,5631
3690,3727
6329,8757
3491,3760
1497,6944
3798,385
4953,9605
5027,6024
1942,5864
9481,5076
3043,7971
5757,4158
971,1291
2814,7659
264,7973
4431,337
2993,7829
1715,8179
525,9550
7223,2763
7927,315
3545,1620
858,1960
935,977
731,4366
3218,5084
8678,3065
786,7823
4081,6712
7586,4617
5917,9777
4827,5085
6330,5438
4927,7629
6922,6648
6940,2895
9838,8334
7889,9897
1116,5970
6732,4094
9250,7264
9137,8133
5588,1884
1960,8578
6546,6967
109,5043
9685,8317
8395,5385
5224,3711
7170,4801
3347,536
1988,5406
6674,1470
128,2949
2516,1014
2518,149
1247,7172
9930,2608
8769,590
8883,9563
6866,4108
5891,8366
4293,2575
7408,520
7869,603
1873,8226
6572,8418
1013,8126
4903,9982
3436,5740
1621,634
9801,8536
6070,7741
3279,1444
1040,7189
8297,3678
3445,6684
4518,7261
7601,250
5217,3597
31,5142
9518,5381
6410,2858
5969,5057
2721,8626
1145,5153
9716,7008
6329,2909
2203,6640
9430,6099
2070,8995
604,6591
3087,6746
9660,8934
8252,3361
4272,1406
1920,3925
6176,1149
8769,1587
3916,3725
6036,1615
7321,1625
5684,7662
9817,7591
5778,5680
723,434
5511,9613
1569,4626
1812,5323
2840,42
9610,9817
7363,895
3798,7820
5032,9792
564,819
7724,5477
7684,3864
5682,1688
2682,1062
4158,5050
479,7602
1400,3460
3493,3847
2892,2060
6040,5090
3887,368
8144,2903
8716,7746
8339,3149
9803,351
5480,797
7379,7869
5221,7906
9607,7585
5578,7149
748,6507
5942,953
1147,223
55,9413
5249,2352
6096,7731
9619,8362
2674,253
4783,9948
8765,1327
3982,4753
1584,4596
2918,266
1820,7216
2380,5785
8406,7575
6071,1964
5788,2441
9839,3316
1919,7403
7379,6082
5486,3219
2858,7325
8195,752
5714,8738
9399,6611
4661,152
6960,2126
4313,446
3163,9543
6646,932
4485,5592
1570,9603
1443,1159
6968,5370
5505,4269
3176,1878
7095,5542
8855,1453
6920,3748
3799,7367
8340,5839
3010,9513
7326,7245
2976,3487
1911,426
568,6805
7481,1876
6130,6355
1008,8262
395,2979
2242,7839
3058,4992
560,8462
7327,61
8356,3357
6259,3598
5146,9111
4059,1847
6123,86
2926,3664
3573,5901
4966,3537
4198,9999
8267,5264
8503,4187
8011,7012
4566,4037
2278,1572
8443,5969
6629,2370
8492,8734
8650,1789
8044,1501
4755,7031
254,5325
9112,5669
3719,6085
4324,4796
3729,4317
2561,2142
6268,2137
492,6384
1168,7634
2695,583
9005,995
4349,463
723,1325
1664,6936
6974,6679
8750,8525
169,9174
3506,9922
2835,9829
7143,3673
3854,1025
4984,8065
5988,6276
9794,3484
4820,9116
4315,5068
3179,1399
3691,4825
9534,6189
2200,8305
5347,3305
6641,5132
1824,9621
3760,8955
8043,7682
6386,557
9216,7985
707,6702
3809,9153
4018,3068
2024,165
7332,2007
4615,5297
9924,6036
9569,3953
8776,7742
2097,6038
222,6202
424,9982
7062,6949
8820,8495
1161,5116
4044,8783
9735,999
1256,5459
2735,5635
9005,7026
2311,2332
4759,7174
2619,4579
9214,4142
6610,2961
8795,4051
7740,1272
9540,2053
6423,9522
1347,3392
8497,4729
5701,4497
7848,8482
7534,8671
7741,9687
2249,8024
2631,7775
1933,5225
4308,4107
4172,5481
3402,2000
2597,2130
6668,6813
4857,1629
2168,200
3323,810
7165,809
6432,6985
7258,3074
5045,7800
9553,3865
9840,8009
7770,9764
5455,4894
2228,2688
9181,2164
3974,4414
9667,2938
3028,107
4107,4572
1389,3610
7295,9712
5377,1440
4176,5420
2448,9179
643,2306
6878,9872
5573,5082
7090,432
2816,3642
2829,9526
6085,3332
6408,5391
8073,7516
6343,1174
7981,645
2602,9820
2693,6583
2289,1089
3338,7870
2079,5121
8330,7250
7112,7022
1181,7071
1636,6741
131,7440
7494,5888
1817,2285
3413,7560
5627,3054
9369,9140
1011,9787
8242,9058
4607,9778
546,3809
2737,9891
9851,7769
4176,8363
6163,8519
4027,2988
9268,4841
8366,5669
2080,5154
5549,8899
1665,5835
5565,3620
4415,1095
9650,7923
7898,1216
4803,1173
4647,7283
8234,1695
5896,8405
3495,6418
7540,7617
9268,2356
5094,7535
8227,8684
7552,8962
1172,5306
9888,654
8803,3553
7003,5411
2206,6145
2214,7627
1364,7061
3876,4828
9704,3270
8890,2619
9301,7994
1710,3470
5596,5053
7821,9275
3672,3786
3499,9634
3411,310
2214,8019
8625,5593
851,8622
4090,5785
9162,3846
4213,933
5518,10000
8096,5372
1524,6718
6669,7
5541,9842
1110,4425
6942,2385
304,2098
3797,8839
6685,8010
8518,5232
8427,848
1003,2026
459,8623
170,2949
4684,6330
5592,5635
9670,7524
1163,4642
5794,2398
2958,4323
758,1870
9613,8230
8863,8312
1392,5108
4775,9628
5445,6008
8118,8908
7334,8219
4164,3111
5913,9964
4604,5223
3270,7256
4780,132
9395,6811
1658,8355
4859,3907
7553,6446
814,1244
3609,8641
1586,8654
9588,3182
7111,3296
3572,7086
9991,2071
1914,3845
7372,6559
1321,1056
6588,916
3033,7118
2176,9469
8856,7160
5538,1350
74,7839
8869,8041
5665,1632
9150,9513
7209,8262
1087,410
8522,7932
5077,4192
1280,7869
199,2530
2119,3674
9135,6346
2847,7399
3333,6909
7631,3635
7543,3985
4438,4355
597,9376
5037,5434
8280,152
6569,406
4067,5404
3020,1401
8609,6154
8619,2594
7054,6601
4698,1609
610,5359
9283,2164
3384,5949
1301,6680
2220,1672
9033,7791
8051,3413
9344,1442
5573,7072
5401,579
4565,3752
9742,4346
3569,91
8782,4074
2436,4841
566,7199
9433,2039
8168,2871
1579,6131
5005,3338
3991,8031
8310,7111
8659,3868
4878,7228
3128,4036
5292,1553
8138,6036
7941,5618
5224,7204
206,5943
9007,1221
30,4482
6393,7238
2002,7893
7859,4738
315,3981
2188,1753
9218,4399
2360,2026
3435,1261
7381,2410
3895,8436
6806,9475
6051,6598
8458,9852
6382,1551
4641,6609
1048,3558
4933,2975
2166,562
7091,7662
9411,8294
8509,1195
8576,5034
5800,2817
3355,3256
4416,3252
829,4352
988,6217
6414,4632
7164,1589
3651,5812
7327,2737
2247,5966
9777,327
3032,578
4161,9563
1464,616
160,1753
4037,8382
1621,183
8098,1857
3710,1926
1683,2025
5777,9131
6072,3791
2929,3492
8081,9307
1740,2713
3584,8302
305,8977
2251,472
4991,1758
6704,1623
4008,7462
452,2702
356,8255
1732,7821
7538,5286
1117,7811
9593,4347
8742,6636
253,9389
4075,1160
1774,1918
2933,5899
9562,6610
244,3418
6530,2105
8222,1944
6553,3495
1713,5981
2009,189
4789,2768
8688,2437
5006,8929
8120,2255
2733,3318
4709,67
9365,8879
5687,6514
8555,7576
2607,6446
8694,5403
2797,3442
1462,2239
5736,303
7058,4641
8216,7157
5145,8973
317,6202
9802,4905
4274,650
1103,8030
4923,987
3620,1316
2748,3979
3718,9513
500,840
3526,510
7878,8732
3212,6974
3960,6644
6489,44
6116,6875
1029,7304
5868,2615
118,4093
9802,2688
5890,9274
3862,3432
6956,4123
6832,1372
8266,7363
3501,3029
9719,4088
4287,8283
9220,8316
4973,727
7018,6403
4562,9715
5531,2678
193,305
8934,6178
214,5237
3624,61
8519,6463
4896,3864
825,7385
7755,314
975,9657
8846,6446
8157,9091
2259,6410
9004,1199
730,9322
7446,6802
5952,4010
9920,1564
9677,4349
4040,5677
4103,2860
3379,8788
4996,5438
3385,8486
3053,7984
4973,2135
8319,5250
1556,3673
9627,1678
2823,2462
140,7493
308,8651
8168,5208
3134,5995
7280,1552
2724,2620
3970,7322
5935,3067
9918,3571
5445,5319
4933,2795
4171,5268
4301,3049
3640,5487
2993,4315
8884,4553
7013,1384
4063,2962
3255,5381
5598,3027
2866,9264
5664,615
6380,5324
5151,2967
3103,4089
3793,3889
8181,6111
8782,9300
1868,6199
5164,8315
1321,4038
6679,7235
5897,4263
9308,5659
3602,3604
2644,9015
8488,4801
4238,7009
891,6213
2805,893
2670,9269
3441,6310
2466,7151
281,1802
9649,8912
7238,3296
1543,690
5058,4993
7467,6438
2207,4858
5867,7498
1253,5788
1717,7495
3571,2670
8482,5593
2375,4688
9788,2844
3432,3516
6369,9327
5888,7707
2656,8712
9912,3442
3263,6852
3947,6375
2815,8313
1084,3363
599,4474
5092,1078
6638,2598
8691,1346
9637,6205
5256,5957
4336,8256
3195,3878
3700,1108
440,8107
9596,1602
4070,6757
262,8607
7957,1401
2266,5715
8119,6923
6123,3272
4213,521
2118,2161
5026,6401
3783,3284
8300,1136
1387,3878
1518,2024
160,9841
6787,2733
4729,9460
9510,4125
9678,3847
3989,618
9600,2154
9043,9125
3545,6281
9596,4936
4466,9998
9395,9023
8270,2835
5864,5812
4980,3234
4181,1687
4170,8219
3463,4038
1500,5377
2666,270
6236,4961
2493,8574
804,3472
9829,8533
4151,3904
6942,8488
7493,3615
5467,161
461,9917
9518,7334
7309,2183
7860,7925
4388,53
2760,8346
4361,3116
6887,5965
4965,7296
3667,9883
939,3898
3137,6927
5335,4434
7886,3884
1556,9418
654,7449
3016,2550
2405,5258
4250,2059
5518,9608
3172,8819
4312,3324
4131,6154
593,8717
7195,4841
11,9699
7416,7197
8107,4247
7039,3954
7888,5625
690,2049
992,6941
3235,8339
2878,4548
5376,7057
9704,8690
8604,4442
4381,6177
5199,1904
684,5522
4115,9663
7463,4907
4095,1099
9910,6657
4833,933
9656,1363
8980,649
2997,640
50,3063
3871,7559
1234,2044
6518,5161
9762,7437
5354,5325
848,5520
9243,7872
1842,2343
6557,5254
8966,489
1832,3890
9987,6382
8651,4829
4894,1142
800,1542
6969,1175
9659,7831
7013,1922
316,2304
7721,4129
4,4691
1371,5119
3732,587
9450,6163
4848,5193
1006,6443
627,9708
4296,337
604,4172
259,9900
8374,7316
9964,1782
1046,2794
9693,6933
7069,8700
740,3689
5837,536
9235,9409
9529,9255
3937,3114
3013,9192
4158,2388
1708,8133
1891,1331
2880,2804
984,4383
7035,2300
7535,4776
2549,6258
4413,3995
4943,5951
8025,713
7979,2783
4461,7674
9615,8793
8266,2829
2222,2470
2232,7882
5846,3600
4058,3943
9609,2008
2288,9747
3571,4500
6790,7042
698,899
3386,326
820,4910
7531,6102
2146,9710
6108,2990
6601,6020
4456,5106
5185,7784
5648,3024
7463,5937
9136,9345
9853,7821
7567,5948
8113,79
757,1384
7995,4995
3079,4987
4864,3982
589,771
6020,774
6677,2384
2844,5243
577,3597
4818,6818
2635,8857
9025,3052
6376,1222
8591,8855
8122,7293
875,8257
1584,252
684,2788
9480,830
2921,3346
5989,1189
1799,9294
2620,230
7373,5972
6551,1185
1171,7623
7660,8283
8793,4662
1240,90
9796,7449
2869,5196
6739,9118
6987,3012
3120,7354
7043,6243
6001,1134
2758,9631
654,9480
4116,1282
2782,2819
8464,194
458,9244
7160,4840
5619,1969
1939,4879
4223,2584
7971,6891
6958,2762
570,4356
8666,619
2057,9070
3149,7286
8756,7205
2014,6969
145,1546
1651,1050
1423,757
7866,6293
6147,2821
1682,8387
9181,8332
3748,4488
5641,2080
8703,3257
9170,1791
833,2344
2417,3970
3969,7726
8787,5116
6649,7492
2696,1488
5634,3518
3879,8349
583,1397
1984,8087
9451,3503
9994,2354
5959,3580
8266,7293
780,3808
7717,7801
3638,8040
988,2901
7361,8795
8647,7880
2693,7967
4509,1545
3245,1348
5918,4206
2854,9489
1875,9264
1171,793
1918,8135
701,1113
3467,1703
8135,8610
56,3911
5871,8541
9841,7145
9921,240
6803,5723
53,7611
9603,8345
9257,4239
759,317
3946,7260
4817,2357
4459,2101
8573,814
6872,7923
2720,8082
7941,6866
2943,7532
5519,4044
2674,8948
548,7520
8365,2459
3166,8783
3694,4852
6570,4531
7526,6349
1799,6220
2542,9386
8554,7064
3835,9724
1183,1101
8203,6962
2713,5254
1279,2604
3498,1577
9859,7272
6479,1857
7624,780
6739,8653
3747,414
9684,1700
4527,8451
7698,1043
7885,9490
2067,8100
2796,7780
3507,3372
2275,2299
4057,8898
4762,4780
1205,3271
2633,9642
2822,3110
6536,7617
8888,5322
8358,4731
6874,4390
7446,2690
3101,453
9315,1491
3273,3183
6740,9147
7034,388
1514,3985
9799,1736
5910,5808
1011,1723
839,7167
2700,7700
7185,7742
7265,2761
9034,7135
7745,3694
2511,2255
5614,7991
51,5952
161,3356
5031,4292
3943,728
7044,1864
9992,2701
181,3530
584,4393
2530,5641
3479,4893
184,6616
819,2079
548,1678
3133,318
3758,7405
9817,8141
9010,6124
1935,9663
8185,6019
7758,1117
6726,7539
7120,7638
1245,7312
5561,9556
5230,2541
9129,5303
6239,9586
2657,1744
1239,8347
9314,2188
679,9184
6416,3163
1619,2989
4054,9548
558,3709
9476,9751
9972,8504
707,4198
7408,1782
2520,1297
4590,4686
9623,7876
9883,336
2191,2111
8744,220
1987,6747
9966,4125
6137,692
7995,7157
3787,7127
7994,8661
2124,5785
8897,8297
6132,3553
3188,7071
6540,6179
2950,3554
3637,8026
1904,7575
5682,8097
3914,8371
7270,3695
4935,4471
8408,9469
989,3241
115,1988
1313,352
1802,9640
4113,8172
2312,5899
283,7247
3638,4239
5980,3148
8406,9788
8530,2731
9708,9802
2866,2037
5165,2556
8102,3986
191,1113
3358,6493
2512,3752
9351,8257
1746,407
4842,2771
9123,5480
9915,651
4283,7193
2177,928
63,4654
9189,9534
1155,4925
1684,5463
1805,3254
9679,99
2324,7453
3986,21
3014,7862
2433,6477
2873,427
4605,1091
9097,3181
3750,9494
9776,1909
4923,6705
5716,661
206,966
2955,7248
9379,4587
649,8818
7334,2702
3290,4717
4987,8869
811,8082
3505,6630
6402,1432
1376,5104
3454,6620
786,2181
2521,9206
5502,8372
5065,3683
9775,9031
806,7844
7971,5014
567,6626
9167,2806
7797,9629
6928,9265
241,6448
3356,1795
6609,1634
9527,9886
5109,3355
1874,299
1064,7104
5149,5470
9298,1694
2525,948
2954,4256
8121,3340
6521,844
5246,2319
4554,6144
6803,141
2141,8292
8087,5877
251,6140
821,6129
483,5357
2777,2924
5251,5625
1597,7825
338,6633
5357,1825
938,2262
5529,832
7140,2451
8712,285
7084,9371
6840,8877
6707,2834
660,5922
578,5483
1807,4973
9356,4582
1485,1133
733,5219
1121,3794
8319,6664
977,3747
3403,7498
8294,344
6652,7755
6383,8229
95,1073
9716,1204
774,5071
5528,9854
9916,6786
7416,6981
7988,762
1217,9697
5482,4995
9550,6405
3995,7679
5550,4989
4528,7921
580,6519
2068,7209
2456,2907
4295,6135
2699,3448
140,7134
5576,1612
9533,86
7445,8159
7454,5822
1209,9933
3775,4444
6072,862
6554,1666
6745,9300
1869,2335
4408,2880
9074,943
4536,2754
7705,6833
3744,4459
9943,6227
7670,6448
3479,1067
1002,9037
7263,4164
8857,4324
5822,2259
2353,4417
5554,3382
356,9771
6118,2600
6934,2217
7752,7315
2753,4446
2712,7122
7464,2594
1980,3794
4056,5247
8912,9893
9242,8101
4059,3106
9509,4058
7582,5132
5408,1378
4597,6589
5573,5606
8384,1903
5857,3844
3499,3575
7576,2211
3272,399
4678,3201
8191,2335
9648,4540
4844,8087
5257,5705
1958,6475
1264,228
1744,6218
9415,5892
8200,7789
702,2538
7629,4825
6542,3222
7646,6849
2466,86
7726,668
7503,6685
7427,6158
8820,6491
5613,9877
1308,2078
4452,5779
4720,3349
3370,5474
1162,1629
3103,2089
7413,7898
228,5354
1984,3988
5159,5476
8865,6795
1885,956
8838,5320
3933,5060
3622,2689
1849,9701
9559,5128
7816,9822
6776,8306
6703,2488
5518,4767
9246,6693
3677,8523
486,4805
3548,9504
7448,1477
6171,8165
7737,5140
3744,5111
3569,7603
428,5202
5203,3225
5565,4091
1623,9184
1276,446
5811,3631
2631,2000
4120,9237
6169,1424
9641,7823
8069,8719
6854,2566
3906,408
7830,7832
2512,8157
6339,1793
7193,6032
3407,70
5394,155
5221,9277
1824,7101
7227,5612
5160,9138
563,1853
9487,8237
5952,7211
8560,1540
5301,3405
7932,5401
7977,1451
1979,3840
3015,7105
4672,1953
6274,5455
9019,6700
1446,1786
9673,7428
6409,6051
6294,3914
9681,4674
5762,2439
6783,5087
336,1221
8264,2748
8987,5067
229,3938
5828,8627
4416,3095
6247,1385
3903,5305
988,4626
9821,7386
4601,502
7155,1143
2388,7372
3574,4247
5685,9393
26,9341
6282,6261
213,5369
677,5874
5118,129
2192,105
5732,8423
6417,8539
8538,3112
2904,4593
4288,9681
53,8904
9421,6013
982,7820
4136,6671
750,3760
1974,4409
114,8376
9822,7991
1549,2563
7689,2827
4835,9768
4309,2806
9666,7723
4040,9311
7652,3404
5953,8531
4913,7037
3610,5801
610,4190
6105,6592
7840,2439
8310,4776
4315,6465
3144,4586
1206,3617
8328,6597
688,9890
6263,9382
9757,4910
891,7827
6371,953
2948,5540
5761,4938
8813,8366
3273,5606
9983,6574
575,282
1423,5486
7961,7461
1959,8391
1462,689
1985,4899
27,2812
8320,3661
8584,407
8825,7016
3530,9546
3679,4344
7785,2097
8461,561
609,8600
7307,7483
1935,8766
5428,8911
1793,5881
8190,5040
3280,7878
5704,8184
2185,8091
1986,6526
8150,5147
3094,3185
4748,1908
5156,4004
5102,7849
6139,3414
4478,3111
5668,7628
8355,5415
5752,5950
9655,4847
9042,5259
1463,6724
6431,4393
2014,3681
7682,9229
219,7133
6596,8515
6366,5211
9449,8139
4322,5411
5309,8992
8532,1801
6333,2902
8625,6311
2658,2543
6238,4060
1847,7723
5265,4832
9852,4874
1885,1475
3908,4334
987,4337
9305,2498
467,4724
3328,4337
6714,3318
6486,1716
3269,4368
9593,9196
7900,5716
3091,4136
1194,5460
4097,4179
6609,1838
4083,3774
9978,9572
1644,4054
7066,3036
4360,5889
2592,8897
9549,4842
8891,7795
4538,1222
3016,4242
973,5954
2056,6882
945,5579
9552,1371
8724,1098
4235,1024
9798,5434
3978,4314
3101,9943
1900,3665
1590,8309
8552,8662
1590,4810
6807,7120
878,6153
2735,7697
8797,5516
7033,9156
1183,6285
7556,9525
6323,865
8291,1804
4283,4433
9297,4584
2876,3767
7141,4821
2166,4577
1104,7225
701,9957
1811,2336
7525,450
4062,9810
8972,3726
4995,750
4946,3393
6697,1254
6276,4109
2605,550
8389,2697
946,7634
8861,5945
3513,7355
7980,9291
8556,413
1959,9072
4,3592
6883,2196
6586,953
5728,4444
4538,6981
2300,6668
8580,3985
3993,8739
109,7825
3640,8307
8994,4475
2036,704
412,8631
1212,5669
3231,3062
2632,4973
1068,3787
1757,6037
8343,2954
3083,7083
3123,4044
3267,7762
7976,7852
8694,230
8647,6673
8729,4214
1188,2200
485,4227
3922,398
4154,8867
9981,9479
2244,7762
7457,2302
3654,7206
4392,4857
1458,3582
4496,8391
8122,3910
4954,121
1089,7561
6415,2715
8859,9460
7533,7758
9587,3139
4511,7763
3691,42
6443,2773
494,4498
469,5220
9570,5486
833,4698
9609,2057
5638,2459
4342,5998
8718,4686
6172,4178
2249,9890
4354,6658
6497,1359
9139,6949
5976,6379
626,2990
8749,6373
3099,3057
1278,4689
7061,9823
7847,8176
7923,2592
4105,6940
938,1051
8758,1261
6620,4597
3657,8011
483,7524
1282,7696
7593,7182
287,6953
9076,8835
8982,761
8319,2547
4126,3834
7795,3822
3710,6049
8934,519
9485,1292
9434,6404
4201,7755
613,9556
4419,8665
1952,3709
567,9493
6873,8561
6521,801
2596,588
6331,8886
5054,7645
3659,4450
8449,142
9593,4767
4724,6562
7959,9729
4938,7339
2089,5052
2955,8709
3451,2928
8495,2050
2002,6162
6070,6082
3802,968
5781,4814
7151,3008
8796,6097
7256,4846
4675,9285
749,7728
6833,7990
6377,5567
2095,996
8458,500
4961,6442
4997,2021
7956,518
2887,9387
3958,5893
215,4257
1662,9516
8855,5755
1036,7317
5832,464
9707,1876
4013,582
7779,5685
5928,8345
2891,9173
2129,167
5196,649
1158,7883
2353,4126
9019,2868
4843,3006
2898,9777
4688,4668
822,731
4771,5900
7073,5471
9567,9938
750,8102
8589,597
2489,2835
293,8320
2914,617
1552,2741
3856,3047
4028,8830
4482,9808
9721,113
6944,283
4801,8831
9953,7460
629,10
3478,2653
8434,7057
9763,645
5250,9497
2910,1762
7374,6553
4432,8638
5937,4386
9960,8796
3000,5257
8543,8341
2534,9459
1830,851
3572,2204
6203,5754
6390,4563
6363,4286
2504,1190
3761,1093
5767,3893
5420,9593
396,7046
9583,9545
9619,2660
5026,8718
9002,5972
3622,1046
772,6887
7462,5886
2366,6565
3449,5360
1721,4812
5748,7670
3894,9076
3211,8826
1536,6494
296,861
3858,5721
9684,7088
921,6512
8435,7970
7428,9859
5773,2278
2137,5296
598,4272
8801,703
462,5980
1715,2839
3364,3386
6670,7872
6326,8634
7568,9750
9364,9553
2068,3318
723,2869
1000,1640
669,7931
1724,9098
4341,9722
1895,6501
2632,5691
4419,173
1679,4320
2936,9994
5201,1054
9415,7454
7382,296
556,8435
3894,4921
6471,1074
9759,7246
5620,8450
4693,9278
1574,3260
4276,9158
4530,5319
5058,4149
7943,2404
9024,1649
5564,8584
1758,5925
7074,9937
1294,4056
8617,6999
5776,2826
2190,2529
3853,3517
4881,4897
7840,4094
7524,8701
2078,4399
560,3963
6294,2530
562,6136
6356,2723
6163,5733
5951,2979
9349,7166
866,8525
5224,9080
1816,4439
6557,8823
8192,8999
18,2281
5776,863
2236,3315
1686,3959
1283,293
6186,4613
9639,1740
2015,6283
4784,2165
3320,93
2963,5417
423,6365
6592,2857
1185,5077
5224,4839
4989,9392
4380,526
2523,4982
1937,9280
7665,3970
3296,6490
4576,8818
8906,1285
8710,571
9048,6668
7181,2230
4112,3477
3057,6858
6068,1135
6926,3911
5668,598
7927,5436
7011,9237
7139,8502
5320,2936
9138,4998
939,1597
7550,3998
4383,5831
8797,9352
8911,4543
7842,2130
6561,5239
1427,8153
4551,3628
9685,7585
4500,664
2787,4751
3115,2576
7278,6212
9939,5489
5742,2390
6616,3538
9639,732
8667,8822
3127,7669
1113,4560
411,5542
6264,4851
6769,6399
5358,1397
1961,9176
3244,3520
1860,8669
4424,8293
1294,5539
1464,5293
4201,4182
6346,2301
8159,9008
817,1301
824,6216
793,5317
1260,3893
5419,5308
1456,9006
5917,3359
813,6463
625,8835
3599,3306
8205,2327
8041,5623
555,9216
5973,1593
3318,3410
9865,7887
9205,520
9926,852
8068,1857
8489,9748
4670,4199
708,6699
3911,2237
8391,2971
1430,9284
6056,4809
6175,1082
9938,4549
2462,48
7545,6261
3712,7286
7163,2493
9147,6597
8002,3564
4607,872
4695,9574
1220,3960
3264,634
5794,8131
4682,7247
2831,7560
146,1424
6770,9538
9004,464
1559,7567
4231,5340
8892,8763
3672,3804
1608,3630
9058,5750
9755,1582
88,8479
4161,6322
3913,5470
7856,3157
6074,448
7280,8755
1169,3505
6122,3123
7117,8973
473,8497
3235,9011
2573,5207
4068,4019
7503,3335
4186,8468
5599,7896
2513,3204
9353,7754
514,5757
6022,9367
3563,6752
158,1705
8394,5761
4411,2850
3000,8063
2264,8108
3746,5726
7881,2205
5987,7411
500,9494
1070,3131
6285,8136
4166,4249
8816,2740
992,2858
5495,8558
288,2902
3052,9229
6545,6501
1864,561
5073,6603
857,6225
8984,6210
2210,433
4313,3122
7180,6797
8192,4704
7098,1460
5084,848
9547,3459
5766,6008
1017,4412
7903,3267
5438,8276
8057,991
1766,2854
5627,8484
5455,4087
5416,9792
5629,4695
2121,5332
4746,4976
4375,9797
7802,4543
2645,9679
9805,9196
9209,4861
9550,4775
5915,1469
9289,3553
5350,2644
3241,5108
44,2222
9566,2768
1911,7743
2493,483
361,9819
5282,981
9237,927
321,8605
7718,874
8218,8371
5725,747
7355,5314
6088,1048
3839,9177
7646,7496
8340,6079
39,7966
1179,6097
1720,5154
4712,5546
8780,1566
137,5613
3582,4850
8803,2242
4932,8708
487,5019
1077,1191
1252,4257
7242,9031
7878,7456
2258,8271
3373,4364
1824,87
3208,8798
6975,8061
3888,5199
2758,622
977,1743
7063,4225
9555,6354
657,5137
4439,1417
229,437
9677,7577
5925,7742
3138,3929
6792,5388
9126,4477
3835,5165
7675,5466
610,5603
5802,3589
1516,8897
8272,5213
355,3362
2422,8402
5938,6934
9726,2448
2322,3225
4409,2540
6669,6674
6021,4953
3108,5797
1684,1288
9500,5685
6504,1258
9970,5402
9306,6946
9392,9931
1722,972
4615,6472
3792,4421
4428,7558
4241,709
4736,935
9261,4416
1639,838
5029,7892
9481,8621
7547,287
3911,3715
7937,449
2198,4100
3091,7242
9447,5806
129,2720
6263,8118
229,7534
673,9110
4227,4172
1714,8275
7677,8839
5397,2830
7462,4798
2652,5111
6766,9992
7424,8281
9580,1429
9664,3831
4043,4319
2021,2465
4043,1548
934,1586
6440,9635
1655,5240
168,3769
9244,8689
6349,39
1772,3135
3578,7754
4545,7176
5666,7350
8699,9341
6109,503
9876,6549
9812,4662
4542,6053
3243,3509
57,6862
8334,2391
1377,3203
3668,9887
5443,9365
5040,2963
8544,6973
1927,8652
1450,8453
4876,1629
9132,4371
9958,3774
5319,8883
5811,516
3718,9184
2534,3342
2003,1823
4187,4943
6002,4281
9163,6899
4491,9554
1484,2079
9765,9258
8352,634
4366,8416
8013,1442
6727,5198
7629,8892
1532,2021
7243,6588
5330,5654
9678,3613
6808,3161
1715,8349
1104,5118
2162,7544
1479,5790
4371,5968
3072,701
4537,4774
8143,3630
4620,119
9600,3938
2613,6646
1480,3183
3794,2514
9924,9657
5161,6355
4526,5920
1369,9303
9453,1894
9485,9939
9052,2171
4122,7640
1923,6599
4695,3156
3553,5683
2796,8818
3388,4452
5698,2431
5327,2005
4762,9258
6241,3344
9626,2839
9846,5480
8499,2479
5519,934
7918,3496
3069,2959
7972,5245
8371,3134
8013,7066
9113,1667
1744,5270
3821,3031
6489,7548
7444,8507
3208,1272
5005,1692
438,1243
3191,2741
5123,2155
1321,8514
8523,3819
7359,8604
3095,6610
5221,1765
6799,7914
2171,530
9309,9319
4968,4608
2301,6737
2603,8804
4320,832
1389,7491
9440,5284
8882,3515
7054,6110
2767,4396
167,5567
9381,8423
2021,5115
2363,7473
4721,5176
5290,899
2119,4105
6289,6306
34,1074
8329,9574
3478,8135
7843,4585
908,5221
734,3006
4279,1501
4516,9035
8838,776
6740,3188
4339,4940
9802,4293
5336,9770
3530,9500
2737,384
2653,3809
1900,9682
82,7555
5965,9792
1957,3921
4222,6164
1068,7201
1156,5722
8030,6384
9709,5964
9071,4359
7989,9273
3911,6454
1655,8082
6336,5504
6464,2033
3166,2370
1296,3285
5433,6049
6378,6862
1973,4223
3083,2530
2563,1114
3639,186
976,3089
510,7389
8203,7700
2238,1670
9556,5863
5058,3204
1952,1826
8921,2798
2025,4280
2529,3873
8242,4562
7793,9527
3689,3704
8630,6854
4597,9467
1605,34
1582,4226
4016,640
9099,7310
8500,7672
743,2492
2542,2357
6573,9655
3277,6941
1827,5448
6227,2424
1011,2747
6982,1039
3123,863
8163,6754
406,5993
8338,2165
3404,822
6292,4728
6244,2027
1881,3090
1842,6650
9662,2329
5084,5332
6387,8417
6190,1269
7659,9231
7101,8432
6812,1272
3401,1864
8583,5307
4283,3417
4161,23
6926,6641
4192,2266
1882,1550
6930,8088
2747,1316
8166,1236
3696,3291
5502,9486
3904,3363
1548,5929
8567,4405
9977,3207
1053,8760
6500,6756
1464,3805
6296,6012
7928,2279
8487,1450
3216,1162
6818,638
1780,3663
7562,1817
7134,6769
6593,7736
5211,2903
7226,3643
1010,1182
847,9697
6405,7939
2945,4802
7936,9610
8393,536
9854,1229
3661,7771
5114,1589
495,5768
9011,3934
2191,7405
7465,8090
6097,4420
3957,6564
5689,6617
4053,2175
5139,4233
6212,6715
2031,8937
4823,612
3465,2192
1316,5015
2279,8482
958,9457
8555,1482
7323,7157
472,4148
3958,7786
6834,1204
6592,959
6862,6422
1666,9308
280,243
5789,9206
6116,1596
930,2367
8380,7543
2878,1240
4247,8547
5213,5475
8971,8585
9296,329
9657,3889
3768,2357
9239,3646
9746,3339
780,7063
4333,6569
9124,6963
7990,8584
3026,5936
6085,7854
8101,2864
5456,4356
7139,2993
6989,2271
8835,6360
7253,5261
5463,1545
6228,8030
5014,2261
1005,5245
2503,8080
9323,6713
5305,8429
722,9428
9776,8201
883,4279
8793,8049
6110,3936
3039,753
8018,2777
9606,4858
5600,4070
9093,7727
5262,3291
3249,1133
2727,663
3652,8420
1023,1314
2764,934
7669,5646
9295,3418
6417,4956
5132,6381
2748,9183
2926,5847
7967,5573
2842,3861
8084,5863
2663,3160
9993,2814
3565,4122
8243,9840
501,1960
2094,2198
6913,9008
1202,3899
5,1096
4866,8931
8370,5401
7166,9189
2996,54
3241,647
369,1277
6405,1477
2961,4568
5369,5581
8077,5088
1092,8537
3168,9328
7260,2586
3739,5281
3087,2590
7461,4247
4539,7566
8607,2695
8761,1319
9461,99
1347,4003
4128,8212
8342,3058
2792,5187
2611,3578
9559,1940
5712,4713
2297,9487
9932,9618
431,7100
1839,12
5315,298
3199,1699
6870,5613
7519,1560
5285,98
8754,9036
330,5247
8173,8997
8767,4988
6155,1850
7357,5640
7498,3473
2243,9386
1474,1986
2993,9733
2470,4408
9988,742
3955,1988
5996,2253
3093,9485
7161,6630
6073,2296
4229,9027
3773,1807
8442,8104
5956,1025
5044,2226
1622,4727
6353,1732
7635,7198
6453,4576
3832,486
8427,7135
5786,6182
3077,8141
9632,4233
1716,6372
8621,2233
3795,7347
3306,6902
4030,9146
6978,8483
4064,3301
1223,190
2394,7059
2339,3946
5583,4753
1865,555
2284,1496
7577,3357
1653,7824
2914,513
1147,4463
6065,580
3065,4563
9672,3374
5326,9431
9707,9172
2629,1429
1651,9435
2767,2025
9589,5866
9970,3021
4221,5754
7883,1046
5844,5885
1824,3098
2432,3864
5248,8269
8394,2254
7099,9143
8875,3898
8398,3987
1360,4248
7094,5766
9485,577
294,1322
8958,9586
4324,2599
8904,968
6253,8285
9613,4730
8345,6160
6591,6882
8281,4576
3676,9513
4845,9651
3447,990
9842,1041
9080,6659
2104,829
7609,9317
674,1099
7425,4037
6647,3826
6990,1720
4357,1888
2651,8823
9221,4788
6625,932
9657,9356
6730,1258
9026,4763
8160,7231
1263,2423
4756,3481
9695,5500
9659,730
7799,6928
8451,4185
7999,5636
307,3806
2871,6468
6480,4250
4296,9756
8108,8001
4869,2038
7704,4565
4879,772
5130,9824
9448,9142
9003,3565
687,9641
3223,2932
9274,7885
5639,4128
1074,2849
9547,7615
8680,444
9808,1029
7861,8859
8338,7229
7408,1266
8859,2302
1320,8657
4042,9125
289,6949
3246,3701
572,3767
5121,7272
318,9637
3506,8272
1298,4635
9226,1534
7563,78
5105,3358
5730,1285
7929,9565
2814,5300
439,4873
961,1222
7170,5283
2990,4358
20,4547
4985,8090
2733,9449
5175,125
1079,5515
8517,7863
9301,1936
4436,4315
6164,5687
2929,5902
9907,9925
5603,255
7327,4393
2686,2631
471,4126
6260,6061
3135,7916
3195,982
8351,6219
2314,8712
7195,3270
1196,9850
5518,2248
7303,4042
7423,6725
6551,3530
5718,4775
9140,9208
3032,8404
1058,5304
4061,7640
4662,2592
1587,5589
1302,8687
3099,323
6185,6987
385,5573
6750,5047
8314,2122
6057,9309
9542,5757
1112,9485
7108,6282
5683,7506
2693,8716
4770,3677
7688,3704
3432,6993
1461,1360
3325,7978
8598,1941
5610,5866
5054,1708
4254,1138
1261,1227
6877,3801
7804,401
7,1052
6547,9167
9383,6114
2475,8983
2866,6267
6669,7567
8863,3284
9800,850
9430,3834
7122,2835
6833,8809
6710,5407
5167,2719
1708,5022
9591,9042
5846,1286
4890,4282
6,2252
9441,4812
3389,6455
2581,7300
8222,6371
7150,8415
6481,4671
9203,8178
7748,4324
2256,8635
2668,6450
8342,5330
4617,8680
6988,1243
311,8159
1139,187
9089,8244
7175,723
8800,577
9681,6782
976,8935
7865,6692
5220,3002
7481,4456
6528,4409
9389,5045
7220,9064
6551,4239
489,5692
1679,2617
3668,3858
439,9571
1063,908
8652,5757
4599,4953
8520,4460
1224,6816
5077,7831
3652,9753
6300,7984
8874,4024
5467,6554
5923,967
7301,59
6353,2990
5860,6959
5120,4178
8377,5238
8238,6839
1220,6667
8471,1555
2719,6002
3288,5233
3908,8430
2421,8255
6559,6604
1511,7973
9455,5023
3405,6497
4358,873
5427,6035
5791,4290
2512,3842
9279,6488
1465,3674
6564,8628
3587,5603
1098,3076
3942,7839
9340,7867
4285,6543
1224,3473
6633,6866
8907,4600
8533,9452
9900,252
9045,415
3765,1654
9495,2968
2411,8414
9596,9384
6703,4938
7872,1741
1516,103
8100,2429
7745,5874
1405,4047
1065,9204
1989,6342
4213,5016
400,8250
908,970
4409,3540
9385,8382
5578,2198
1650,8762
3755,1525
2057,370
9457,885
795,6798
2344,7663
533,889
651,1633
999,8968
8576,3746
3105,7540
6945,1616
9018,7303
7317,7320
95,7519
8733,9410
4072,9730
5802,7574
7734,4175
6763,7551
777,7388
4180,2618
9854,5474
8155,5770
7077,3425
7084,7516
9841,7984
6413,1186
4601,2901
843,7279
8315,765
755,2254
4448,1785
5389,8047
251,2262
3010,4078
4123,4679
3598,9105
735,5361
8224,511
6905,5555
6431,4968
4667,9663
4151,1924
7022,5625
8865,2652
1474,1468
5312,3215
7856,8771
1895,1522
4235,9035
5353,872
8948,7138
6968,1417
813,6379
9631,8178
7061,4018
91,8184
1586,6118
7524,3114
4525,8760
3785,1171
6759,6543
2393,5097
7370,8821
8734,2453
9434,161
3860,7183
3194,9073
2984,7893
8394,4996
3547,9768
1118,5122
1942,8323
9115,9193
1831,5272
8538,949
7337,6585
5247,3738
8962,8896
9747,8177
8886,6412
4317,5949
7816,9672
4191,5593
1073,8969
7980,5936
8857,3924
200,4152
5186,9898
9352,651
6101,4930
8553,884
868,865
1564,4179
9662,6824
5374,957
8209,6233
662,9299
9289,9751
5256,5244
1846,4474
2359,3282
1005,4812
7783,6118
917,5251
975,785
9761,2635
2237,4105
717,1040
1172,2956
2098,3940
4321,3580
1876,8307
1228,6966
9306,7761
1129,7440
4493,2683
9453,8783
9033,4915
7038,8578
7874,5346
9604,5279
6608,9769
7067,6568
250,5176
4938,6890
6497,7642
1246,6081
5747,2587
3808,2699
480,2280
3141,5672
9977,4161
9396,7162
6164,4845
530,3055
8188,4394
2089,2584
2358,6686
839,7494
6030,2992
4979,1152
7247,5069
4522,7155
6402,2631
2968,3686
1294,864
4994,7400
1054,7359
3519,521
6800,4557
695,3938
9865,9055
2772,6849
4902,6032
8293,869
781,8442
6978,1299
2594,1760
1641,9715
2469,8539
7223,2394
7785,8623
5682,8788
5392,9002
2755,7037
721,7800
9969,1389
7004,9574
824,542
8148,2913
1081,699
4011,6810
3643,8759
9723,120
4111,4790
5552,6266
5649,1980
2292,8216
6554,7056
3746,1636
9842,2285
4524,2691
6163,1861
408,5490
3337,1554
8565,2950
3846,3147
363,1076
6530,4303
1665,8314
4175,9457
2328,7960
7370,4128
6900,9455
8222,4977
3946,4212
4338,8619
5781,7152
5731,1551
1347,583
6668,9186
8141,1651
9185,9721
6579,205
4412,8752
3221,8840
2910,4166
2719,7850
6695,5049
8540,6807
4433,5561
8987,763
1687,5292
8095,9668
5923,6638
4880,6986
8116,2850
8975,7196
478,3577
4294,6457
9195,8013
2366,4023
4480,6699
2890,1859
3019,6748
9601,8262
264,3614
1881,3759
5907,5699
8751,7731
4839,4710
7155,287
8565,3173
6175,5493
3601,2527
6984,2986
1910,3468
7966,4699
8377,1043
1486,3591
9083,3612
8438,7502
5511,9235
2728,8516
6220,7237
8328,1345
3893,1899
5104,1912
9108,6768
4274,4866
9213,1392
4509,7767
1774,3983
1081,5000
1340,6547
3517,4171
7641,5214
5392,2980
514,3596
9964,3085
8485,1942
8318,6242
6528,2273
922,3579
9571,5286
6412,439
6759,1055
1801,5777
8041,6922
3540,9394
2671,2813
8316,7507
5547,9846
8707,2060
5421,8558
1001,6382
9378,9610
4231,2154
9227,6460
5303,3484
7257,1661
9744,8967
2563,1455
9744,5886
7626,9027
1971,8524
1108,4998
1616,3873
1780,4392
418,9354
939,315
7859,156
5512,5476
7764,4316
8779,769
8282,9966
4183,759
8211,9720
581,8582
9254,1410
9157,9803
8041,5548
5104,2019
1563,9052
57,2103
4161,6482
769,7832
7854,9066
2586,376
1644,9214
5603,6483
3303,8805
5234,4392
3416,2284
8193,8920
3904,4415
3759,6681
7930,9381
1014,3399
8051,1653
3629,2120
3637,4264
2691,8954
2799,8252
1244,4396
1760,6258
7673,2230
6194,7046
3055,741
9092,7593
58,8967
9392,3708
2251,6319
8955,6682
7388,1734
2330,2482
1956,4318
8530,9856
517,6708
9608,4551
2147,7714
1031,9118
623,5838
63,4100
6674,1906
8267,4929
1605,2088
3451,1146
2605,3090
3408,9808
820,3796
3462,198
2274,5775
3915,9150
8347,6938
3070,9663
9377,3999
563,2164
2106,4543
3346,3972
5805,4803
3199,2281
5990,432
8821,7055
4889,1958
6972,7148
2499,8197
4362,5366
4796,7148
8757,6821
8264,4368
21,614
1436,1814
6184,4681
1390,8333
8240,4633
5366,187
7895,8085
5281,1602
2194,8559
932,2990
8003,6720
9837,8862
9961,6341
7396,7980
8963,6107
9649,8107
4865,2179
6920,1404
5931,6545
8607,9069
4171,1351
8368,687
4325,9833
2281,8386
823,8765
529,2159
6795,7569
6213,9777
1321,712
4065,17
3049,7298
3562,6525
5431,8471
9415,4901
2895,3552
4784,4369
1656,8115
4431,3058
7709,5145
8595,7012
9558,3469
7908,124
2053,1715
7569,1780
6573,6818
1636,2288
6957,7599
7927,6988
9353,24
47,8260
3497,3274
4230,111
8363,2880
2216,4169
6196,6057
4964,5628
1908,8707
1090,10
6424,7546
9683,3322
2152,1767
7843,8668
3360,7127
8731,7787
8092,9225
9107,2158
4893,8675
405,7690
2984,98
1934,9320
4318,3756
2429,494
5302,3941
5021,461
2997,2825
9856,695
992,7644
3873,8954
9,4380
955,8446
6885,3935
5336,3543
5918,8735
6849,1654
2132,2478
8133,642
8142,3144
4965,8751
8350,2564
2331,393
739,4678
8203,6703
7352,4212
4594,8094
3497,563
7531,6825
5030,8525
8881,866
2576,9537
7134,3048
1393,5560
3633,668
2184,8655
5502,7010
8802,2518
5024,9969
8196,9060
522,2310
7668,5348
9771,4204
1255,1616
7903,5536
4005,392
4610,4436
1657,5887
2575,4066
2244,5043
1719,1258
9089,4375
3549,7466
9028,6926
9199,1386
3420,2742
1023,6049
8039,6431
9167,151
2485,5447
9210,4215
4964,3891
2751,5856
3482,8107
8841,6538
2050,8819
1370,6064
2013,2834
4326,4429
9242,4017
1787,8711
5824,3025
5567,2627
1383,1817
7826,5939
9207,4987
3426,6515
3129,4338
8941,6364
7257,5595
9632,2658
7341,1756
5342,4577
8703,7973
7725,127
9318,6130
2891,8349
4243,2538
4766,9295
6759,695
4296,9126
8962,2930
4409,2135
8038,3898
9838,3178
5546,145
5480,4144
8298,1540
3992,7009
1116,7732
3254,4578
2942,6117
9312,9504
4106,1891
1231,2363
2699,60
5382,8610
7610,399
6324,2631
8673,7534
2617,1230
7824,7922
7732,3511
9214,6316
3707,9942
4023,6339
9396,5691
7524,1071
864,9859
8233,1889
2232,2411
4727,797
4783,8476
146,9061
1974,7671
2812,3683
2847,4669
5744,1074
3322,7548
9339,8938
2971,7266
7269,3398
6252,5183
8206,740
7054,1131
9443,1832
955,4113
3231,877
4615,4263
1614,1897
9925,6955
317,3100
726,7387
301,9877
7292,8321
5943,1121
3036,4601
4313,2673
1650,6609
5998,3270
1134,908
9372,7372
8589,5714
5399,6000
3523,6456
7923,9040
3987,7047
519,3245
9345,5212
8828,9119
2462,1788
5172,4198
691,4545
1720,6856
7833,3685
7178,2812
6165,1529
3817,2577
6081,1347
8451,5851
7669,9235
7573,5100
7157,4000
4605,155
2244,9699
2129,8532
3334,7583
8648,5324
8467,9852
8582,1086
9735,8959
8581,4567
9510,4311
6046,9787
1997,9223
8007,3074
212,1851
583,6978
5215,761
9285,7481
2068,7365
7791,3000
646,5600
8806,6503
5056,9342
4053,9625
6654,9123
627,7117
2053,1882
9342,4621
6531,7394
8440,5031
8113,8917
5630,1398
53,4021
3682,6668
9443,2277
9050,5054
9364,3618
1857,6492
1407,797
2252,1403
8227,7974
1655,4897
1255,4789
1166,8653
7032,8904
3896,7600
3794,9669
8029,8332
1850,2330
3864,5367
8375,6793
7127,1484
7185,7257
5727,2686
4194,6571
8781,6026
4618,7770
8103,1592
5278,7165
9249,1005
2384,7213
5084,2561
6954,7086
1337,6856
6515,7164
8715,1327
5508,4834
4649,7892
3908,42
9379,3186
5103,2556
2860,6632
7478,5541
9766,8277
1904,2198
2140,323
8079,1141
2824,8781
2045,7749
7093,5133
9140,6205
2622,7350
5085,6839
2421,75
6720,9431
4288,731
9242,806
1086,8874
3245,5082
8072,6941
6753,3827
7906,8241
3672,901
3024,2536
3215,3437
9126,5537
8129,5938
3159,2675
9414,9130
927,5926
3512,1206
2844,5742
4774,1851
4903,2164
849,3901
9441,6995
3459,7433
9176,8892
8224,5408
9241,3383
4901,5228
6815,246
61,1040
1801,7175
3395,7664
9898,631
2257,1449
650,6894
870,2447
3482,4202
6359,8562
7189,3515
460,1212
9985,4376
8251,9050
2197,8349
834,2036
5749,1986
4157,8490
7064,8345
8072,9852
9659,643
7455,9846
3054,6079
4049,3143
1948,608
2850,381
5688,8474
7967,3839
8018,7081
2589,1367
409,4254
6811,9081
6395,9831
6662,2132
9736,4746
5546,755
661,3518
1701,7744
8284,3734
6600,1143
6080,538
4632,6947
5902,51
2369,4711
5951,1747
8009,2667
3306,2127
7410,2432
1926,4619
233,8306
4045,1424
5740,1001
3852,9356
5273,5644
3048,3958
9633,3939
7770,3756
7387,6567
7643,1291
4597,4936
8187,3434
6341,4314
1802,7859
8237,5357
537,4016
9613,6520
2939,718
1571,4482
182,7168
829,5580
150,9059
2799,126
7776,2745
4688,3132
3203,8725
2143,7253
9402,8754
3155,4009
4079,2255
4815,6292
5849,8139
5124,250
5526,1513
2577,5073
7284,6496
7894,102
3978,1314
6870,1805
291,9111
3131,4856
3242,1157
8691,1299
2129,5022
792,458
7051,966
9837,4840
9226,6592
1380,893
4034,6596
476,426
3421,303
8936,8972
9080,5782
171,5107
4698,2184
5471,5183
2164,5712
1173,8742
7092,8900
1063,3731
5620,8285
4234,4926
175,9699
3951,3860
5892,3860
2231,1139
1426,3120
8742,3284
948,8580
1633,3254
6422,2865
6290,5811
3045,3225
666,1873
4342,2006
4998,1479
572,951
1194,3273
3949,4807
6649,8515
1422,4795
7879,4286
1674,1416
9990,945
7314,1743
284,3143
6862,3319
7286,1897
4753,8069
4357,2073
8091,7097
5095,3546
9545,280
7649,446
1943,3138
6776,9438
3141,352
335,6800
7751,972
3050,7816
9766,2604
9601,1773
9588,4604
6048,6534
4973,9079
5947,6321
2344,2034
31,688
6637,4309
7764,8977
5649,9943
974,7065
3501,6917
7251,1452
6685,4718
7399,5627
468,5982
178,4298
8444,8405
9987,7533
8251,7875
4415,3582
2929,6067
1746,5198
2510,1905
3893,4182
6929,2377
6352,5880
2218,7774
4855,9975
3649,4755
2672,6495
960,6553
8085,2995
9099,3862
917,9842
7120,2622
2981,3700
1273,2161
3347,4822
7471,4193
4139,4768
3720,8926
3970,6576
7585,5631
4784,7845
7558,9551
8747,2329
7950,2146
6126,4091
1668,1331
2088,6489
4592,2827
9137,8999
3637,6224
8455,8590
3411,648
71,6948
6668,1128
5832,355
5604,6973
7361,2553
5745,8838
5338,9068
5650,9788
7135,1847
3148,3951
8705,9878
5264,655
407,6506
5736,7780
8531,8505
9552,3450
6463,5637
7537,1324
7893,9911
9464,1132
9758,8136
3990,1804
3330,3116
6993,2940
5598,6987
791,3312
6180,3373
3202,4909
4828,4770
3767,6608
6232,7995
8793,7324
3078,5640
1114,2702
7390,8895
354,6590
6955,8598
9400,8644
6695,4365
4093,6757
478,3195
7304,345
5637,4995
2092,7066
2435,2114
9877,1770
8653,7736
9889,3169
3872,9793
924,7250
6311,7119
4148,7545
6637,8534
2172,6100
1420,1411
299,4539
6372,5258
9572,2077
6215,5051
7568,4568
7137,431
5799,7541
2933,9301
4574,830
9202,8035
6539,2364
9060,5195
2276,6753
2423,4413
6549,3775
567,1603
9727,8691
1154,5277
4734,2674
9087,9656
995,6046
5000,5949
1057,3492
675,3476
8739,4710
8143,1684
106,3472
5449,440
9140,9449
4557,8591
4439,3496
3626,5039
1902,6384
7614,5111
2490,3978
8401,2528
9898,8509
1854,8112
7445,8781
6764,8987
8692,4877
3819,8501
9069,9906
4233,8440
4794,4629
3524,3039
2567,276
5530,701
9546,1623
6988,1357
174,1290
2049,2791
4424,8108
6614,155
4442,7874
8740,7901
405,7368
8842,7693
4457,437
89,3185
520,4570
3951,4866
4297,88
8330,1120
3929,7419
6350,6563
9579,2294
9362,5647
9520,2988
4741,3074
4530,8600
5982,4014
7482,5514
113,974
9009,4767
317,6630
3188,6299
4018,9787
9456,7350
1456,6348
9965,2608
5338,3100
1976,8386
2282,3405
9496,6067
1886,6827
5809,819
6752,2514
9543,5880
9267,6396
7226,5618
6745,4811
3584,9421
8801,5504
593,2883
9230,7413
9692,3243
1187,3149
8518,9282
9803,2326
2066,3428
1445,456
2764,2823
5980,9917
1904,9685
2356,1901
7960,4900
1008,7172
9746,4131
9249,5858
2767,3331
2505,9200
2664,511
398,1338
604,8138
9545,637
8180,996
7710,9326
3367,2824
9031,1636
5673,8965
713,8787
814,8711
5031,5142
9805,3825
3205,2072
9775,3882
9189,799
4983,2289
9661,2678
3051,7246
7194,1430
3345,6710
7390,2224
5157,7482
8100,9817
6566,7277
1044,5986
5905,1008
4882,2035
6180,4124
177,8404
2965,6924
5493,8120
7691,2164
1526,7622
9802,6945
5633,3077
3788,8271
3208,9219
2379,8913
937,4226
6715,3248
8476,4944
9316,5043
8069,7745
5645,8376
6394,7723
2836,5884
4063,8558
1226,1148
2973,7006
2443,8761
3969,8302
4939,9090
3984,9387
9260,5216
7608,7986
5196,4211
706,4607
5563,4532
436,2867
2491,4167
8195,8673
528,9472
7413,4149
3831,2270
4260,5873
5026,9048
6127,646
273,1699
7738,1179
7053,4077
534,957
8029,1737
7820,4195
2924,4359
2978,6797
7698,783
4768,2745
5742,9338
8380,561
4949,8926
4209,2724
6180,5924
9326,8639
9778,2071
331,1592
5457,6106
8919,5143
8659,7255
9565,5138
2248,64
9204,3379
9317,5908
3685,7544
5489,4496
2920,6326
2714,5038
4935,6699
5621,7647
1316,7503
3250,3153
1718,8102
7805,2333
3742,3269
2368,6863
7337,3614
7702,8755
7694,9577
618,9625
3207,7249
8206,4564
9228,6025
8169,6276
5722,8297
6200,2398
8307,3961
1444,7557
9504,3048
3332,360
3505,8441
4953,1640
2820,2139
6391,3267
6276,4532
2276,9426
7257,6441
713,6251
9085,7484
1829,4964
8111,7219
9537,2341
8960,3985
4766,5816
1051,659
5915,5744
6882,2393
9794,4435
9443,1886
4514,582
457,2454
6791,5347
8111,308
8645,1241
2815,8341
6036,2401
5657,3740
9765,840
9071,3659
2515,1086
3837,299
8133,5561
1542,4936
4592,407
489,1211
6985,654
5235,7797
9783,6930
4590,8213
4199,3794
8358,135
4105,3935
3020,2618
3688,5723
7844,9451
8855,6585
7881,6819
9911,3543
7297,2810
4869,1205
4619,6806
6160,3153
9396,9668
2440,1248
5944,9058
7474,2458
2886,5542
2696,6851
1613,6879
6221,9474
1090,534
2862,3264
4788,1728
1668,1182
4342,9747
4182,7491
6155,4706
7820,7441
2257,8519
4622,3715
1379,6348
5947,9605
1490,5846
6389,192
7278,2383
8729,2641
6959,6991
828,9252
4144,4165
2865,2034
4075,8631
3928,3348
8319,6500
8944,4931
3837,6674
5469,1710
6211,6010
2133,7911
9103,9660
5348,4698
2646,383
8991,3227
5069,9129
8053,9419
3827,1752
6946,6711
3234,1355
9037,2541
9338,4704
8161,91
7470,5594
1833,8278
1770,2142
5732,1828
5969,1066
6265,7254
694,6387
292,3078
2640,8090
189,8729
4145,3131
3434,944
7791,1585
5851,5857
8801,505
5283,5709
3014,6161
7046,2302
1006,9037
3966,1535
9996,774
2744,9224
2051,6079
9563,2004
2142,4038
3128,1920
3996,5794
6429,5283
9352,4287
468,293
5127,7844
7161,5053
7226,3821
6568,5099
2419,9386
9093,5534
772,2099
7893,4706
9858,5654
1001,6074
521,1871
1627,7943
2634,5602
9440,9746
2111,984
3870,7436
6800,1876
1687,863
4605,8625
1268,7135
5227,1450
8717,9235
1404,3733
8372,4443
9303,2045
9553,2829
3734,3706
7288,7999
2622,9823
1079,9987
8810,3536
2923,3690
2960,942
3,6774
9989,7297
8396,2929
9100,657
2331,8675
2025,7216
1465,4356
6484,3911
4472,2543
8137,7932
1636,1054
3805,9981
7093,8536
8059,6364
9105,9828
588,9270
4958,6520
7972,5745
3973,2547
3353,2866
4290,9283
5711,5785
9016,6787
6543,9689
977,6293
9878,5976
7731,7544
7529,7279
3263,2022
7958,1774
4867,2253
8086,5888
4142,8264
4079,3590
7331,5753
1654,9234
327,2469
3234,5218
869,3787
7467,6535
2801,7363
9520,7410
1338,416
5656,8906
1928,3473
8385,92
9604,4537
1125,4399
8343,1177
2762,4546
6123,871
4312,3813
1309,4574
9413,1473
6932,6753
460,789
1084,1341
893,62
5227,5450
7806,2193
6677,2477
1326,5592
5978,669
282,3432
6332,6336
4441,7067
9023,4658
658,862
7017,3634
3709,1257
6858,7992
7751,3926
501,4966
8815,352
3035,667
813,8842
9721,1246
2722,4536
7592,2221
7179,5118
498,4449
2079,5300
5252,4062
2664,6658
7167,4852
8766,9390
4825,2405
1551,2735
8096,2724
5643,8508
7071,5830
2779,3350
137,7720
3169,9951
8913,7228
8075,8966
4332,9537
5857,5841
9903,7101
5006,197
8674,7546
2380,7220
7350,2859
9512,1331
5698,1370
5748,3191
3097,1167
1899,3276
8440,6334
7423,2034
7499,2046
2174,2820
6175,514
3859,4806
1618,7525
4473,154
6647,9847
9995,7951
6197,1086
518,1991
9631,3019
1520,3700
7182,4299
9201,174
3915,4886
9119,4483
4681,4103
9289,2731
5758,5081
2489,7863
4195,7770
2300,5334
1617,7710
4398,1139
3371,6867
9550,5935
4010,7116
2833,646
339,4621
1346,9537
2741,1890
6183,8343
2335,3852
3023,48
9710,5977
8567,9768
5124,1919
3963,3133
6852,4261
4058,4917
5802,8269
2067,7518
8504,8258
748,3395
9946,4010
3809,8712
3467,8152
8617,6115
3521,4097
9796,9175
7971,4136
7376,7806
6299,3320
8251,8786
3670,8974
5011,9400
8471,5457
3001,5673
2508,9247
900,6783
8841,1333
8594,4760
1392,7882
6169,1738
2723,281
2444,8899
7536,4201
6041,4604
5994,9626
8383,3578
8712,5438
5981,400
7223,8386
8661,4164
4731,5416
431,7308
9427,7059
5978,2997
5833,6861
3789,2608
217,8152
6828,2634
2393,6943
4742,7686
6919,2360
2411,2888
8289,5178
9755,8913
3660,9957
9850,2738
5416,6065
8127,2383
1803,598
2668,4530
7242,9205
9655,9225
4023,1571
4087,3981
4435,4992
7723,4752
3524,1207
4724,3202
5618,6532
7794,911
8796,1036
8716,3448
3160,6222
8921,3517
8679,5989
8460,3669
1542,7398
9245,3353
2337,2973
4017,4867
7986,2622
7675,1102
919,3770
9532,6250
6898,8657
150,6558
8777,5662
6815,1514
8014,4579
4561,3369
4425,1249
3902,8783
930,244
3728,4629
6379,4106
2207,3582
6937,4398
1675,2788
339,9109
3705,3876
1218,3284
1451,6083
313,7164
8664,6891
8239,1876
3915,6871
7143,5137
8215,3047
3649,7603
9943,9327
2777,367
7475,3506
8332,8821
9551,3799
683,4045
5230,8277
3897,7955
5717,7777
2766,5292
2042,5664
6046,7092
3098,3515
4052,8518
4697,511
9159,4807
9157,8525
15,4335
6724,9045
5857,8933
6635,4377
8501,2294
6432,1201
825,7137
1831,9948
6174,8034
4729,8621
5232,4217
6179,7225
3540,4902
9915,2875
649,2228
4701,4770
5233,3983
7251,3177
585,6995
1651,9728
3092,8258
1874,6508
5414,9154
1494,5944
1468,7953
5162,4245
4153,3173
6650,1990
3114,1940
4014,3489
1051,1565
1108,850
5219,898
2022,4930
8938,6243
6154,9855
1004,4471
3848,57
1029,8425
4182,4889
1211,7821
3167,8765
1403,382
8531,2372
9676,8565
6712,8387
48,2008
8590,1665
6809,476
6048,5766
3432,1176
997,730
1056,2873
4310,9309
8842,7163
8235,2787
3361,4411
3807,5209
5213,774
946,6137
9213,7564
764,917
941,8519
1598,6308
2295,3074
3829,5750
8742,344
9880,2950
6054,1499
6161,5531
8344,8605
8008,2986
1073,7934
5755,5052
7169,8498
8682,1752
5169,142
2862,9757
4853,9055
7322,7837
4370,6184
9801,665
569,6838
3447,3477
5025,417
8396,1384
5171,3473
1747,8771
3647,586
9145,6043
2492,966
8112,8005
3532,8622
2019,3213
2093,1204
7444,7858
540,272
5249,3361
3461,3989
3173,1357
6741,6848
9531,9224
7936,6092
926,4497
814,612
4427,9914
7345,6054
2744,7556
4834,7616
3614,7049
857,4107
2417,8662
5322,5648
1872,6867
5084,5131
6872,7329
3638,7643
4083,2895
3187,1970
1262,7912
3700,2895
9624,860
8100,7238
6710,841
7335,505
931,7527
3083,5333
9125,6653
7313,6764
6411,8227
2165,3962
210,3765
7144,8118
3671,8480
447,2199
8838,6428
756,4128
5073,6614
3178,5530
5309,6617
9823,8028
1414,3496
9418,8329
9171,2395
9443,1879
5444,6788
6514,7223
9848,397
6111,2966
7531,2191
7145,4863
3308,5521
6034,8970
5628,8396
3191,1109
9842,2855
3022,4078
9468,67
5096,5882
560,1941
8837,9349
8673,9579
967,8918
8125,6717
1119,4334
7651,3570
9844,4206
3506,1084
8658,9970
6700,3585
8126,4589
313,3334
3192,7122
2216,2266
1161,3212
8240,2893
1484,2107
2245,7483
7993,4012
1127,5577
8364,4691
6020,9467
3733,327
6493,4847
5576,7531
5045,5386
7428,549
662,9180
1633,8012
9102,8386
6610,8851
6151,1881
4746,3100
2453,1210
1980,1915
1944,7110
9290,9688
2033,4159
7471,5824
3601,1872
104,2697
6108,618
2652,832
109,3388
1917,721
8915,623
9639,2434
1785,2171
6581,2700
9476,7242
4195,391
5557,1143
7229,4738
5534,4961
9815,9307
8961,4754
5510,8225
6100,7334
8299,6467
545,1115
3840,9332
2538,4580
6987,8526
4137,2569
3407,720
9606,7103
4946,7366
7842,880
9658,9956
2847,198
4432,3982
6802,2729
1686,8822
5233,4082
3588,163
7335,4843
638,7146
5831,406
7794,8172
2285,9415
2926,1212
3999,9438
302,7739
4562,2245
1107,8690
201,5378
7439,9579
1352,3721
8620,2380
7448,6418
5932,258
6291,1666
8332,278
3646,9400
8386,7422
55,2439
4645,1059
3076,811
5195,7161
8954,6378
1821,8065
143,7384
9351,6519
9975,4934
4028,376
4939,7641
8999,9717
281,6387
92,1356
5860,4832
1564,3721
4155,5486
1703,9465
2039,6489
9068,2710
1998,2387
9644,8644
8998,9325
2589,726
7971,3813
6714,5614
2832,7724
3416,8464
9308,7554
6515,4321
7244,8223
358,5361
5567,3105
3242,4882
1103,3854
8982,1332
9522,6773
4949,2335
4608,1765
7045,2556
5791,2825
4091,1969
9595,2942
4771,3463
3873,3907
8085,952
6650,8092
9108,8106
8981,931
641,8371
6013,4587
7020,6137
6458,7698
5274,7783
5123,963
5666,8141
6033,149
6497,6757
6654,8980
8845,7549
44,2938
8135,9446
1795,7801
1705,3944
1858,183
3487,6976
7751,3271
563,5047
761,8768
2880,9280
2530,7020
6344,3901
7435,1487
3665,5230
927,4866
7658,1544
3217,5147
3403,1198
2410,7627
3530,527
9770,9604
9418,4603
7936,3940
6990,5411
2597,2930
5660,5052
2770,9156
6524,4416
1361,1290
5407,4049
3153,6731
6525,5931
1700,9595
5094,6805
4659,8645
538,3811
4881,2315
5445,3739
3532,6439
178,2865
9536,8716
4736,7314
4245,2654
5058,6297
1641,9835
5264,4994
3481,2276
7338,1353
2760,7980
1309,8382
962,8253
8398,1255
2602,8497
2340,2769
4432,1811
8850,4261
4318,258
6114,5203
8321,5647
6781,2462
5941,2292
5670,3188
3801,9777
6374,5031
2018,9764
4306,9469
9324,8196
666,2817
3275,5563
6731,9811
9519,6669
7539,9443
7813,457
1028,8677
3626,6747
7857,1713
634,8235
678,971
1111,9558
3989,6810
6246,8774
1979,2070
1844,6257
529,6147
6,9547
7325,1077
6429,3641
2105,6143
8871,4403
7515,7051
3410,8741
4916,3192
5308,2323
4661,9931
5607,3526
5066,5844
5048,6263
9690,4799
3422,8550
4423,9586
4495,6967
3312,2089
3438,6330
7991,8316
7753,422
9740,4026
1999,3266
3063,6949
6991,4351
453,7641
5339,1893
6762,5850
8524,729
7013,4761
4366,2648
3681,4770
1596,8578
1351,6278
1527,1429
6561,6656
4559,2309
5962,7237
6180,9654
3105,7757
7926,6022
6188,8089
8441,3369
2664,4640
293,4449
7791,5834
8601,9690
6291,2568
2799,7248
6758,4525
203,3326
4172,6189
285,5540
7784,9825
1222,2052
6819,4916
1047,1657
1564,4926
836,5108
1289,3290
1912,6644
5915,7029
242,7185
7632,6742
8461,6102
1265,2100
4574,456
5804,6057
2070,7383
748,8417
9815,8017
5908,1646
3588,3757
8219,6652
6113,5450
7472,8524
9945,5109
1599,2783
8606,9041
7548,4593
6250,9702
4156,4783
645,1448
7652,1782
9184,6515
4441,1114
1309,8896
3589,6015
2994,9799
8715,1784
3714,9937
6338,4729
9835,968
2670,4283
5231,4397
2876,2620
4682,1862
1867,6833
4562,7602
8872,3497
5901,7354
1250,7550
3740,3702
6221,6859
9076,7513
7746,5141
5517,9163
1795,5671
4324,7297
7051,9886
8267,9226
2660,5517
1937,2024
6242,46
7516,3273
7821,8294
3361,7554
7341,9780
7094,6407
7566,4886
6704,3177
9250,1415
8966,6396
5029,3945
4070,2628
1340,9275
885,6732
4231,7479
1650,8274
8678,2763
7972,8946
7319,1361
5618,9390
6733,2397
3969,3207
9436,7827
7448,1210
3041,675
5887,554
8479,5538
9174,2102
5028,7782
7874,6742
218,1309
5746,7031
6441,8203
4288,4097
6297,2190
9122,7826
438,6447
4976,4969
2284,9016
9057,4896
4514,5740
5982,4471
8723,1319
7496,2425
9879,4324
1669,9565
1824,6325
7893,2204
8656,50
5603,8153
4120,385
3702,7074
5051,7854
4376,594
4866,2711
1054,7472
4936,1495
8822,1239
4037,5389
5631,4611
2376,3144
3986,2357
6686,5809
6702,6307
8927,885
8385,4895
343,2078
626,8418
5458,573
4107,4613
209,8261
9237,3516
1993,3367
2283,7600
1818,4006
2225,8631
3901,6470
8525,9009
5703,7734
2387,3058
4794,7991
8686,7655
4443,3112
394,7351
6990,5216
7919,5703
2541,3847
760,6122
9960,3152
306,7284
3366,5031
8400,5849
1273,4627
4811,790
3632,697
3030,2747
6790,3773
4511,6196
2743,2965
9378,211
4403,7804
7672,4972
5931,1631
9884,7069
265,1303
2750,6007
3004,4292
7825,6205
3264,3411
5935,4152
3116,156
6204,4500
3253,8954
8487,6155
1792,7191
653,1084
4085,4932
1496,2328
1999,866
7141,6425
2495,208
2563,2638
97,6113
4839,7511
182,1625
13,5642
4240,20
2904,7792
3804,515
3355,7456
6106,6020
7456,9013
7416,12
6837,9918
9468,7684
8215,6098
9440,9341
1526,253
3640,9826
4920,7868
9423,3177
5545,5745
2239,9125
3184,723
6944,9579
7757,7990
3304,3358
4479,3714
3840,5801
7234,8243
7255,9321
709,6460
7983,597
2361,5256
5029,5034
4966,6543
447,5687
4264,9009
9662,8338
2342,4034
5235,3094
9443,8162
4558,1002
9773,1607
625,8126
3859,5690
339,6788
756,443
8752,9001
2131,5442
830,9215
6998,1491
1130,8248
1405,1213
8577,3633
575,9983
971,6537
2288,8807
5953,7852
160,6697
3967,9552
1869,6152
5525,5627
3864,7188
9607,5503
229,592
9124,419
2364,9934
964,3808
764,122
4523,8837
3183,6976
490,9335
9913,6331
3524,7848
2650,1770
2318,9522
5971,7361
5392,3345
8181,6810
2472,6090
2133,6597
8574,5020
427,4755
4561,7058
826,4219
2272,5169
5178,6344
8854,6852
7713,3103
1788,3986
6544,1744
6594,2809
2569,8248
4969,3865
5774,8241
4135,2847
9637,8599
4701,7852
7769,1127
9302,7074
2026,2198
629,4235
99,2171
8577,7797
8652,490
9597,926
7078,2734
720,6200
7604,2434
4707,8920
9977,1021
9320,5121
6844,9288
3480,9288
4440,2604
4357,2628
2384,1501
9982,1317
399,1389
9793,8190
174,8078
5962,8271
687,9624
7162,6195
5430,1683
8883,6195
2504,5570
6911,741
747,1756
257,8229
9101,8392
8195,4013
4272,6548
654,372
3106,8802
4344,5345
3244,3648
2136,2443
880,3138
8341,1295
693,894
4892,8188
5696,7412
208,3694
5816,3048
9628,2965
8379,6430
2052,2257
1311,7904
1306,268
6928,4142
4956,8292
6840,7587
1082,9220
7486,7985
4917,3535
2181,7656
1619,536
9124,1768
8576,96
7766,8480
6190,5261
1464,7650
9308,7427
992,6661
9077,1649
989,2294
3872,5627
121,8044
4021,4880
1098,9559
6175,3671
488,7925
460,4699
6858,8320
9473,8736
3897,7607
9754,9600
806,8760
3408,2567
9319,5047
1540,5303
6076,4605
1031,1561
1920,6879
716,4353
9147,1034
933,1020
4148,4248
10,2809
8964,6482
9992,7201
2758,7443
2389,8356
9818,4436
1682,7666
6457,8729
1338,5490
98,2423
5367,2114
4147,1760
2372,5276
7971,6989
684,722
7676,9430
7057,2294
23,6241
2553,1768
6720,9893
2755,9292
4920,6154
2312,71
4520,9936
6284,9366
5107,4552
2931,2203
6293,9186
3680,1765
7464,4723
4073,7291
7141,4499
2054,6437
2951,8561
9032,856
9291,4692
1191,1003
9043,4079
5428,6826
4619,1199
3901,6903
3251,4100
4495,8407
8298,3530
3829,7728
9964,1299
9006,9374
5074,2930
8317,940
5111,4198
4586,6965
6283,7490
1286,7863
6785,7477
7227,7104
4019,3691
9666,424
4165,3839
4574,5339
7239,9707
6662,2609
7939,14
8944,7132
887,4712
2873,1006
5277,4645
9089,8532
8069,5204
5843,7362
7492,6306
3762,1964
3638,1592
3342,1119
8590,7310
7094,9450
4255,234
4392,4908
6051,4377
5876,715
3464,313
2799,8078
7467,673
2610,9192
8396,4765
1090,8034
1633,4969
1387,7859
4710,7401
774,3278
6130,9380
7066,1032
8006,1195
4926,6245
1998,5289
9228,3375
1146,9896
5218,753
4566,1245
5922,6278
7940,4530
3529,585
1580,895
1356,4760
250,7875
126,7274
4773,660
2686,3658
4720,7185
5581,1440
1625,2881
7006,8234
5519,2442
774,8988
3537,7199
1395,9297
9954,5447
425,5964
9320,1638
247,3440
3107,9018
2761,7688
6315,9620
5894,1811
4770,6113
7577,4544
2936,629
5565,3363
4622,7411
3601,9649
5826,698
699,1293
521,6767
5657,7583
3050,7747
2658,2910
5991,2642
1275,8282
2599,1256
6310,5016
5839,1087
8805,1835
7071,1545
9724,619
2520,4550
8404,1845
171,1475
7468,6671
1853,3279
6618,7766
1639,6859
1616,5126
3497,9278
8393,9301
9550,754
8098,5692
3563,8638
1029,3459
3601,2865
705,1736
3843,8824
3926,2652
4385,1420
3132,4474
3026,7083
4467,117
2560,1665
5716,2557
6221,8066
8679,9037
1076,3719
6558,7972
9579,3907
5230,2045
84,4705
1694,62
1042,3612
1881,8970
3064,5018
4061,963
2685,5478
7317,6111
412,5593
4932,8550
8648,1236
7336,422
5357,4908
5886,9298
817,4050
6100,909
3226,2622
169,7775
9305,1735
4849,9779
1556,9202
9173,5757
2961,7861
7847,442
3357,2359
5027,6917
4525,7318
2768,6355
8172,9188
9238,4061
3380,8606
6442,8280
7016,5082
8917,2290
7853,6509
5187,8170
2344,2567
614,5516
2530,5212
4411,9513
3929,9455
6868,5135
4256,2605
6229,4650
4151,3587
5626,6230
3061,9852
6949,7472
1521,1195
8278,952
8880,3458
5586,1077
265,6717
4086,1189
5477,9406
9653,5167
7634,8342
4477,9592
726,5932
2520,8061
5056,5213
6286,1331
6122,3888
2488,377
1482,7940
8975,9399
1129,985
3363,9590
1083,2504
4008,7259
1180,1472
618,1569
7804,3166
2433,802
4305,3464
1439,2178
9644,9446
3287,2008
4694,6045
5400,8793
9096,4825
6982,6451
6377,7367
7338,2515
7138,7452
8320,7395
5294,5206
9054,4484
5549,9709
5668,4195
7239,1397
6494,3803
7726,3874
8551,1032
8781,9048
6248,7043
4829,6287
2622,9007
3526,5631
4794,1454
9057,4430
8129,6560
108,5139
1588,8426
4055,1094
7802,9231
9100,422
7321,8958
3228,8038
4307,6151
4915,5365
8061,4459
3373,696
6427,5247
1827,2055
1031,892
3597,2449
3345,471
9532,3516
4432,1496
8943,4669
791,313
9730,2704
3714,6909
1320,8917
3823,6026
3981,551
8714,1860
7502,5098
8033,7960
3460,5376
5350,4273
4843,4120
9635,6107
4400,677
791,6322
9321,2822
543,9685
7855,1558
7136,1117
2791,8578
4512,6116
1102,4435
3412,6820
8130,328
196,8749
7277,5857
4219,9793
8828,8889
2059,384
8751,5393
9149,6924
2185,2389
7366,1304
5286,4462
1941,3378
4380,2979
5912,3897
1179,4109
4238,1293
3102,1862
4088,1554
819,7884
4393,2064
6935,3863
2045,827
3722,8613
7909,4394
7522,575
1568,7509
7740,9706
6789,4064
4333,1164
1804,6734
134,2184
749,6148
7590,2808
7697,9756
4441,7830
645,1730
9998,3127
2796,6287
9719,9860
9972,2959
9465,1351
5649,3969
3140,1918
8613,971
9580,2911
5441,1783
2629,377
8581,7117
638,9922
1987,3534
1012,866
1554,4603
2135,1003
1566,3184
665,8931
7309,401
3554,2960
5293,1071
6402,160
3928,4262
2606,305
4313,7734
8187,4707
4505,8588
6841,9064
8402,8925
4070,3157
8965,9567
9748,1097
6966,6387
3812,7414
6421,9794
7473,9424
1544,7235
8186,6897
3651,4615
759,5175
8042,2113
8509,5211
1389,3413
3228,9087
354,780
2501,1123
6449,1537
2137,4691
3832,1148
7181,9153
143,8184
4122,570
1654,434
1888,7544
2554,5568
3611,3028
5798,8652
4830,9973
7718,4076
1403,2458
5239,256
1780,6895
7787,487
940,463
424,6845
7015,4311
7504,7653
5456,1347
2187,8111
9,7351
4928,23
6285,2988
2387,6570
9298,7189
664,2709
6650,8908
6789,9724
2680,8270
6342,7283
8335,1664
5194,8140
2870,7661
1003,1438
3256,6141
6203,5183
5240,4403
4890,8238
2594,6931
7379,879
5453,3566
7366,1524
6764,2987
7009,1268
196,3908
7975,1946
3271,8266
1986,7117
8255,9654
3701,8791
6070,3326
5274,1381
5394,6064
2891,9978
5214,7197
204,10000
9076,2389
7061,7500
8919,7467
5741,7325
9932,196
9441,3313
1048,1170
5877,1891
5124,9016
4545,8533
1326,1033
1245,2213
7642,1777
519,8976
2837,3759
3825,8048
2729,4397
6824,7619
5181,6062
4414,8426
1060,7139
5865,4762
9846,9482
1093,7970
4059,7044
932,4057
5379,2337
4582,6436
7412,139
1508,4370
7067,4299
6133,788
2435,7387
3699,7275
8899,1066
1880,1199
385,3077
3571,5818
7092,808
9447,1615
7352,3697
6674,3514
2379,8973
2346,5382
9428,8673
6435,821
1827,9287
5342,7199
2627,7683
6668,2073
9740,9473
7136,8193
4742,6669
6578,8997
7367,8255
975,7709
6829,7009
846,363
1064,6206
1118,1501
6110,5176
123,7356
4274,4550
5919,4709
2303,2217
5124,2802
414,7545
5208,532
3687,5008
9402,1582
5427,7747
9553,6929
4592,7945
284,3696
4974,6249
5764,5119
7175,3524
5293,6781
2812,2364
5691,9099
4042,7888
3554,4600
4875,6693
9798,8874
9576,2514
9872,4411
9132,5576
6258,8366
7668,5068
7425,4476
6003,3779
5057,2288
3890,1177
816,1931
4725,1933
5384,4420
5976,5180
8936,6736
9032,3209
844,8026
3342,2438
952,8415
1014,3682
4868,2264
1806,9919
977,4245
409,9982
6778,5315
884,3722
5397,7081
9152,5678
6617,2181
1230,4467
954,6446
361,2025
3567,3493
2252,9153
1637,6285
7044,5990
652,7396
1072,6934
6399,3261
4662,4128
481,8044
7199,6652
1139,9853
9682,7617
5858,7841
8415,6695
4685,7974
4353,5258
5956,7233
7014,2919
6988,9195
5931,8822
7647,1253
4832,4884
1920,7594
9964,1900
9884,8400
8425,6066
9020,6377
4047,9324
3319,7388
7023,2989
804,8379
3653,2078
3133,3458
7217,9211
3456,1339
1839,5208
4623,2992
7698,2862
9079,9294
9439,3958
6429,8386
5493,945
9652,9795
9915,802
2268,9467
9154,6872
7332,3139
1322,1483
8544,9034
6928,3234
7941,482
5060,3135
1441,2024
8744,5080
441,9038
3061,6675
8010,7702
9016,3661
6912,2829
3066,4343
6117,7585
4381,9053
6065,2161
6657,36
3648,4080
6999,3456
385,2677
6925,3231
1258,8417
1816,9269
1833,8334
7936,5925
8869,7521
5701,5577
484,7340
2735,4127
9446,1523
6483,7536
8910,9112
5281,8989
9024,8901
7402,9512
901,2038
6320,3100
3244,4352
7925,6731
124,3250
7285,226
1828,710
9488,4538
4803,3492
8399,814
7747,580
7784,1236
3247,3997
5293,1658
3174,5599
1678,9951
5992,9290
7727,7435
2925,4680
5908,4907
4453,4062
1128,5165
1818,7498
1117,8388
689,361
7246,7160
9344,1560
4417,686
2857,9045
1464,3008
6244,9794
6134,824
4700,9012
7230,2078
5727,9486
711,796
5705,1829
8365,9882
7146,5952
529,2138
6083,2511
512,3218
4145,356
5664,6834
3152,4194
5383,3137
9696,4176
86,4937
2901,122
3699,2923
1800,5749
1700,8768
9563,7373
8807,1197
186,5069
8639,353
285,7193
4968,5391
1866,971
1404,9635
7511,4009
926,4739
3597,9488
1795,5587
376,591
3328,6997
395,1826
2239,5451
6864,696
4715,2618
6861,5380
6539,6701
6482,1037
4220,6707
8031,978
4566,2038
8867,6078
5808,8105
799,1907
5568,6509
7768,1751
1258,144
1051,4808
1178,3618
1995,1996
9581,9925
1783,1353
5833,7905
6839,3838
4206,8370
7556,1580
884,4703
9559,4485
9155,1047
1449,7871
6193,8873
1738,2245
2901,7840
5166,7867
8203,7721
9537,1227
1953,6227
3947,2129
7342,3922
9519,9951
1218,4288
7053,9646
3401,7745
5624,7474
809,2721
2497,5176
2778,5564
8242,5214
3157,1657
5303,7775
2149,4788
8134,9259
1786,3719
1983,6879
9997,5220
4623,4901
5198,3234
2959,7867
6409,7121
1113,9240
2887,7771
5898,5281
6400,6041
7651,3367
8174,3456
297,6058
1292,2374
8829,414
206,1141
9702,8376
8107,874
4762,5253
8932,1274
8252,7015
8488,4259
2383,6861
1312,9914
3448,5550
9734,6710
3409,6338
1347,4279
8234,1261
4725,8228
3467,9177
8015,5233
5796,3070
698,6473
85,8033
6314,5486
1481,1735
1323,3850
2285,8644
4186,304
8559,5268
2384,1876
6177,4996
921,8276
5085,6622
6771,3490
2963,7472
9506,8831
317,7624
3696,2837
2403,2606
5682,6993
9786,3838
5045,9739
7160,320
9063,7235
5603,9014
1843,1034
6103,8977
1828,378
4870,8848
1418,8419
8345,6103
3258,6611
6117,9112
5120,8193
7417,5744
5616,8935
7876,8320
6523,7769
83,1718
2732,6022
2552,5576
4609,8746
5990,1165
5479,9949
1017,536
1679,3420
7202,2177
2573,1938
3424,1682
6767,9282
6987,907
4186,8356
2761,402
6879,6858
5027,3163
8829,2925
7538,6927
368,5193
5299,5404
9336,5489
7354,1817
7204,17
66,5284
9501,542
322,3370
4319,9692
8555,9907
3346,6540
9983,823
2903,7967
5516,3169
7134,2092
469,974
8900,8506
5985,6562
2537,5179
7597,7528
7648,7941
7740,5059
2031,4365
15,7477
9478,4290
5568,2299
7613,3396
2888,6756
6870,4831
8785,8701
3410,4648
2341,2490
4639,8706
1061,306
6719,493
822,5368
4276,5821
4917,9393
2983,1282
7643,1271
392,9945
1388,1753
1663,9342
2329,3548
5537,2700
7958,5779
2686,1619
3126,2406
9511,5189
7570,2402
3022,1885
6376,6877
9222,4332
7440,8500
3128,529
1050,1267
1527,6117
6915,9328
5724,9360
7783,4916
3083,9659
4320,759
3206,1027
3708,6231
9632,9462
2413,6772
2393,2942
2890,9404
5688,2951
4914,4206
488,7535
3936,6653
6313,2553
1707,9955
7191,77
8757,8559
8760,560
3139,7500
9102,8683
171,4352
6764,1434
7049,6862
2902,2276
5901,7240
1201,4706
2494,2404
8313,8222
258,3753
977,2266
6085,4071
1925,777
454,5505
1068,6222
3106,4264
8457,5855
8360,1589
8113,8245
2347,3874
6007,1875
406,1045
50,8049
729,7898
6672,2596
8178,1469
1284,8091
1351,6097
8938,280
7840,543
3116,8906
273,8382
4557,4419
7141,9451
6402,6651
7846,6421
6064,5072
265,7384
1489,8615
9047,6180
833,6036
6213,8698
9524,6289
853,8067
3946,6671
8421,2604
9914,3047
3846,9585
6988,6859
9367,2229
3699,9711
4687,6235
6903,8269
9818,5477
3473,3513
7419,5718
7711,4465
815,6262
7927,5488
8338,9170
4425,2081
3691,2589
5917,2266
4578,5831
7947,9420
5058,3095
3641,1621
2954,2584
7295,6752
5885,9726
4854,2794
7081,2580
191,7106
6965,8100
8801,6444
7171,1378
1770,3153
9029,8565
966,8935
2332,8594
7325,9033
4987,2150
8471,1443
1866,6272
6075,1676
3046,282
9605,2639
246,2050
3029,6872
5737,9801
2980,664
3179,4631
370,9013
7798,984
2715,833
8933,4311
3944,7989
2964,1766
8001,2139
4387,6935
9808,3717
1882,186
9361,3708
4406,6100
1221,7416
9344,3576
5702,6201
1071,2580
3781,2464
8500,8923
9343,494
9380,9882
2862,1574
1106,8473
8795,6753
906,2753
3746,6143
9675,8932
5294,4980
8460,8797
9011,4039
447,4213
8202,2434
4482,719
3351,5862
9762,113
2390,6095
5514,7839
2484,5072
7578,7558
6346,842
1107,6033
3572,7246
7726,9772
9248,6413
4124,3107
5010,3255
9064,5125
4036,2840
537,475
6523,8332
8260,6335
6245,8699
7102,6650
3150,2101
2718,5134
1937,2858
5729,9453
5851,1382
999,6132
7852,4248
235,9144
6199,4350
801,9963
9241,8511
8039,5691
5014,3188
7310,24
4095,2916
1042,4207
3759,442
2116,8343
6021,3621
297,2759
8316,6540
2747,9091
5893,5276
6797,5713
2502,399
6444,7036
3564,7083
8289,4132
4428,7652
6628,9888
3240,143
8666,7394
5293,3652
1838,9381
8296,4558
4014,8245
7096,3219
4044,2186
6191,9963
2869,9651
7539,5998
7471,3755
129,9583
1419,6907
9153,6287
4393,1260
1460,767
5771,3894
5066,6646
5074,7770
5120,5978
2517,1273
9206,911
2896,8111
9807,4665
9736,2912
7249,9744
92,3069
9821,8095
3592,3730
6937,2265
5203,991
9096,7177
7208,5617
715,6132
9986,2701
8080,3293
4977,5928
6553,1172
9193,1926
3560,8124
4953,2189
7398,8951
6153,6277
2211,7009
412,5294
1447,6006
7493,2494
5831,3857
5030,8821
9379,7714
7220,895
1917,7610
6695,1126
1556,6534
2893,610
8830,5142
4637,2494
3540,1017
3513,535
3095,2119
1452,6883
5456,9754
5091,7212
4949,7338
3897,4104
5672,1492
4155,9142
5241,3590
8058,87
3356,1545
7918,2791
4965,1036
4743,3270
4336,5945
7743,2744
8573,8854
4508,3557
7416,7770
8241,5293
535,1481
7332,8492
7676,7038
9498,8710
9786,1540
5215,7567
2917,5874
3058,345
2898,1377
2348,1307
8269,6587
2497,5419
2906,241
8143,4952
1363,5160
515,806
8495,9906
3132,1046
9844,3349
9351,769
7860,2186
3465,2210
6018,8724
1291,989
3624,3450
511,6048
1953,3571
3890,1652
6689,4813
4218,7872
340,3274
6142,9930
9588,1864
7732,8810
2980,6155
7253,3710
6569,1338
7085,5716
4201,5314
6927,3687
3115,7467
6789,4536
3598,8885
1669,7464
3270,6142
8448,2144
5728,4547
7812,7214
8151,8912
2433,2492
5839,7638
984,1454
255,5224
7150,3608
9948,6434
4945,7754
6560,9623
1682,3225
777,2389
7232,7963
2781,9479
5669,5214
1979,4039
6666,4805
8254,558
6822,8160
3563,3497
6307,23
8617,3961
9441,3636
4416,4648
1668,3962
1049,6675
9785,4949
646,504
5590,1583
8059,1101
7599,9996
8201,4890
4516,9875
7308,5173
6759,6650
2442,8648
2748,5101
603,2033
6826,6714
3048,9926
4942,1916
9229,9522
2766,881
6344,1601
6075,4618
9939,980
703,4176
2318,3169
6614,1245
869,6234
6858,9934
5169,5000
7254,3379
4682,8804
5244,9151
8202,5585
7522,8611
1517,3978
3158,4946
3972,7092
4291,4768
3625,8159
7644,6412
5853,2174
9237,1495
9373,4768
9280,9919
8644,1371
9077,8429
3113,7797
3355,1880
6952,2702
5379,5155
8351,5821
4565,506
207,2869
7266,8500
5250,3235
7751,1285
7515,5191
9571,3811
7817,5373
1632,2195
9686,7383
8765,1296
844,4121
5660,2039
5095,5776
983,6305
8166,4927
1742,1278
8858,5624
4443,3914
1393,7060
6615,207
6588,399
677,9735
204,5603
1164,2204
4124,4895
4850,6559
6520,2675
6707,497
3499,3227
7025,1937
2006,4629
1686,3698
8892,4929
4580,8231
4202,5605
7406,3774
7828,4234
2143,9751
3291,6230
4424,7440
138,8823
9112,5822
1760,5192
3235,9962
5240,9139
5125,7685
9027,7315
10000,681
3144,69
6720,6318
7713,3883
1312,8326
6167,4204
6758,7606
5912,411
6873,2881
1460,2931
5075,6674
7144,5484
113,7270
4145,9836
391,6579
1586,7149
5568,6025
4033,1942
8835,5604
4235,8729
9714,4891
8328,1097
6652,9240
441,7238
9698,564
1998,2167
9543,2718
1876,8930
6096,9784
1419,1707
955,8895
2982,7270
508,4661
5388,6890
546,2972
6523,8757
6408,8561
3436,2406
1687,3682
2529,9739
9432,4285
3019,1735
1016,1783
6505,8287
7845,5158
1914,3858
1605,5836
1011,6691
7477,848
3149,2756
4447,6154
965,8705
9685,2139
8647,4198
137,9367
149,3613
2879,320
4592,136
6682,5200
4858,3863
2947,5203
8354,8375
6857,9550
7134,1800
1458,5056
295,5240
1519,883
3726,6369
2701,351
124,9740
7848,7020
5640,8529
7546,449
7697,2461
753,6206
6203,1773
2959,8530
8039,9053
7307,9674
4026,3912
6052,4055
7007,7307
9606,5114
5321,282
3701,9007
7281,1166
6166,9844
7870,7578
9278,996
7890,2249
1377,9412
4864,9271
1804,6360
6556,7736
3535,1747
2395,2248
5202,5242
9642,2527
9752,900
730,8208
2641,1216
8712,5871
1993,3795
9163,4574
1742,1469
8695,3602
9839,7510
62,4502
7839,9930
3974,7372
3289,5678
7126,8491
3070,8765
5881,3242
9129,1572
3477,2743
6852,3143
454,676
7427,9758
8820,8686
1230,4751
7491,3612
5629,937
3208,7937
6811,1066
4393,8893
7165,6206
5389,6774
2988,6580
3171,8191
2766,2799
1599,2194
8514,9382
8639,3423
7066,9448
5867,577
611,416
5723,8825
8272,7472
835,9162
1061,5997
5273,3056
271,2471
2326,7949
929,3779
2379,3201
3753,1783
3931,454
7521,9906
4598,4102
9361,6869
6647,7625
2369,4178
7827,7310
3260,8447
4161,2517
8801,1639
2825,7175
627,6750
5861,5635
736,5086
6756,2039
239,6691
173,9446
3442,5551
6945,699
8459,3498
681,9835
5131,6826
4606,1232
1094,4891
7816,2696
4226,4172
1774,6568
717,5126
3676,3854
7534,1865
6819,5970
1156,6916
6554,9624
2892,9665
4338,932
1870,6187
439,1066
8470,5645
4386,7730
1376,8392
731,117
3932,8080
2940,3718
3074,979
2161,9135
7487,2408
6060,1607
2253,3584
3637,2093
8688,187
7118,4244
6717,3515
1268,1067
2133,8141
1313,3016
4479,2025
783,5328
7940,7734
4247,7685
2788,9466
2791,6109
198,2734
1762,171
8028,4539
7842,7036
1717,7763
9496,9552
6540,8382
7924,1890
9901,7199
8736,2070
6504,466
5942,479
5134,9316
627,5706
9336,6575
2371,1082
2056,673
9227,5968
7751,5912
7813,6455
8237,3468
6150,2442
5614,9048
1276,9571
2338,4071
6083,608
5453,6519
6726,1572
8717,5277
867,439
2627,4709
2599,4635
3160,5043
9337,5356
4672,9131
8147,9571
5292,6217
6666,9880
2057,5598
655,3969
9702,4680
7165,4539
8820,477
9491,6035
6214,2788
5116,2242
9431,144
7961,8563
9658,3529
1425,9506
1901,8969
7967,7139
2519,5200
5209,9900
3040,3780
3681,8336
7408,9048
9284,6153
5215,7784
9263,4721
7596,2030
1218,3437
7433,4181
9293,8183
612,5656
2999,5766
5248,3509
8749,2876
8401,8339
3575,6924
2311,6285
2678,2454
2450,1450
4698,6048
8228,3994
2608,4626
2420,2112
7241,3838
5326,8055
1205,6283
2151,2690
6654,5661
7199,9619
6866,9346
3871,5783
1223,3819
7250,333
4915,1973
2512,993
3716,8131
4325,8042
2601,2394
2513,3052
6356,2984
7688,5194
6951,546
3337,764
8443,5001
8796,3048
912,3656
8469,4960
4239,7949
1749,4584
3899,5793
9567,3619
4741,2118
3112,1033
3023,428
1784,2007
5208,2688
4973,8995
6198,5457
2958,7274
5058,6176
3597,3207
109,9380
8438,9714
5729,2902
5924,6948
3682,3296
7091,4770
3235,4653
4208,5117
69,6493
6988,837
4633,6168
5695,8885
3079,2140
9914,6975
5431,1605
6709,693
4781,167
8326,3585
1506,1499
3539,7938
4221,4196
15,3364
3984,7917
3776,8826
2462,4033
3858,618
1163,4918
2660,149
6204,9974
3599,7585
1022,316
8727,437
6018,9592
4394,1073
4630,7311
6134,2360
4206,9074
3704,6427
1345,4968
510,2483
2609,571
1485,1274
4530,7564
6926,1910
1531,3444
4228,611
3226,6505
6521,6652
5666,1737
9894,3734
2272,6389
4049,1001
6844,1709
4721,5980
8330,6228
4781,92
7087,6016
3826,5320
1361,4576
5811,764
3800,6170
5851,1688
2305,4992
6206,9757
5488,8014
1085,7091
6165,7635
8744,7002
392,7498
7918,2939
9887,8228
6433,9401
9134,4323
9460,4026
9469,7797
4038,7164
693,5707
4856,614
6948,5829
9322,1580
5713,2029
9716,6030
5369,7020
944,4126
6120,7324
4501,9612
2451,7964
6557,1279
465,5193
5768,4978
6442,1231
7162,1913
7336,1756
9280,4655
8202,3101
8496,8766
7352,3368
5422,4521
2496,3029
7499,1465
8319,1161
2631,5571
5803,3168
8855,914
6845,1830
5954,1126
5308,9363
4501,8
932,8913
2647,8728
2134,3819
2662,8102
5657,387
3520,1258
1438,9728
9486,3696
9025,6179
9963,4947
2955,6420
3218,3605
1236,3198
4949,2168
8022,4019
2442,7292
4669,5533
2400,1558
9563,5475
3519,185
1000,980
6493,435
4902,1059
781,7766
5746,5534
1538,8738
9767,5997
7954,748
9756,9764
8165,125
9678,6069
3741,9050
2840,4309
31,5179
4670,3817
4383,2170
2778,8685
2634,3033
749,6272
7053,5136
9303,720
2195,2306
8818,8797
8699,8524
2505,9021
1960,905
7014,7420
1665,4933
5096,2733
1209,7596
4179,2801
4746,7917
7090,5970
1082,7712
7191,365
9696,8689
6435,9178
7167,7897
305,3658
2449,3128
7197,5564
463,9104
2115,3387
2828,3249
9217,5144
4082,3373
5422,3007
8164,6407
6372,9081
8610,2332
8552,3773
5723,1422
2651,899
2605,5865
24,9447
3688,6004
382,8118
8720,9750
1224,9833
1345,3347
4904,203
2989,1025
3218,3992
449,6603
7524,5587
9158,5905
20,7876
8003,3578
7009,5805
4287,1991
3307,3544
1988,5621
1455,4767
8543,8815
3467,4311
7908,878
4192,8185
7647,3758
4692,1582
7413,6942
2935,8103
4169,6579
4718,23
3210,617
9035,5405
5433,7032
3470,5105
9001,4654
1556,3370
8911,1359
9150,7530
313,4118
7485,5335
1259,7943
1144,2631
9396,1267
5280,4215
6623,4774
8827,7752
3909,448
6620,4551
7056,2350
3380,4119
5979,1956
3506,4652
7205,458
2438,3287
3364,1152
7027,8169
4230,3999
4082,5654
5346,6686
7107,824
7757,9517
3615,3485
8217,6210
5113,3678
6712,6030
6130,9020
8926,6282
956,8713
388,3763
9270,2353
1993,6351
711,9427
4099,4204
9382,9871
2739,580
9733,5646
8167,3454
3629,3129
4536,6307
6581,215
4260,5067
6124,9974
5094,7509
2486,7861
8097,5184
340,8491
3068,2312
7659,4792
7303,3712
3719,1895
6107,5880
8681,8524
4560,6715
2875,5840
3064,1064
2020,6133
9544,9803
6438,712
4535,552
3845,4627
6495,8099
2146,1131
3809,5550
8870,6669
9989,3920
3594,10000
6943,3743
3843,3559
9948,7578
1483,5126
4939,7445
2794,4413
41,8081
7668,1574
4629,4887
7835,9751
1203,6273
4053,9349
5372,7782
441,3445
3362,6464
4995,2272
4913,6252
7127,4690
7472,9149
6850,9215
3703,7692
3260,5427
2059,833
1977,2868
3445,9607
7070,7239
3009,2655
4241,6027
3985,6243
4570,8390
7137,4964
934,5162
1270,6515
6714,7507
624,9321
3508,9119
4399,628
6268,1291
2849,3614
5114,6726
1481,1243
8706,3845
9819,5055
3546,4275
3476,6073
7852,2273
9415,928
7862,9569
3698,9737
5967,2747
8863,402
2740,8795
2278,7678
4321,2024
5456,7805
9035,8337
1302,6311
5817,9285
3160,7830
3603,1311
73,2685
9795,5629
7368,2936
1849,8156
8762,1681
9898,6033
4098,1884
4712,1926
7266,7104
2780,6847
699,595
7904,3912
8385,4736
5225,5469
1978,6792
4770,7317
3061,6066
1604,3788
1511,9168
3505,6652
2144,7168
3584,1047
9852,3019
3042,7284
2614,4718
499,7283
4727,2610
8476,9790
2428,7994
1141,2799
7221,2008
2809,7288
8522,605
8690,7091
9160,9436
9154,2630
9193,6905
8131,834
482,8531
8247,5305
5670,7386
9801,9177
6407,4463
6436,9225
12,7320
6082,7263
7374,5596
9004,3132
6365,497
8993,7397
7696,4207
2514,2047
1498,3408
4010,661
7543,9415
1738,7577
2837,3035
3874,9093
288,8238
1708,3949
6774,2862
1251,9187
297,4695
5521,6197
3139,6082
9493,2599
7011,5023
8963,5001
3765,5258
6518,7238
1616,3485
2465,3208
3945,6130
1635,7866
7509,5059
1608,1532
2684,3024
4316,7357
7785,3084
5818,6392
7998,357
5827,5549
9188,9198
8571,7386
2960,9626
4973,5846
2353,7223
4926,9867
2565,5077
1071,1245
7819,9490
3788,3067
2388,1923
49,4689
83,8801
3148,5255
9187,4525
4686,5578
5352,2145
8875,8229
701,9365
386,1948
2908,6443
2534,6164
8573,4280
6282,514
7782,6367
5259,6639
4048,8923
1319,3045
9466,5112
8699,6696
9895,2911
138,4435
1634,3164
6554,9278
498,3902
505,4474
7192,2027
4237,6137
2885,813
9352,9133
8073,4461
3914,1931
550,3578
3760,394
3779,3718
1339,5198
6508,2318
2860,9276
8791,4388
7899,154
3649,1050
3350,4405
7031,4348
134,6701
3617,3883
6046,1249
8984,2578
8829,2514
8264,5239
6211,4439
9985,1311
9839,1693
2599,8862
455,9257
6218,7531
8049,9515
1056,2620
1758,9504
5677,66
3879,4628
8069,1715
6207,9058
8536,6128
1304,6571
2764,3715
4945,3166
3081,2136
4813,6089
5309,324
4335,2829
8800,8518
1057,8151
865,7304
7236,10000
2175,6785
546,9203
4245,8411
3519,22
6093,4253
3742,4343
4805,4484
2608,2676
9614,5539
3127,5575
4753,1251
2280,9452
1804,2616
8575,4305
4730,4659
6844,3001
7601,7261
4940,1564
6437,7415
2675,351
474,7547
2916,6731
8662,366
131,1133
5621,1412
273,2281
9350,3712
1207,6604
9427,5559
5727,5645
8142,1760
75,7854
9334,7818
3352,6213
6697,346
4013,3761
739,6207
126,620
7221,8804
1582,8092
5521,7105
7921,4965
6194,9854
9135,2143
8808,2470
9380,1583
3968,5555
9828,5780
4499,92
6956,5553
2133,4216
9348,2850
9709,4317
5744,9116
229,2794
9174,9142
23,8445
1177,5454
3559,4578
7492,7385
3920,7368
8883,2235
5350,1537
7851,1263
6027,5911
3930,4707
925,8726
8777,9380
3804,3609
4430,8273
5657,2820
7549,4846
4042,8587
3871,1000
3867,142
2619,2832
9518,9539
5680,8549
163,6222
3333,4194
3299,7390
2279,3026
2277,9927
6930,3547
3731,7015
1771,1678
2471,8919
8362,9721
4575,3809
4357,3159
7153,6297
2886,3654
3207,6825
3503,4738
5659,4188
4324,6354
9054,5703
4215,8687
8737,3151
9250,9453
7031,2635
6316,8695
9202,5511
3998,9979
6698,2529
5695,4335
1212,3156
1628,9727
1087,5791
2035,805
1026,8930
2062,9715
8177,6692
7582,3519
5158,3251
1357,2252
4171,3721
2085,3281
7582,8119
9839,6712
7758,337
7427,1925
2258,677
1902,7184
7993,697
5746,3730
252,7313
5543,5304
9103,8938
607,1863
4614,4918
3047,2460
9204,8388
3642,1982
5631,6635
5664,5267
3344,5539
3347,9995
9542,752
6130,7213
9433,7452
8766,8877
2652,7855
6289,5782
7917,2317
7343,3289
1910,445
2533,50
7621,3330
14,628
9321,344
8293,4401
7795,5308
5476,4919
9676,7784
4043,5562
1765,4490
7772,7226
3960,4495
4194,3169
8030,9825
7378,9371
9323,6491
1802,4882
1475,6437
3751,4790
4768,7729
674,6341
955,7760
5914,5020
3847,945
6317,7402
4062,647
9151,1069
6835,2294
4493,5564
2295,4490
9884,7008
5591,7477
3979,7744
3586,8019
711,7047
4408,5338
4908,9332
2301,35
297,4990
6621,4912
1116,6546
6474,8889
4045,3643
8161,8631
407,5628
3531,6844
3696,6749
7967,813
3562,5967
3477,3502
3106,5454
8165,1304
3606,6370
1309,5145
4548,7026
6817,3224
9965,2726
4733,7971
4968,1814
9542,7271
8675,2389
6671,6539
9028,7668
6568,2154
9741,6948
7936,8507
6110,9484
4139,7230
4117,3970
9662,230
9712,3210
5255,4589
5587,8761
6554,4553
3141,948
9990,6985
7109,1290
4599,4523
6154,4410
2724,9902
1511,4355
472,7166
3117,1910
4286,5425
3099,5114
4293,1693
7249,5436
8355,6532
7186,9312
9862,8654
8216,9048
53,7633
4225,6624
8438,7599
7495,100
7881,5277
6813,9535
8225,2811
9045,3569
7730,4628
1134,5867
2261,1876
5115,2922
361,5377
3359,5998
4532,6855
1412,3206
1656,9860
1708,4906
5184,7069
7614,8453
3657,5979
7250,5613
5886,2854
3352,3103
7307,1084
385,1724
4707,4365
2673,9162
4125,4646
429,9512
5961,4249
6591,7091
321,5893
8952,5230
2490,6231
6613,4593
3402,9181
218,8672
8019,5091
26,5142
4685,1628
537,6671
1570,2606
729,5519
3347,746
3008,8914
5928,9670
4731,9793
3237,313
2331,3262
7960,7379
2382,6012
446,5414
2281,2445
2037,901
7425,9673
9532,3192
489,9272
6455,9033
4981,6957
9599,2334
9165,2640
1510,2387
3517,2198
9576,7331
5593,5870
4909,355
3422,3994
7723,5307
1716,88
392,5410
5887,6333
1853,4197
2917,1357
1318,7507
4730,5369
9045,1704
4038,6565
9527,180
5864,8228
5710,2760
4981,1155
7918,5196
2409,8832
3267,9103
413,7701
4495,9004
3449,3540
5666,1542
7169,2080
2114,9920
4875,1381
3130,4316
1841,4726
6334,6173
9906,8209
1868,6826
899,1937
2142,9042
8562,1856
6140,2679
5899,2231
431,9465
5683,3363
4912,3952
690,1766
8047,9620
3166,1063
7888,9388
1586,4390
7615,9890
2509,3456
7332,864
8887,5468
4306,3481
638,9504
7289,2694
1887,7347
8283,987
9041,3119
4348,4565
5003,2066
1650,2787
2629,5570
6412,1486
6859,138
943,7879
8718,278
2491,9435
9029,4839
1917,8869
7906,2307
6366,3648
9775,4764
552,1927
7510,8107
5368,6364
7520,7657
702,2977
4661,8522
9938,326
5554,7702
2674,1263
7433,1557
1190,3505
898,2023
3348,5562
799,3213
8894,554
3134,711
1353,7553
6295,5675
2361,8471
2501,1550
9225,4434
4594,1731
2086,7111
6346,5054
5035,3808
3138,4099
6407,7286
5169,7199
6954,9291
3212,1778
9391,8791
8800,8792
8483,2590
5288,4067
1156,5418
2303,8423
7476,9513
7919,1361
9837,7205
6200,5957
2142,7852
8332,7202
1652,4365
9015,6068
2004,5214
812,6742
1188,7004
842,1634
7081,5935
7677,9767
2587,937
3313,6838
4677,9468
4402,3385
4137,4869
2606,1711
9600,3465
2012,3352
1087,3738
2630,7914
2293,822
7346,6238
4913,9884
3823,7994
3456,7883
8346,9756
5460,1881
8527,8671
7216,6637
1085,8525
5359,7850
6978,770
3285,4521
5206,3784
8206,7954
3188,6372
1570,8342
2515,3805
3802,1163
3539,532
4156,3285
1058,6724
33,1262
222,6488
9448,6226
8597,2035
3796,521
2776,1952
7120,8945
3502,2518
5811,8456
1813,2583
8942,6819
4051,5558
1187,6622
7994,2563
3311,8849
2730,149
5496,603
9265,6355
9986,5021
8237,2830
4186,3221
8306,6606
8022,1285
279,9863
5620,5616
6091,3879
3262,9345
7845,9519
223,1768
6665,8316
3600,1922
2838,322
7019,7636
9116,4020
705,9827
4123,290
5287,5427
742,9647
3738,9577
5047,2493
2691,7039
8316,9448
326,1605
7695,2572
3220,1422
8243,1219
5217,6238
8970,943
3152,5197
115,1936
8410,6232
1521,6771
4285,9973
9399,6024
433,3473
8016,3006
7718,9609
2091,9517
3641,1105
387,2159
373,8435
1260,2044
6838,1719
4809,4672
1034,1819
6571,9771
4624,4512
4020,4950
850,4498
922,4173
9518,8545
1543,2525
495,7920
9132,3530
2348,7722
2166,8445
9046,1612
4009,2378
7301,8546
1560,1834
8300,3522
1431,9289
9112,3167
6760,5597
5208,5819
9393,5841
7062,3741
8751,1710
308,3754
7140,4549
8370,7635
8779,3915
7868,4651
988,4305
2783,7172
5451,1135
2684,5541
5643,13
7749,9465
3088,62
197,6134
7410,6553
5964,7593
5374,7653
2088,171
4342,9808
2479,9522
1496,3436
553,5111
540,7175
2138,1647
5846,6245
1261,4184
5916,4796
5068,1394
1874,6828
299,263
8305,4201
7189,5000
6886,9174
9487,5702
2278,2096
408,5898
8335,4468
2658,6273
8058,702
8538,8904
8621,1679
8082,6991
7165,9689
8449,141
5408,75
880,9297
8640,3812
3637,3584
876,8821
2780,8575
1608,5528
5297,8606
581,5031
9819,4447
9452,3274
2914,7699
8387,2785
1585,192
6194,8314
3335,3168
9855,3263
759,2600
7141,4911
1311,7907
5395,695
6389,219
1697,253
3709,7572
4382,5465
936,8229
7477,4704
4663,2563
7613,4911
381,1756
4527,6064
3746,6861
7235,3772
4163,7025
7539,589
5959,9622
4433,7551
5005,3261
3220,5203
5281,5582
1278,8766
829,4262
6553,3364
4140,3902
2015,5853
8698,2697
5177,4098
5575,1545
767,679
4138,15
5278,6340
2290,3725
4904,9265
968,2458
1718,5309
528,8097
2056,6731
2431,6598
3980,8714
6886,7559
6493,2080
8572,1130
4099,4226
5306,8905
6344,8306
9919,2630
6123,726
3252,2492
2525,5169
9434,5653
9705,2048
4991,3682
7649,9011
3984,7146
1523,1733
5176,5937
6266,3514
5207,4708
49,5349
9502,6223
5602,899
7526,2811
2397,6631
2016,935
1908,9379
3031,4834
7027,5871
594,1219
653,3514
245,6197
7985,1690
4951,5074
572,6817
8143,1226
3720,2558
1735,3984
4993,9549
8915,449
6536,4349
5659,1010
945,6603
7827,8166
583,2912
6987,5993
1184,1604
3283,6619
6619,6349
4535,6780
5077,5336
9368,5712
5274,610
2042,3936
1993,4836
6106,7981
7681,8073
1672,3569
1431,2574
7026,5764
7834,7909
5649,8904
6061,1813
2684,6369
9875,2033
4266,5924
3210,259
3462,5819
4813,8181
43,3219
1901,652
7646,8450
2059,5874
2523,1768
1964,6846
2328,7393
6030,6130
1126,3603
2330,2001
2661,9259
8175,7259
6983,8190
6334,5734
221,863
9349,139
9901,5308
5299,218
8981,6261
6282,7786
3866,8698
4370,8465
313,8368
4281,5165
5038,7712
5993,1917
9507,2155
4130,6094
5760,7566
4471,9782
2961,2814
949,1543
5173,7025
5276,576
9746,7161
9970,86
9974,9181
6189,218
6489,8325
4991,1927
6414,4658
6719,3259
1352,1383
7137,8736
2505,7832
5991,9989
9174,2830
5984,1421
5494,5189
9791,9156
3209,1986
6696,3914
2838,3891
8323,2237
6124,2789
9074,3319
3834,4188
9775,6497
986,5555
9903,6530
4759,256
1507,6889
7936,8787
9069,1923
2341,971
9327,9881
8990,5861
2494,3849
235,4002
9798,8655
3686,6659
2312,6559
2021,1620
2991,7890
3803,6658
6032,1259
9694,1642
7550,8469
1427,3760
9981,2779
1093,4024
3327,8515
6037,2101
1755,7192
5708,1932
8523,1026
11,8612
68,6820
7539,9404
8113,562
9633,8520
2504,8989
5377,346
6334,5069
2259,5513
1638,8314
1227,8897
1812,262
8882,5222
9728,4010
5627,9782
8214,5500
1728,7547
3147,2778
9066,6617
1786,7669
6046,8122
380,893
181,883
8005,6357
1269,4355
9291,707
235,2856
8594,8486
8874,8653
3363,4372
2748,8340
8731,6879
4631,1708
7423,6628
5691,1583
6462,5840
1080,5099
8510,2286
2157,4619
8984,9505
3003,3633
6992,3099
4600,9778
9677,2984
2079,9790
2407,1754
1460,6730
5166,4673
6741,4316
2854,1207
4396,8770
9040,7189
5554,6800
197,8630
1150,5524
91,4166
4378,5896
1770,5302
3686,2739
5960,191
8646,5980
2480,8096
3974,3324
7634,9557
1662,6590
8964,1574
145,710
7557,1610
6687,9900
8130,6918
5339,948
6162,8519
7382,1818
8716,9351
3386,783
3832,238
1667,7035
7475,1513
1863,9182
2652,5472
1495,9863
4171,4518
557,8655
321,210
2133,9203
5115,9701
2409,1229
2752,3879
4004,9262
954,3075
9032,3450
4657,5131
4538,5967
6627,9305
5835,9235
2384,3076
7474,3322
7265,9819
7797,2033
2968,7393
7191,3002
2131,9765
9739,676
8922,5100
9798,7798
2408,9038
9011,8663
7559,7290
8896,8013
1860,6198
9093,337
65,4375
4629,8139
7049,4153
6796,8272
7022,8555
1497,7636
2174,2043
7206,4557
7924,345
6978,6070
2747,6907
2111,1084
5694,157
8343,2473
5338,5298
4218,4474
8709,7627
7810,1695
5079,147
4343,7903
6502,6421
9839,2006
2385,7130
1021,284
5858,8419
6954,4754
6886,1199
5697,5580
2169,121
8980,7302
5274,3346
9293,4260
3278,5318
1742,4666
4000,910
9098,4628
8742,6641
2444,8707
63,1079
5589,2725
1880,8300
8884,9519
6670,3389
7485,346
7565,3203
4908,9352
3959,3145
3778,881
5329,3355
7038,9022
599,1597
5176,2289
9472,3797
6566,7823
5212,6806
8161,1947
841,5290
2130,6881
3589,6571
982,8667
878,9406
1473,2771
8517,3116
926,6086
49,6974
7397,8897
3648,1733
8421,8827
5897,436
5904,5455
6028,5418
9750,5092
9370,4768
1082,6411
1665,1899
5345,3156
8288,2782
4312,9404
4697,3087
2773,1223
4948,5044
5606,5191
2816,7530
2726,1607
6740,5442
254,7734
5508,6456
4248,5139
735,7153
9422,9489
8789,9345
3489,4039
3590,7271
3430,55
5398,2613
9658,4904
8236,3903
9783,6563
2362,9295
6207,5127
3926,8275
1236,3097
6407,9812
1098,9339
2204,1427
2164,4407
934,7410
2859,9929
7397,7437
2253,6935
4816,1075
9746,3949
3326,7717
3818,4169
3202,3433
1075,2000
4756,2539
134,3819
4617,8449
768,7250
6724,7018
9838,9906
230,7266
7970,7230
3409,9444
1603,1440
1915,2061
6721,3082
3966,249
4549,2910
572,604
9846,9958
3136,9887
7096,9328
7247,916
1887,2074
4269,3432
4098,3990
6859,5861
7499,8250
750,2465
5930,5815
6812,5878
4649,4259
1024,2207
4763,2645
2893,9163
4173,9293
3070,5137
814,2429
8171,4657
7531,3368
8441,7315
67,4006
7513,8862
5849,9969
5136,3846
4600,271
4598,947
2913,1916
9783,8123
4943,7810
8936,299
8252,2808
6612,1735
7676,5541
2068,6539
8711,4944
5580,3597
5509,4838
4962,674
6561,1382
1642,7545
8016,220
7613,6968
7355,4328
3480,8929
8967,3354
8897,336
7686,2557
9604,7476
9510,9853
3899,4871
5128,4134
7116,2316
395,4459
556,8068
3847,5151
9953,3613
6085,7203
6918,8728
6091,3597
1943,9477
4758,833
124,6493
1856,8958
2707,4220
9985,2600
662,4169
1361,8014
9131,3043
5995,3256
8762,6298
430,2414
3785,2583
4365,3575
451,1688
4246,6205
4584,6220
5504,5545
3102,1575
3629,4129
3989,1523
5951,907
4936,8836
8439,4636
9646,1462
2600,4369
1808,6933
6346,6377
7510,3865
8763,4541
2155,6444
2400,8685
4031,6313
8409,873
5866,4946
8114,3000
9373,4254
5557,2937
565,2989
5437,3107
6761,6266
4886,379
6499,1020
2160,1890
2364,8920
7106,8408
479,1319
8556,9265
3983,4992
6708,130
308,1489
4034,5001
9249,1423
487,6422
5809,5672
2808,441
5456,2657
7801,185
2886,1121
6788,5566
4318,4793
9272,668
5285,9246
2878,9085
5133,1669
5703,4810
7857,4969
5218,1638
4819,6172
4026,1799
1201,4104
3035,9953
1479,2657
9141,9536
7821,1513
7977,8241
7073,7951
9584,7118
2112,2773
1483,9525
6125,1596
2869,1973
820,9502
9173,8420
2376,3448
7712,9071
4872,9490
4779,4670
497,124
4414,7155
4957,1735
4563,5263
5769,5662
7774,4450
4964,8895
9223,1805
8931,4361
5634,4501
2977,6243
5776,4439
6372,8839
4894,7522
8123,858
6235,4997
3267,8936
4872,4518
5033,5584
9623,2780
7705,4154
5862,9066
9173,129
709,8921
2098,2545
1474,5921
2188,8189
3990,4403
9594,1325
9097,7269
1164,9699
96,443
4177,4121
9591,8526
853,8056
7289,9964
3655,2423
9132,3245
888,5406
4922,9165
3695,4502
1081,6314
1434,8432
4108,1164
255,9198
6579,955
3569,2642
9614,3842
4174,7905
7071,7823
7957,2195
9388,67
5365,8233
2900,1404
3120,860
4281,4556
4142,3662
1963,8214
9982,8287
854,8805
5240,6127
2897,4585
5021,6682
8968,9647
4240,6965
3588,4715
9982,5780
3173,117
8,3541
673,2781
7473,1372
3783,860
2259,6412
3484,9001
2988,6175
9991,3524
7686,4034
4472,1202
7941,3392
2850,6470
3241,5402
2954,8040
7011,3328
631,5669
3524,1982
937,6099
5952,133
6359,751
2962,3924
8561,3397
5817,3668
7811,8715
6016,5309
4154,6411
7708,9336
3185,7339
3630,2690
2085,7034
5912,7930
9703,9865
1852,6728
9791,6051
5872,7193
9246,9515
3838,7851
4908,9649
3144,8641
9535,4208
3768,1699
2749,2279
3942,8166
4121,5153
5171,7235
1625,5332
833,7591
40,1059
6469,2295
6680,9888
261,3325
2927,3762
412,7379
9554,2142
8189,7355
463,9701
8996,4424
5476,3898
1959,8925
3213,446
971,3136
1434,442
2163,331
8655,7464
1460,2943
7990,5951
3124,9108
143,8217
3120,1922
9943,4194
4028,1877
758,8703
9062,2865
1554,5273
1764,4274
882,565
4379,8910
4781,641
5649,3913
9168,5901
6778,8804
9966,419
5727,6740
9361,7412
9454,570
3839,8097
5978,3732
3801,3970
1346,3392
1565,2455
5327,5736
5243,6697
1831,9423
8340,3692
6208,694
254,5668
2926,363
5844,2352
9516,718
6426,3431
3913,2721
7711,4382
1466,1948
875,9795
2062,9611
2391,3177
2351,2516
2380,6912
1843,3432
9956,3936
5666,5206
6621,4770
994,9718
1484,2491
1935,2889
1614,4230
8790,9930
7433,4829
5568,9089
2257,8500
9212,6388
5478,3858
7957,7466
5643,6092
5619,4334
3153,7552
1549,7804
1890,7611
5068,4795
9690,9271
2394,3783
8512,1525
5465,1770
2066,5506
5793,4518
5454,5673
3537,705
4429,278
4279,1902
8617,9058
970,2868
2112,7952
1556,1997
481,5858
6222,333
5859,617
6691,6557
1012,9255
54,83
895,8146
768,9296
8903,7720
9265,3589
4976,6570
9512,4051
8893,4358
6910,4798
5155,4885
5436,541
8573,909
5356,4528
297,3764
3453,2510
5775,7154
6993,5483
6242,4257
9937,6290
3887,8148
7184,5221
8066,8817
4380,8110
3737,7596
1681,7968
1536,18
4439,7919
554,4927
332,9753
7537,8028
669,1087
1861,2056
1437,4948
8608,7570
5400,8529
8139,4416
6705,3827
601,2384
1608,1522
1969,9896
4983,558
5785,1643
4523,8888
7117,6187
992,8922
431,1270
4374,3348
7721,8911
8655,8020
8526,2873
3818,3585
1310,8930
4842,3284
3064,1146
6447,8276
4106,6846
9990,605
772,9509
9836,6108
1674,7591
6734,409
5704,1877
8364,5328
7120,5065
475,2334
734,6827
458,3366
365,4236
4989,2621
9267,9507
8325,1368
9639,818
6976,2127
3859,2420
8060,2078
8420,3941
6423,2376
7118,6334
6883,2985
6061,9531
6021,454
2374,4219
604,1955
2252,5076
3566,577
6638,912
1790,3985
9885,7288
9322,9818
1644,6907
3473,8275
7776,4282
6402,3773
6455,7716
1039,9856
3237,5657
3969,4161
4313,3501
8517,7788
7438,2876
3763,7604
7805,6436
2223,9860
9728,8307
7480,2225
6161,1374
6318,3182
9825,7594
7186,3803
6565,3419
1973,9020
5947,2423
4626,1921
6618,1414
9287,8471
9783,3449
782,9146
708,9748
1659,4229
1283,9849
3678,8776
8600,3073
4360,229
6076,6122
5418,8999
1422,4760
1272,5871
6836,2665
1645,172
687,2298
2712,5462
924,4303
2308,8375
2023,3219
2214,9239
9290,8188
5279,3667
4483,1497
9122,4617
6516,2188
1951,6067
7300,2158
9085,3437
7987,51
1798,5077
7402,4731
7356,1278
1937,8930
1417,1840
874,3925
5029,9279
1946,7457
2657,8055
4728,138
528,6417
4862,8052
3285,5045
9069,3954
6774,9468
8541,4745
3440,800
6545,8271
6629,8450
3977,6118
5649,103
3025,1743
6810,4273
8999,9756
4774,4518
6154,9127
6230,1727
3821,6552
1839,3631
8683,2695
793,1454
5893,3230
5745,6369
3863,2106
601,4647
1736,7998
7584,4946
5488,5572
5548,7360
9748,1153
3746,1718
6109,1652
1224,2680
6662,187
3235,8311
8660,5057
4058,4247
6080,3304
5803,5532
1408,5567
1451,4017
9524,1360
1577,7908
1611,7881
6524,5265
7494,1876
8187,8618
3844,1382
8507,4704
5965,1936
6995,176
7754,7349
9227,8573
3969,393
963,6965
7295,8802
6672,8467
30,8639
5649,1745
3750,4801
2096,1160
9296,6169
9043,9718
8709,832
1778,6266
2453,9117
9668,2126
8915,2887
4082,3762
9933,9991
5389,2065
490,3416
6731,5986
8556,286
9532,2285
4662,9008
9883,8328
1239,9044
7872,7150
627,8038
130,7643
1010,1540
1369,8070
8626,8601
8930,7738
6456,5060
3740,6611
9604,2452
2240,658
8162,5874
6925,9677
8365,9099
6609,918
7246,3513
1251,262
6322,2413
3021,406
3945,7435
8392,8906
3803,9873
1391,1354
7317,3205
7190,143
9425,8459
3011,6198
6500,6704
5802,6259
2304,9862
3062,1030
9754,1196
8579,4643
7958,7016
3465,4048
6030,1780
179,1456
6561,1763
9694,8086
6968,4222
8445,4617
6997,7248
2841,3891
4516,1610
4677,3013
6403,7283
7407,6411
286,7872
6819,3223
7523,956
1626,6157
1380,4164
479,522
3834,6834
6050,1730
6951,1059
1814,9829
8948,2567
8069,9453
2377,7925
579,4390
587,9992
8671,1786
7295,650
8758,1416
4445,908
2978,5952
7519,943
160,6606
1081,194
3951,4865
6019,3048
2148,7
2962,1749
8219,1591
1717,4693
280,3610
138,713
3307,2678
384,79
9985,6089
4488,5468
1351,7855
1285,4217
3386,4991
5570,1944
138,9912
2978,3361
2733,8932
1443,637
415,9494
652,9278
4983,8101
7765,2393
6261,981
9910,97
6536,462
1880,2401
1116,5707
5559,3222
9792,3186
3625,1559
6838,8251
9448,6034
9091,9870
4731,3012
8582,5661
7699,3524
4757,9052
9729,828
7011,6665
3781,9541
6926,955
1777,7647
1557,1371
8795,2538
6631,6905
8386,4147
3271,45
744,8158
6331,7691
1102,237
4659,4018
2221,3178
6294,4753
2448,9127
9288,1238
5295,4063
6489,6309
5015,3576
391,7873
6181,952
5843,3722
6129,4049
1,1315
8711,2587
8889,9438
7136,4460
5418,2423
4735,646
1358,3466
4936,4077
4697,5585
3467,4067
1627,7838
3326,1026
6629,9506
5480,4438
8392,2295
3914,4901
4569,5232
4296,4731
2736,9787
1349,3926
3184,6944
5373,8171
6801,6554
4411,3539
4745,4014
5323,2373
969,76
5770,2209
4611,129
1817,5062
2714,6694
5921,5281
6193,3497
9376,3652
7414,2263
897,894
6744,9458
2330,7180
4322,1012
5983,6684
2044,9985
4468,5881
3607,2546
3055,9288
2662,9363
1596,3326
9356,5354
8282,7996
10000,7346
5746,5480
4045,7092
1416,729
2390,6193
5771,2526
7207,7807
918,540
7350,1693
7721,7091
5176,9220
241,2891
208,2396
4547,3600
4451,6888
1657,8583
311,6751
1347,2764
474,3064
4655,8186
4334,5137
8067,5590
8690,4060
8982,456
7532,279
4622,5030
5618,1814
7333,3583
2359,6863
5733,2049
195,3362
3378,3944
8876,2211
3783,1684
7920,613
3704,3925
9845,1429
8422,8758
3655,6592
306,515
2896,2354
5833,504
8423,8060
4733,8807
3759,3217
260,2245
9567,3949
8153,2770
4050,6243
2833,5316
1925,8785
8728,6463
2686,1874
4090,5939
76,256
3085,2209
5705,3395
3451,9115
4139,4763
6462,8072
3546,7702
2548,6912
893,1582
1858,8922
3021,9474
7557,9104
3051,8015
8531,6107
2349,2715
5840,5393
6611,6543
941,9671
2376,9102
8474,7540
7380,5702
5532,3733
6894,6113
9130,7366
2991,3624
3201,9315
530,3733
2392,7916
1879,5972
8030,7982
647,1126
9903,9540
4417,3473
7733,3977
6883,3031
6522,4872
1605,8096
5324,2722
1295,983
586,843
7338,6367
5643,5570
8740,9616
4190,8139
2813,2738
8859,3387
8558,9140
9000,4255
9706,3050
2168,9418
8909,2193
7055,41
7409,5679
5824,228
4831,8732
1607,1059
2,9079
706,4890
2663,2935
2842,7587
2177,3647
2239,5782
5033,6588
9602,5272
5922,9054
2572,9790
362,3520
8971,5132
4125,9382
3982,670
2852,5651
6421,1121
7882,8228
4507,8223
6863,8349
7312,7734
3366,8749
4975,2276
7929,7536
158,2178
2204,6865
7796,297
7471,8298
8069,3829
8445,170
6344,7924
4865,5617
3417,619
4600,315
1899,4006
6769,6470
5253,8362
6289,4402
8653,3385
436,5605
1091,3168
5933,4696
5588,4064
5951,8273
2511,2232
6484,8541
147,9195
4298,1354
535,4243
1758,9470
2884,130
3840,4504
1805,5473
3734,7025
7391,3831
7869,5630
1987,3751
7913,3077
4272,7783
814,7162
5693,6568
6391,645
2356,4487
9428,2705
674,9871
9729,2723
2187,8792
7360,8469
1851,1488
5801,2622
5127,4324
8184,3248
3378,6204
1764,6702
1196,6561
8176,2760
7124,1387
5339,1188
670,1611
9058,6699
3407,7361
8404,3677
4741,5915
9958,3554
4164,4251
3021,2942
7003,4244
9097,1647
3029,2161
2178,7350
4236,9794
3722,928
3399,2067
9889,2016
1540,6667
4648,9211
6705,1406
4765,2912
1492,6159
2581,7938
4539,1958
1192,1987
1102,3674
5397,8254
9376,6651
1974,801
3844,1646
2223,182
1787,1334
8736,8300
4876,8299
8266,6535
8621,2266
9470,6928
7614,1561
7665,4618
1765,3253
9484,5523
2515,9866
975,6579
3254,9166
8021,2260
3688,1610
9939,1677
4724,2790
3531,7821
6440,3904
3341,5841
7094,9737
7564,1794
85,1292
7166,2238
5157,9596
2845,5521
1424,6697
2940,7167
427,1454
1491,7521
5228,2378
1851,3578
9749,2233
6549,7733
7070,8542
1108,6493
8897,3119
9963,6408
8495,1405
6209,3921
1408,9151
8753,9361
7016,7738
3150,4665
2276,2351
3204,1710
2900,5217
1769,5281
2115,5857
6451,1722
3233,9448
2691,2960
3873,5360
6479,4936
9934,1103
2413,6872
297,2945
3658,7623
3790,1250
6299,7507
6469,6757
603,237
532,8883
4452,3317
3777,8131
2761,1118
6164,9730
527,334
3851,6848
6667,6149
8744,2647
838,8215
5941,7144
142,2983
2632,8915
8246,4785
8497,5987
9950,7204
2704,2389
9773,763
467,8323
7370,8983
3293,5777
1770,635
4147,2434
1524,179
7776,4136
961,5249
680,294
5519,9589
9801,1908
9956,3737
4141,9695
3663,3318
5708,7786
5258,7383
1503,1285
4076,9096
9999,9256
8219,8074
5964,1756
2878,1110
9913,1462
208,2763
7205,5745
6689,5302
7989,1639
4391,5469
1852,9163
3827,7736
3452,8566
2430,3276
502,3245
7713,9797
6494,8363
8339,3216
8810,3728
4573,1698
4633,1253
9530,7593
1440,9035
3738,9821
1519,3248
902,7665
1475,1101
9901,8348
2836,9838
6109,9743
607,5502
7678,1795
6798,15
8520,6096
2866,9747
4996,4748
7779,8395
5520,9294
7310,9641
9644,8510
5629,131
6082,5403
5717,2119
9891,2472
5961,8709
4827,7988
1419,4894
1174,9876
8243,9399
8189,5663
4888,4714
7753,7558
4363,7369
9992,9823
8739,8511
9820,7517
6114,389
7664,8125
6071,7230
4903,446
45,4688
3245,2462
3281,4047
4367,2238
4961,6008
2390,7105
8783,407
3678,6678
5524,7237
693,9455
6114,9953
6686,7294
1298,538
8533,5675
5132,4438
5150,1524
4997,4754
4742,290
1507,5703
6907,8307
4603,1493
8231,1850
539,6687
55,9247
4052,2194
2171,644
5519,3907
550,7413
2481,2212
2820,2251
3369,8883
7707,9021
3286,6688
4251,1427
6885,6696
3551,3241
2695,7778
3253,6525
3234,1398
7658,6661
9470,4005
9678,8239
6080,1625
5527,1671
9539,2362
9426,8462
5938,377
6532,9517
3810,589
5854,9751
5324,5191
2671,9971
2920,5924
3203,4462
6517,1744
265,1052
1686,961
9443,4007
886,919
7991,6246
412,4669
2082,5099
297,8604
6939,9561
1726,9725
9557,3807
8347,8521
95,7110
8691,9839
9974,6163
2411,720
3082,441
8672,5883
1165,8318
6168,9152
2072,3560
7504,1763
3320,6628
7525,7120
5173,2771
1327,4981
9299,8498
8967,5088
9842,1572
650,8165
3280,7838
9349,1372
8095,478
1072,5238
2416,5321
5799,1466
8510,8368
803,9472
7688,9230
4424,9736
9606,7153
6759,1208
8381,5602
2180,7825
2893,2595
1810,3468
8167,9732
9706,1639
92,9201
3418,6486
5953,1644
8522,2151
5023,5906
2377,6582
3335,461
8390,8282
2562,6454
3916,6490
2358,8756
2597,3600
8388,5877
5919,2552
4366,6168
8267,3252
1639,389
8626,5472
3651,330
4274,4780
141,4035
8535,4636
8375,3316
7669,40
4588,3622
160,480
290,2812
8462,1344
4491,2768
757,5836
3242,1855
8911,408
3042,1694
6524,1223
7002,2904
5942,1966
3981,8373
3359,2403
8335,8280
7062,2103
1241,4533
7113,7406
8997,349
229,9783
3701,9575
1832,8684
8478,9789
6567,728
2226,1248
5532,8095
4107,7609
2792,4815
8835,494
6262,4993
3776,7196
2687,8924
2317,5703
6682,8278
2020,6220
5387,3064
3240,9214
1132,5565
4350,5
3866,3974
7963,112
1078,733
7816,2946
4044,7300
1283,1936
8208,8458
5488,4998
4884,5961
3596,4161
6502,4943
4162,7356
566,4102
7046,2042
3446,3330
3150,5340
9418,8727
2753,3200
9998,9077
3207,215
4135,5041
7648,4801
65,913
3378,6903
7464,5587
2794,9413
1331,7914
4515,7090
3658,1238
2036,5373
3272,1920
3843,3574
9835,3983
2839,8630
4376,4425
9724,9468
2444,762
1104,1812
6110,8218
6570,5366
2416,1790
8970,2041
3972,9709
9659,6498
3082,2733
5973,5021
8359,6890
1760,2934
7986,5058
8818,4725
8537,4608
6297,9060
8624,8626
4821,5790
4121,8873
44,3301
1759,8078
737,9104
4732,8316
5215,4719
6267,5389
5951,7149
9240,6660
3049,4801
6739,6308
9606,977
9251,8443
8436,8611
2263,9967
4884,8465
6040,1716
8701,2601
1338,4182
627,6990
7713,4265
1218,1022
9728,75
7540,3217
5517,5235
5698,6251
4481,3560
4423,190
8155,6480
5584,3679
8964,9524
3840,3299
7229,2828
800,5285
2580,5964
2724,5543
9398,7978
1384,5715
8366,7851
1849,5245
732,5050
1664,7911
592,6068
1657,3632
3605,8323
3154,9370
6428,3204
4959,3174
8749,3367
4234,7103
1730,9523
4695,5295
3007,8819
6198,6450
3785,8401
546,9445
9511,2589
9222,1658
2694,5467
3983,4795
406,7302
4829,4729
3170,1765
1587,1968
1197,1192
5821,7544
1511,9454
5921,7611
6096,2535
3407,4318
2515,3537
1490,2190
6947,4129
7240,920
324,6144
1310,6980
9792,8784
4949,8767
7242,5065
5457,7348
8719,9764
2495,8663
8504,8611
1654,8878
9452,2427
5175,8043
3395,3135
2335,2458
9317,5194
3451,9060
3920,6136
3498,5838
9049,4994
3998,97
5833,5077
1036,6758
4601,2734
100,2878
6601,8356
3402,3147
3705,3233
8050,9855
2139,3310
2027,1087
671,4603
9106,2947
5630,376
3735,3037
6915,2674
8636,7139
275,6637
8698,8027
5261,5674
8670,658
2397,5734
7105,3288
1818,7936
1477,2028
5887,8916
4747,7568
775,4120
337,4729
7441,7298
7096,4885
4979,3476
7540,8408
2875,597
6765,453
5697,8093
7907,6246
3272,3021
3886,8825
1059,7273
3587,1591
9540,7331
1874,8929
5264,6341
1436,5145
1022,9435
707,6666
3918,1771
2857,9733
2806,6609
6026,9834
9000,6363
1958,5023
5391,5949
5078,7696
5448,2178
8240,3939
302,225
4502,9942
4445,9000
248,5864
2040,4791
1786,1808
9366,7099
864,6958
4631,69
4885,7357
5301,3030
8987,9857
8982,4314
2397,3762
4973,6223
2177,8949
1184,256
9385,7172
1620,338
888,6185
1860,3962
3649,6892
3585,6600
251,6518
7779,5989
9682,7026
3038,2709
3575,2735
8128,3144
6983,2004
694,9091
8825,1665
14,1157
976,9757
9912,5369
7760,7825
1830,744
8654,545
5810,4103
4080,1506
1486,9732
2132,7085
7878,4345
8493,5390
9602,8955
5479,2985
6615,3714
8572,6298
6590,4644
5951,519
6988,1440
9605,420
8464,1316
6515,9939
5692,4476
2067,1958
427,1976
9104,7138
5728,2648
7553,5202
799,7382
6739,1365
1093,9968
2046,3861
2497,1521
8409,7317
8166,1980
9306,8758
5945,5844
1206,7654
9893,2874
9366,629
8782,3235
6810,5621
5298,1429
8647,8206
6715,4143
8269,5564
2306,7443
9860,2294
9085,6096
7444,6619
7401,9424
9267,9786
2083,2426
2408,6014
9184,4789
8271,292
5804,3563
982,1211
7311,1637
2452,6567
4140,200
7897,1474
5971,2876
6305,5632
8230,2901
5506,6381
3145,9152
5252,9589
8082,7932
144,2735
2224,7218
177,983
5224,4514
5112,3639
7051,5771
8619,6801
7715,135
4237,1787
3468,449
457,7432
6527,2132
9144,8431
1018,6257
1330,6490
7179,3068
6529,525
7147,6164
8576,6193
7240,6285
7379,8444
8154,8748
3041,5983
391,3774
603,1260
3153,6613
3808,6065
5117,7520
6761,7462
1472,2374
3968,5886
6130,8799
5422,3277
3460,6207
1377,1591
1373,7120
2940,8433
6768,4331
6248,5190
4921,2098
9497,1240
1143,8717
6379,6977
2932,6447
7115,340
6030,1700
2898,3093
3818,7945
9084,5394
4463,9928
3431,8221
3933,7887
3959,1767
9921,8012
182,9034
7872,6279
6889,4594
1632,60
7469,330
4630,3427
4704,271
4874,6126
7485,9683
4472,14
1903,8656
5519,5875
1094,8230
812,6222
5000,6771
5073,8164
8798,2430
9262,7345
5311,9088
8577,502
1243,336
1962,4082
6845,458
4887,3336
9731,9723
831,7442
8298,9387
2714,8146
7811,3191
3933,3953
8994,1610
6580,1750
7989,3591
7415,9108
9457,2918
9615,5264
599,3496
3458,6942
4934,1545
3513,6599
8331,8562
4499,8841
3235,2343
195,7227
913,4131
2229,571
3850,542
5230,8439
157,4937
8512,8884
577,5990
2156,9406
3175,3110
9442,6684
9151,9504
4020,9407
5702,3275
2730,7175
556,3961
606,8914
9444,5920
8023,4450
708,1541
9155,4682
4588,7655
1469,4181
1508,2422
4558,8610
1982,1758
3359,7904
6539,4724
7517,9106
4314,1195
5093,6832
2042,7731
8671,2474
5904,7007
7000,1865
5412,3186
2407,7011
8822,7830
2801,2714
5214,7960
5815,1059
3585,7347
5021,1262
9695,5879
838,5255
8569,6454
9291,2919
8881,5419
7994,6215
8074,8119
2763,8483
5406,1977
8558,5431
5693,7033
6944,4745
1939,2146
9389,8434
2803,1722
6399,1114
4367,1487
3076,9919
698,959
9549,9330
6564,276
5475,4862
5700,9818
9445,7589
5253,9871
5612,1433
1511,2726
1023,500
5414,9991
5554,2485
4952,2710
1097,6328
6719,9887
683,6096
6670,1499
6050,7395
2201,5282
6238,1634
5509,5501
9849,2660
2046,7638
3109,2462
6247,3119
1554,7217
4156,2987
2476,1663
1780,2509
5680,2587
2210,8667
1215,5501
6939,1406
9644,5887
7138,8793
3471,6728
7294,2324
1644,3970
2269,340
7021,3705
2978,8200
4524,9506
8857,6802
3917,3317
1420,3968
4424,713
6030,3463
5652,6235
164,3755
9359,8907
6468,1565
2298,3203
2117,6610
2737,4020
4902,379
5897,5518
1226,4278
7537,7452
5937,5729
3915,5962
5683,518
644,1877
9605,1607
2063,9821
5149,9943
736,1593
6546,6723
579,215
3341,9083
109,6174
1388,6321
1147,8994
8613,3869
8039,5331
3544,42
1737,8867
6653,1281
505,3298
6908,4336
3378,6360
3195,7222
5058,9006
4930,7326
6319,7177
4234,5397
5124,6580
900,3881
2232,3512
3703,7217
1711,763
1825,7411
7322,8195
6286,646
3274,4613
6838,1956
6386,7167
7713,5131
8602,9310
1030,4305
9296,1740
433,4722
7833,8489
3538,3496
2341,7973
8914,8213
9792,6376
1185,6399
8084,4926
3419,9512
668,4594
6217,7577
7668,1878
3315,1835
6300,1068
2835,9170
3899,8709
6949,8231
3040,6083
4106,5600
5316,4012
3820,7486
6427,3662
220,3890
3354,2041
951,3692
3330,430
2631,7442
3450,8578
3109,298
6363,126
1517,5316
1588,7239
5578,9159
6430,5413
2064,2487
378,3714
2968,6239
9671,2048
7046,4736
192,2663
7862,9398
4641,1003
6949,6179
1817,1094
8172,715
8507,1671
5879,5868
2800,7206
2388,4647
567,4722
6647,9631
2684,249
5034,5373
4150,8404
3138,2494
2377,989
2221,4938
5436,846
9207,545
8022,6487
7115,899
1250,1882
7399,1068
2945,3863
7240,107
14,8239
3572,4542
5196,9496
151,4540
3852,8108
9621,3326
7931,1598
7263,5979
3096,7274
3344,2542
8371,4424
4055,1158
7265,7341
1327,442
9740,7069
7161,7127
104,417
3259,1431
4640,5264
7618,4591
238,6558
531,1942
5353,4126
7520,2429
5321,9013
3558,6448
7350,2973
6802,9015
7950,2386
4052,8025
38,4349
1755,9310
5512,682
1584,3406
7002,7528
31,9963
6687,6700
1360,8809
151,7266
6132,4294
162,9890
6667,7225
3313,7227
6162,3707
5101,462
6393,4252
2577,282
4227,1780
4498,4303
2151,6024
8880,9665
7667,3636
6644,8075
7280,4939
7385,957
4224,88
1431,6724
3396,831
6346,5285
7210,5238
849,4357
4916,922
9299,1480
7140,4031
4716,6340
3795,4583
3780,8577
1297,5550
1617,4463
2054,7008
2739,1428
9447,3287
6029,8641
3908,4149
4004,7072
9919,4027
5663,6908
4839,1860
1630,5324
6626,897
5496,4541
5961,3729
3452,5835
4189,3596
2873,7628
3927,1804
9481,9018
1181,1465
3816,6923
3073,5056
1794,5919
7171,6879
10,4933
1655,4911
5464,8745
4033,6062
9130,3438
253,7273
3227,1572
7131,5490
4880,5206
3143,5604
3135,7907
1383,6032
3995,887
1869,2930
6138,6630
364,2853
567,4708
824,1392
35,8884
1302,9100
9447,8331
3506,6546
4148,5759
3584,5798
555,913
5498,9354
2985,516
8312,4672
3098,7002
8525,9425
3007,7258
510,2499
8074,6079
3469,505
5621,3920
7684,9629
2082,471
2446,4515
2893,5057
3263,1130
2846,5377
227,5828
4811,9217
3204,8159
4890,374
1205,2255
6212,62
6107,1578
8101,7161
7324,5824
544,241
9119,3125
7584,1192
9859,3821
4697,4221
3148,2387
7180,3754
5815,3653
8697,8124
9007,671
239,3136
5016,7490
5151,9831
3689,1937
8879,5925
9207,7544
7818,9788
1660,5738
9860,2768
9654,7893
4076,8615
3275,2340
250,1263
5547,6017
2663,5035
9230,852
2300,1548
3276,4045
3011,3144
2427,3082
2842,7785
8163,581
406,5620
2270,6158
9091,4453
5323,2336
5977,9396
8193,3090
4251,8342
6384,8012
5834,2498
9796,6372
6390,9997
2147,196
788,4181
1541,906
778,999
5668,4668
4103,9422
713,3797
2945,6313
6213,3969
950,3447
3073,1569
3812,1697
7725,1483
5668,9844
1957,1105
576,5609
6018,8652
4598,4179
3404,7252
6996,7141
7309,4879
3635,6285
6241,6725
369,1761
7338,1915
1686,1524
1967,3028
136,8757
7940,5680
3786,4485
3621,6639
2719,5971
8829,7415
8668,1893
1331,5550
9788,3029
5187,2404
8253,614
9019,4143
3559,2481
9692,9045
9933,4672
7072,9872
5132,4374
7963,5425
6800,8634
8089,4644
1062,302
5319,1787
9868,3248
4958,6473
85,8668
6378,206
1369,8364
9866,5802
3576,8397
9519,8288
3023,4383
4599,7656
995,6328
6563,7905
8443,3526
388,8145
1146,1040
9173,6746
9801,5639
9362,620
132,2062
5766,9873
1579,7571
1218,7832
5896,3689
9977,129
8880,6435
8136,4546
5186,6735
3363,5092
9405,8125
891,6253
47,8731
3659,2362
71,5887
7986,1081
4812,3679
9403,7953
4070,3584
5463,1054
2314,4201
6205,3213
4292,9427
1191,3344
9917,495
3534,206
2123,740
5712,4266
5048,7476
237,4046
4426,4730
8626,3157
2049,1443
6828,642
1536,9750
1662,3696
3731,9952
1982,4230
4495,3328
5593,4278
6215,4108
7655,3571
6106,2543
4393,7229
4105,1791
1423,5835
6646,1327
390,5731
2217,9022
4862,9848
8300,9161
8010,7649
7398,5524
7905,2818
7653,5440
5297,3194
612,8826
435,504
7132,4688
7881,7930
1815,8609
3380,4051
7199,6991
2771,6136
4037,3699
2117,7608
9358,1854
9855,7254
8824,9064
3850,8436
7130,7319
6051,1309
1817,8764
4582,3311
1591,3005
4869,2932
5285,9755
8305,4812
3754,9889
6636,1272
2076,3896
2277,8229
746,7656
9810,1618
8012,1871
6732,2256
9602,8151
4244,5798
4730,8760
7188,1678
7517,7098
2896,5632
9977,8628
9242,8264
2345,3430
981,3974
7071,9103
1746,2435
5892,7196
7062,1355
6711,4974
4189,91
8129,55
535,1111
8778,3536
8560,8792
644,5130
6862,305
1924,175
99,7741
9697,5748
8898,6583
5285,5694
6063,4646
2224,5853
6079,3314
1068,3321
7327,2215
252,3464
912,7477
7373,7562
7215,8817
5390,7745
4195,5756
8988,9536
3632,4574
3366,7342
120,3407
5968,7031
8801,4146
9298,3984
866,8798
3280,7093
4807,5994
5509,5264
9827,4612
4392,4456
8133,7278
7217,5652
9188,6309
3893,7642
36,4175
1276,8857
5610,6737
1620,7695
3004,7499
7183,4680
2257,7185
2423,8868
7752,9046
2577,9843
1701,6375
6239,8719
6358,1841
7216,4710
2228,8880
4530,5475
2564,4261
6376,7160
7789,4466
7190,4586
8628,9446
9065,6041
3474,6560
8740,3195
3416,3457
4068,2884
7081,515
4709,4435
213,6960
6174,8204
4551,7264
8760,9869
1988,7042
4332,4128
915,1254
9353,2268
8876,2341
469,856
2361,3406
8059,8493
4953,3102
9875,4311
5539,3003
8015,888
2568,4445
3713,9321
2353,746
122,2446
5384,4380
2573,5620
3586,6832
9330,601
6313,8542
3639,3624
4584,6592
3313,2304
5488,1330
5600,5985
392,7588
6384,434
1713,478
8652,3649
2903,4513
749,8328
931,8790
8032,5992
9501,7733
3893,7557
447,3220
3123,9454
5413,6778
5242,6039
2881,3391
2240,1125
6507,5218
6637,3413
6645,4086
9858,3641
4476,8858
1540,8928
5274,8356
8807,9841
6697,5337
5445,2436
6034,5531
4510,4077
563,112
8441,7669
543,3819
1768,6727
1824,1513
4041,8020
3847,6649
3865,9444
9236,185
5076,746
8785,4666
5479,7650
584,3695
167,6153
9334,4807
1914,8313
8327,997
3762,8512
8016,440
3146,5948
6427,7756
569,5333
4701,6396
9316,8999
3588,7281
9312,9306
6908,3836
4581,7728
8977,1788
9006,986
366,1453
2012,7
900,3741
8890,8762
3126,5100
604,8759
4513,1696
9361,363
6409,6753
6295,4501
3231,8327
6845,9924
7646,559
2531,3806
6453,5684
2142,2793
5007,4624
4249,8778
3214,8558
677,9017
5670,3722
5040,8237
8373,1864
179,3545
8832,7806
8022,7186
4873,5999
4014,2668
5133,2405
9975,4464
7065,1354
4412,6476
2269,147
2995,7175
6505,8458
246,3247
7268,1318
9452,1345
6219,7241
6614,5556
9430,9846
133,7667
7110,9661
40,8869
8395,3636
6579,8091
6386,6579
684,1077
1292,6988
1295,1937
2089,2262
674,5057
1795,9045
2210,6296
8376,311
492,7280
2351,2733
5032,7163
7963,9300
2479,9813
8093,4671
8941,738
7299,9859
2065,9881
4463,5838
3042,9900
2579,2965
8380,1747
1992,8905
5992,8996
4606,1941
4521,146
1038,2759
7475,4415
9819,7368
9062,7918
214,1066
6248,3978
673,173
8544,7580
1195,3422
5662,8477
602,8700
6281,6121
295,1448
6449,6892
7107,8712
1202,5388
2280,2616
7930,3490
1034,7903
321,7526
7740,1801
5399,3766
591,5638
1516,546
6884,4462
2313,9959
9555,3519
524,9879
2196,6517
2064,8369
7211,1124
2667,6387
945,5349
1,3496
9405,5435
9541,7103
2913,2480
6592,3082
1,8417
8154,4991
6174,5715
1749,8511
2672,8065
8170,9216
2067,2531
5387,6730
3416,7900
439,2634
8173,6688
4556,1206
4183,9168
5382,8350
4778,9732
6598,3691
923,420
254,3895
2349,3074
2296,4632
2375,3719
2918,5658
5031,4233
3813,3368
3952,5765
6123,6775
6479,5967
4399,8159
9964,5316
2647,9559
27,9576
6972,9788
1297,8768
3979,6158
9140,9918
8901,3255
636,2981
2725,6392
6838,712
7153,5649
5127,723
5658,4221
4668,1893
9294,7976
7232,9161
3965,5742
9112,4288
9144,1842
8408,7596
5973,55
8664,5707
9823,8366
3265,622
7355,4301
722,6501
981,2920
7983,7513
1801,2191
5192,5830
5053,4628
1256,7987
4075,8551
2964,1344
6189,5840
7059,6906
3889,1752
4605,3117
4524,7620
9820,3783
8635,7630
4031,2133
2420,8162
8862,7052
4635,8499
2135,6422
8512,8904
8455,2920
1510,8374
5796,5452
7839,5434
7847,4927
7058,2451
9639,4600
6591,8058
8240,1892
649,3808
3603,3979
1586,6962
1911,976
8549,2715
5421,4426
8460,1494
4769,7850
5585,815
3228,1848
418,1381
7606,1310
6045,8029
3513,7361
9883,5478
2401,3768
874,9253
80,1802
8179,237
910,4296
1834,7772
1869,2404
1379,6853
2442,1053
657,8053
5424,7016
8121,1172
9014,6397
6806,11
9961,6939
4054,8428
2644,9144
6658,7938
2875,5592
4795,630
8584,569
9919,3131
3420,3946
8682,966
1511,2006
9465,2702
7443,2689
170,428
3179,1453
5744,8079
2505,4617
4227,2319
5564,2647
4532,8635
4760,2809
6077,2657
7928,4231
5815,4730
6798,9375
1589,6384
9707,4537
94,1260
4602,4438
7544,1776
2455,389
6544,4878
6270,9793
182,883
8541,9627
5684,7268
8171,3151
5663,4771
6434,981
1495,9214
3047,5575
8185,2788
1659,7882
131,8052
5050,843
5463,6437
5184,7847
8713,7756
9627,4406
515,445
828,8086
4264,9841
8439,5504
1668,575
3274,7096
2834,475
2155,7846
5544,2248
3673,4076
4445,2539
6404,900
987,9645
3481,4312
8976,1037
7382,6797
8062,6128
9372,5980
9265,6693
1313,6046
784,8314
2085,5844
8189,8580
1069,9392
4984,5423
3355,9732
6640,5219
7855,1061
4600,1487
2006,8411
1544,6996
2721,7752
4074,4400
385,9218
7237,1110
1181,5839
9160,4103
2246,6604
1484,6431
9762,7434
8603,5150
8452,5782
4943,7857
1725,9699
8546,4268
2492,6357
3125,5607
1777,4909
7181,4034
8223,556
5048,8310
6287,5926
4718,7898
6577,21
690,4335
8670,1543
4486,7336
2297,4437
9886,8649
3204,3776
1166,8139
1134,2106
5869,8393
5066,8526
5690,698
955,14
2525,9611
9115,4615
7895,9688
3883,7747
6355,551
1476,6714
6846,1122
3069,7766
194,3471
6966,5778
9742,6765
2560,5597
5858,1997
591,209
9269,6187
664,2539
6105,7095
5652,9574
5703,6532
3447,2809
932,1389
3050,9609
1173,9055
8708,3484
4111,5847
5351,7436
9223,440
9495,9011
8856,1272
1125,9225
6547,4121
7482,6376
4112,1567
3471,9400
690,2531
4377,5388
7209,3747
8002,5879
3393,3699
5650,3180
568,6516
1805,6290
7821,2767
2517,160
2292,319
5040,1898
1398,3928
9429,6792
341,5608
1392,5408
8508,6936
421,8399
6725,5454
7233,7961
1317,1683
2396,3290
9570,8076
5866,1880
2948,4903
8353,4840
969,9396
5780,1305
435,5757
5038,3216
3868,7076
7019,5601
8618,3431
6112,2951
4461,8866
4155,6657
1044,3234
2181,394
4304,2049
6003,5714
9441,6083
3660,2670
9964,3308
1237,4504
5534,972
4488,4564
8922,7848
9507,6289
9134,8373
8381,8200
2692,7667
5251,2245
7428,6325
7905,7247
4103,5497
7772,7093
950,632
5467,1894
176,4971
4598,1965
5931,6407
3527,1496
978,8407
3038,7507
9277,8437
5728,4726
9231,709
5855,8552
6776,1838
5220,557
5610,54
6169,131
3496,5161
9123,9430
8490,9381
1325,5467
638,437
5904,5103
217,3079
5390,7036
1371,3580
4878,6772
2129,7164
2833,8317
4563,1588
2339,4090
8445,8749
7773,3810
8668,6586
3576,6352
5998,6414
6780,2662
5019,8327
6822,7118
8499,9355
4519,5646
7869,8461
4857,4487
7007,1420
6270,7882
3499,873
8129,1496
9894,3362
8973,517
1684,9520
652,6744
1775,4969
9991,114
1335,1171
5725,9128
6403,566
7535,3518
5093,2013
8568,6786
4364,6585
4409,9507
7539,5777
4098,8252
6919,4153
3981,9504
9925,830
8021,7395
1890,9596
4420,2179
7092,8700
5641,738
1901,2654
4968,1537
1065,7103
7308,6922
7757,1382
168,8554
8143,7712
9259,7913
9908,6486
689,3304
100,1689
2502,3685
3146,5754
6613,6478
3719,6615
9967,9440
2871,4277
7448,5642
5579,4007
7259,2323
3845,8361
2925,69
9059,4459
5231,6404
8210,2525
4557,9055
8451,6916
4355,5378
9355,7430
6463,8853
8453,4023
6754,3893
4754,5617
8481,4173
4369,7497
9864,8081
6825,2788
6349,2918
9826,4118
6114,4401
6580,8066
340,7387
4328,9923
2737,9421
8571,7173
6294,6686
5728,3761
1382,806
3012,7684
8823,2862
9981,6795
4167,4711
2972,9212
5964,627
7810,5300
3880,6803
5183,2553
3611,2558
3013,7659
3203,6427
7563,236
606,8172
7198,9048
8496,7927
9905,2211
3312,2818
9573,9262
3052,7673
9571,2358
6525,4367
6118,2121
9606,8415
2391,1525
8358,9214
9216,207
6253,2272
785,1133
8298,9011
6657,3025
5971,635
3100,2994
5630,2507
3883,6840
7788,3053
6658,7444
8198,4398
1122,154
223,3193
1951,7788
7081,8638
5356,2404
7923,6079
6577,8909
3664,9527
1839,9342
9091,4647
8874,2277
1894,8143
6773,8108
122,4997
7740,379
8761,21
8442,4218
39,517
8491,6640
7911,7027
6732,7149
3306,8861
7039,1040
5394,7437
5706,1734
5812,3263
654,9536
8524,9952
534,3087
6331,4726
5094,1023
283,6214
3122,7261
3443,8678
2800,5494
5045,3263
6214,9918
5765,2062
3261,8058
5301,1991
9896,3002
8587,9782
1213,3542
7172,3204
8113,2724
6929,4003
2275,5252
5343,7847
3806,136
4950,1872
5442,7426
5383,6007
2029,3212
8952,9589
578,6687
4924,123
6027,288
1867,6225
8443,6701
6641,4175
9228,4768
8466,3953
5671,5757
427,4218
8275,5166
5028,5097
8388,2761
4833,288
2372,2074
1000,8807
9168,7346
8333,3836
4569,5036
9816,3700
4779,5496
9032,1811
5274,2566
8145,1860
2455,6112
5345,7525
6627,2500
4209,7266
4859,2829
9879,3405
1361,6029
5159,7719
9275,1113
3626,5262
8740,3009
3223,834
5617,3210
3949,2453
9071,7418
7827,2367
9335,735
1462,4363
419,2957
4738,3186
5546,2578
8812,2098
855,4792
6140,8410
2728,2806
9816,9189
9746,1715
6747,7504
6914,8632
5988,7674
2334,8449
7211,6791
8650,6496
1614,6689
6743,8125
8746,8075
4678,9134
5525,8211
2682,8511
9368,3972
7995,7311
4170,3253
7862,1527
4424,9330
5297,9991
160,7749
4589,7918
4637,4000
7029,6437
5997,6633
5427,2489
9373,5666
5298,8132
2966,1028
5918,6375
1361,2505
5319,6
1286,4787
3092,5024
4562,3819
195,5561
4375,5545
6847,3925
6125,3053
6923,6084
7862,2665
6715,6453
2063,5211
5331,8840
5507,1754
1734,4339
5722,7436
9040,3264
862,6145
7087,3810
6542,2816
1180,4099
8907,8876
6856,8683
7439,3891
2465,4703
2606,1363
2068,6803
2453,2873
1788,701
8271,9128
4248,9336
4839,8562
7163,6241
8967,7637
8285,9778
4303,4709
1791,5721
1041,5842
1820,404
3576,8710
8203,2539
185,7837
3552,8073
7138,3921
7778,9481
9840,1905
823,3545
3564,5630
9996,1421
2597,5282
9249,323
2681,1997
2353,5183
9532,2413
2687,8179
4796,8681
3099,3260
107,9994
9188,8635
9275,7543
7528,6718
9336,5051
1895,6907
350,1829
2390,2824
2188,4412
8991,714
9360,2397
85,6553
3298,4771
8613,1292
7501,5137
2824,3190
9623,2270
1349,8636
1522,4094
4211,2433
8523,89
6732,6177
496,1707
5998,6374
8495,6215
6683,282
6281,584
912,3930
4389,1990
290,579
4241,4209
132,220
4627,4158
4757,6192
8413,2395
3207,2902
3007,1056
4938,335
3079,9811
2295,2747
5411,5528
217,8728
8295,3604
453,4504
1674,9964
746,7997
4091,2159
8819,9636
9153,8188
5786,1900
3359,401
7911,3569
9255,9074
1317,3354
4581,1874
4806,747
9980,3585
8045,3287
1278,5971
3065,4005
5157,1080
8529,814
5807,5229
5898,433
9350,958
2166,7955
9549,8502
295,1494
2486,1717
8241,5333
1744,1436
6686,3849
238,9064
4107,3435
8563,4793
2767,1671
7225,1486
379,9545
9474,3839
989,9494
2533,7127
5887,6410
8314,2667
2124,4825
8753,4507
8547,8164
7339,3477
9140,1995
5532,1504
9559,2809
9401,7291
4924,5024
1964,466
5212,1458
2806,2122
2047,857
5172,1995
6503,4867
2202,1047
5386,8158
6811,42
653,380
8939,5248
3563,4659
4796,2077
9477,8532
9396,5629
4403,2277
5040,8345
2185,4045
2306,9090
4660,9996
5957,1646
6692,9429
7409,4188
804,9385
5130,69
1380,4896
483,9649
5336,5526
10000,4851
2713,5185
8505,2387
2729,906
5178,6502
3716,7839
823,7851
514,8740
7805,6948
920,9666
2676,9519
5438,7149
1392,8016
5580,3109
6023,4862
2286,9385
6621,8231
6727,4290
6410,7808
2401,7492
6206,8620
1650,1900
1867,2936
234,8853
6832,6193
1897,4494
2134,275
3902,1424
4562,5296
5225,942
8971,7465
1154,9678
7526,8651
4627,9390
877,7689
3168,6436
8111,6753
1207,3111
3025,6494
5410,3412
8369,1594
9194,7245
971,4350
3125,2932
4724,2647
5312,6784
5284,6278
488,9226
5633,2693
6369,4743
9014,7633
8170,81
9490,4152
1592,36
5181,8000
526,3330
9958,642
8350,1764
455,7457
2634,2174
2778,8907
2995,7726
4981,2523
8963,4305
3632,6728
6629,1505
567,7949
3666,4734
2523,7382
743,6936
35,2020
7585,4390
8673,4157
4859,9463
4959,3523
9310,2579
7095,2927
2471,9452
8418,8810
2711,1894
7080,1592
2244,6592
486,6673
9708,3759
2302,6141
521,9638
3288,2187
4432,6579
9079,6495
516,3752
6454,4790
2952,6085
4496,3047
6737,9023
5487,807
2665,7583
9021,4665
3744,3609
7158,2416
8045,4695
1263,6018
5907,9682
1663,5948
1982,8653
8219,1500
5597,6382
7360,1039
5625,5561
6425,1351
8867,4954
513,3272
1853,2047
8098,6031
9982,7280
3564,2511
1785,7900
7969,714
8279,2209
9245,6457
3392,7591
7587,5080
7737,6554
5458,8529
5336,8707
7558,7491
5459,4658
6299,6863
9062,2777
3485,3934
1443,5480
9515,9218
3235,288
9241,3672
1899,3878
4004,6999
378,7863
6721,3656
9598,194
799,3457
5255,4327
7851,4464
6067,2954
4945,5680
1512,4387
3424,6075
2049,2069
2343,1229
4448,3176
5691,2704
1633,2774
8106,9865
2287,4767
5546,4638
8639,1050
9147,2435
7386,5496
3371,9360
2105,1462
3224,176
6601,9567
1536,6681
6957,6251
436,531
7699,761
5195,7670
7535,8340
7587,3284
6915,6517
6578,1840
7312,996
9306,186
3558,6860
5979,9849
9719,9067
1891,5379
6426,6866
1072,5644
8028,9343
6982,9032
560,5397
6940,335
3495,469
5809,9980
4075,3227
1276,8449
6565,5015
625,3451
4495,710
4623,1854
2387,9740
630,9773
7618,3584
7190,4376
6912,3349
7634,6082
5373,7169
9892,4445
6271,8748
4410,7428
9962,7350
9918,4805
6802,6180
2499,1034
1624,8137
1707,8499
1007,7662
453,1505
7586,8318
7044,9265
543,6000
1899,7507
7899,6609
3589,3526
9529,6269
8145,4338
9814,5610
6554,6577
1339,8033
5940,186
5205,3434
3906,7548
881,4292
2677,5124
1617,7678
9663,9019
7755,2324
4806,3791
8625,4409
3364,7004
8267,9949
5210,1527
8528,2251
6549,5031
4612,7090
1609,5488
603,862
5353,7277
1852,4626
2649,234
8144,7124
7419,5147
2906,4438
6885,2476
5809,6172
2484,7701
5544,5407
8890,2682
1470,3917
8258,3933
7345,3546
3685,5824
2766,4663
4196,9083
5203,6221
2757,1622
4870,1510
8092,4436
1566,3145
782,7804
7663,9568
8587,3189
8643,8359
8324,8557
9588,4899
9175,5958
246,7533
9132,8445
609,6042
2599,3113
76,9288
1950,8477
3061,7031
5829,9161
4029,7073
7125,8371
7232,1927
9051,9326
5794,1514
5068,2004
117,9427
9862,6550
1703,992
4690,1132
2313,5147
3766,5098
4874,4024
1959,4258
3633,1002
6347,3888
3722,9027
1484,1895
6263,5783
3241,1317
424,9740
5127,3749
1734,9856
9524,4593
1560,8614
2092,3201
8761,3662
7684,8100
4545,3600
7204,2010
6831,6693
2786,1629
5192,3394
8841,6218
6377,8498
3689,7887
5977,8975
5959,2498
6922,9069
2197,8763
6878,9811
4397,3791
597,3351
4022,859
1909,9924
2217,329
8275,4218
5934,3202
6061,4547
5487,7440
1114,2414
622,6623
153,2473
4370,527
6214,7967
2685,3272
4715,4476
809,763
8019,4265
8336,4705
5801,1289
9355,5587
4016,4607
1330,4884
7724,7113
4786,639
685,8397
6253,7848
1468,9838
4780,9826
461,9867
7711,1309
2436,3284
2484,5929
1349,4314
5302,3435
9619,6434
2013,2235
2906,8166
8979,6552
8137,1833
8615,8649
6662,6132
8763,6016
9829,9873
7559,7357
516,6339
464,445
3149,848
2227,1020
8943,2269
795,9038
326,7924
5427,6534
678,484
8182,945
6999,3285
3473,7906
6666,5927
633,7867
1194,9750
8569,4660
7646,1724
7524,6683
8667,5299
8009,8921
7766,2949
4645,7677
9622,4514
3106,9303
7688,5565
3900,7763
7612,8612
6868,4239
6285,218
1278,5403
9886,2578
4293,8205
4880,5562
255,6013
7600,4370
6731,8468
5757,311
9398,5996
8407,6481
6124,8451
259,2005
3916,9138
8299,2695
8373,8420
994,928
2940,1862
5941,4936
8992,5962
1101,9105
8452,1767
5570,3312
9915,4512
7817,8376
6243,9567
7869,2772
888,6878
4748,7120
1032,7922
7928,1637
1895,8965
8014,4767
1961,6270
1059,925
3932,3919
5002,5157
5753,6779
2307,9313
1535,3314
2637,8042
3295,1658
3868,1935
7047,2987
6022,2482
4182,8296
3575,4447
734,1045
868,6266
8727,9113
9452,2660
9455,1393
4619,9289
1888,8654
6408,2346
8586,5085
446,7282
1856,9553
9832,1223
4703,4559
1494,8222
5656,262
7820,2091
1150,761
2121,9572
1099,1178
2837,1745
2765,1812
8483,1683
5758,8069
6854,6974
3921,9974
2544,9108
5160,1193
7413,7711
2707,2654
4159,2266
754,2562
4539,8524
604,2004
1520,6227
3000,6213
8560,1785
4088,3244
5062,8581
8998,2755
1359,9777
7239,4849
7158,5492
7676,8549
6600,2187
8135,9820
7414,3992
4506,1487
5272,9895
731,1388
7726,7097
3651,2174
5394,5391
2086,8860
297,9653
9422,1004
1497,4088
8208,6354
741,8245
4320,4841
3587,336
8623,9020
7118,3646
5394,4465
4903,7503
8767,1986
1926,1243
3857,8170
9759,6952
8570,793
6944,8741
4136,7204
7350,4807
3408,44
4640,5853
1975,377
9051,4113
3984,4418
972,9694
9679,2124
9804,2697
1820,7165
1261,2589
5635,9052
2443,711
5305,2166
2014,4170
8761,9599
5292,4176
9868,9572
2747,911
9046,7641
